{
"type": "FeatureCollection",
"name": "Ecoregions2017",
"crs": { "type": "name", "properties": { "name": "urn:ogc:def:crs:OGC:1.3:CRS84" } },
"features": [
{ "type": "Feature", "properties": { "BIOME_NAME": "Deserts & Xeric Shrublands" }, "geometry": { "type": "MultiPolygon", "coordinates": [ [ [ [ 15.4, -21.9 ], [ 15.4, -22.0 ], [ 15.5, -22.1 ], [ 15.6, -22.0 ], [ 15.6, -21.9 ], [ 15.7, -22.0 ], [ 15.6, -22.2 ], [ 15.7, -22.3 ], [ 16.0, -22.3 ], [ 16.0, -22.5 ], [ 16.0, -22.6 ], [ 15.9, -22.6 ], [ 15.9, -22.7 ], [ 15.8, -22.7 ], [ 15.7, -22.8 ], [ 15.8, -22.8 ], [ 15.8, -23.0 ], [ 15.9, -23.1 ], [ 16.0, -23.2 ], [ 16.0, -23.3 ], [ 16.1, -23.5 ], [ 16.2, -23.4 ], [ 16.3, -23.4 ], [ 16.3, -23.3 ], [ 16.4, -23.2 ], [ 16.4, -23.1 ], [ 16.3, -23.0 ], [ 16.1, -22.9 ], [ 16.0, -22.7 ], [ 16.2, -22.5 ], [ 16.4, -22.4 ], [ 16.4, -22.2 ], [ 16.5, -22.3 ], [ 16.7, -22.1 ], [ 16.5, -22.0 ], [ 16.2, -22.0 ], [ 16.1, -21.9 ], [ 16.2, -21.7 ], [ 16.0, -21.4 ], [ 15.8, -21.2 ], [ 15.6, -21.0 ], [ 15.7, -21.0 ], [ 15.8, -20.9 ], [ 15.7, -20.7 ], [ 15.8, -20.6 ], [ 15.9, -20.5 ], [ 15.9, -20.4 ], [ 16.0, -20.3 ], [ 15.9, -20.2 ], [ 16.0, -20.2 ], [ 16.1, -20.2 ], [ 16.2, -20.1 ], [ 16.3, -20.1 ], [ 16.4, -20.0 ], [ 16.5, -20.0 ], [ 16.6, -20.0 ], [ 16.6, -19.8 ], [ 16.7, -19.8 ], [ 16.8, -19.8 ], [ 16.8, -19.7 ], [ 17.0, -19.7 ], [ 17.2, -19.6 ], [ 17.2, -19.8 ], [ 17.3, -19.8 ], [ 17.5, -19.7 ], [ 17.7, -19.8 ], [ 17.8, -19.8 ], [ 17.9, -19.7 ], [ 18.0, -19.7 ], [ 18.1, -19.7 ], [ 18.2, -19.7 ], [ 18.2, -19.8 ], [ 18.1, -19.8 ], [ 17.9, -19.8 ], [ 17.7, -19.9 ], [ 17.4, -20.1 ], [ 17.3, -20.2 ], [ 17.2, -20.3 ], [ 17.1, -20.4 ], [ 17.1, -20.5 ], [ 17.2, -20.5 ], [ 17.3, -20.5 ], [ 17.5, -20.4 ], [ 17.5, -20.3 ], [ 17.6, -20.3 ], [ 17.7, -20.3 ], [ 17.8, -20.2 ], [ 17.9, -20.2 ], [ 18.0, -20.3 ], [ 18.2, -20.4 ], [ 18.4, -20.5 ], [ 18.5, -20.6 ], [ 18.6, -20.6 ], [ 18.6, -20.7 ], [ 18.7, -20.9 ], [ 18.8, -21.0 ], [ 18.9, -21.1 ], [ 19.2, -21.2 ], [ 19.4, -21.4 ], [ 19.5, -21.4 ], [ 19.8, -21.5 ], [ 19.9, -21.5 ], [ 20.0, -21.5 ], [ 20.1, -21.4 ], [ 20.2, -21.5 ], [ 20.3, -21.5 ], [ 20.4, -21.6 ], [ 20.5, -21.6 ], [ 20.6, -21.6 ], [ 20.7, -21.6 ], [ 20.8, -21.7 ], [ 20.9, -21.7 ], [ 21.0, -21.7 ], [ 21.1, -21.7 ], [ 21.2, -21.7 ], [ 21.2, -21.6 ], [ 21.3, -21.6 ], [ 21.4, -21.6 ], [ 21.5, -21.5 ], [ 21.6, -21.5 ], [ 21.7, -21.4 ], [ 21.8, -21.4 ], [ 21.8, -21.3 ], [ 21.9, -21.3 ], [ 22.0, -21.3 ], [ 22.0, -21.2 ], [ 22.1, -21.2 ], [ 22.1, -21.1 ], [ 22.2, -21.1 ], [ 22.2, -21.0 ], [ 22.2, -20.9 ], [ 22.3, -20.9 ], [ 22.3, -20.8 ], [ 22.3, -20.7 ], [ 22.4, -20.7 ], [ 22.4, -20.6 ], [ 22.5, -20.6 ], [ 22.6, -20.6 ], [ 22.7, -20.5 ], [ 22.8, -20.5 ], [ 22.8, -20.4 ], [ 22.9, -20.4 ], [ 23.0, -20.4 ], [ 23.0, -20.3 ], [ 23.1, -20.3 ], [ 23.2, -20.3 ], [ 23.2, -20.2 ], [ 23.3, -20.2 ], [ 23.4, -20.2 ], [ 23.5, -20.2 ], [ 23.6, -20.2 ], [ 23.7, -20.2 ], [ 23.8, -20.2 ], [ 23.8, -20.3 ], [ 23.9, -20.3 ], [ 23.9, -20.2 ], [ 23.9, -20.1 ], [ 23.8, -20.1 ], [ 23.7, -20.1 ], [ 23.6, -20.1 ], [ 23.5, -20.1 ], [ 23.5, -20.0 ], [ 23.6, -20.0 ], [ 23.6, -19.9 ], [ 23.7, -19.8 ], [ 23.8, -19.7 ], [ 23.8, -19.6 ], [ 23.9, -19.6 ], [ 23.9, -19.5 ], [ 23.9, -19.4 ], [ 23.9, -19.3 ], [ 24.0, -19.2 ], [ 24.1, -19.2 ], [ 24.1, -19.1 ], [ 24.2, -19.1 ], [ 24.3, -19.1 ], [ 24.3, -19.0 ], [ 24.4, -19.0 ], [ 24.4, -18.9 ], [ 24.5, -18.9 ], [ 24.6, -18.9 ], [ 24.6, -18.8 ], [ 24.5, -18.8 ], [ 24.5, -18.7 ], [ 24.6, -18.7 ], [ 24.6, -18.6 ], [ 24.7, -18.6 ], [ 24.7, -18.7 ], [ 24.8, -18.7 ], [ 24.8, -18.8 ], [ 24.9, -18.8 ], [ 24.9, -18.9 ], [ 25.0, -18.9 ], [ 25.1, -18.9 ], [ 25.2, -18.8 ], [ 25.3, -18.8 ], [ 25.4, -18.8 ], [ 25.4, -18.9 ], [ 25.5, -18.9 ], [ 25.6, -18.9 ], [ 25.7, -18.9 ], [ 25.8, -18.9 ], [ 25.8, -18.8 ], [ 26.4, -19.4 ], [ 26.1, -19.5 ], [ 26.0, -19.5 ], [ 25.9, -19.5 ], [ 25.8, -19.5 ], [ 25.7, -19.5 ], [ 25.7, -19.6 ], [ 25.6, -19.6 ], [ 25.5, -19.6 ], [ 25.4, -19.6 ], [ 25.3, -19.6 ], [ 25.3, -19.5 ], [ 25.2, -19.5 ], [ 25.1, -19.5 ], [ 25.1, -19.6 ], [ 25.0, -19.6 ], [ 25.0, -19.5 ], [ 24.9, -19.5 ], [ 24.8, -19.4 ], [ 24.7, -19.4 ], [ 24.7, -19.5 ], [ 24.6, -19.4 ], [ 24.6, -19.3 ], [ 24.5, -19.3 ], [ 24.4, -19.3 ], [ 24.4, -19.4 ], [ 24.3, -19.4 ], [ 24.3, -19.5 ], [ 24.3, -19.6 ], [ 24.3, -19.7 ], [ 24.3, -19.8 ], [ 24.2, -19.8 ], [ 24.2, -19.9 ], [ 24.3, -19.9 ], [ 24.4, -19.9 ], [ 24.5, -19.9 ], [ 24.5, -20.0 ], [ 24.6, -20.0 ], [ 24.6, -20.1 ], [ 24.6, -20.2 ], [ 24.7, -20.2 ], [ 24.7, -20.3 ], [ 24.8, -20.3 ], [ 24.8, -20.4 ], [ 24.8, -20.5 ], [ 24.9, -20.5 ], [ 24.9, -20.6 ], [ 24.8, -20.7 ], [ 24.7, -20.7 ], [ 24.6, -20.7 ], [ 24.6, -20.8 ], [ 24.6, -20.9 ], [ 24.5, -20.9 ], [ 24.4, -20.9 ], [ 24.3, -20.9 ], [ 24.3, -21.0 ], [ 24.4, -21.0 ], [ 24.4, -21.1 ], [ 24.4, -21.2 ], [ 24.5, -21.2 ], [ 24.5, -21.3 ], [ 24.5, -21.4 ], [ 24.5, -21.5 ], [ 24.6, -21.5 ], [ 24.6, -21.4 ], [ 24.7, -21.4 ], [ 24.8, -21.4 ], [ 24.9, -21.4 ], [ 25.0, -21.4 ], [ 25.1, -21.4 ], [ 25.2, -21.5 ], [ 25.3, -21.5 ], [ 25.4, -21.5 ], [ 25.5, -21.5 ], [ 25.6, -21.5 ], [ 25.6, -21.4 ], [ 25.7, -21.4 ], [ 25.8, -21.4 ], [ 25.8, -21.5 ], [ 25.9, -21.5 ], [ 25.9, -21.4 ], [ 26.0, -21.4 ], [ 26.1, -21.4 ], [ 26.2, -21.4 ], [ 26.3, -21.4 ], [ 26.3, -21.5 ], [ 26.4, -21.5 ], [ 26.4, -21.6 ], [ 26.4, -21.7 ], [ 26.4, -21.8 ], [ 26.3, -21.8 ], [ 26.3, -21.9 ], [ 26.4, -21.9 ], [ 26.4, -22.0 ], [ 26.5, -22.0 ], [ 26.5, -22.1 ], [ 26.6, -22.1 ], [ 26.7, -22.1 ], [ 26.8, -22.1 ], [ 26.8, -22.2 ], [ 26.8, -22.3 ], [ 26.7, -22.3 ], [ 26.7, -22.4 ], [ 26.6, -22.4 ], [ 26.5, -22.4 ], [ 26.5, -22.5 ], [ 26.4, -22.5 ], [ 26.3, -22.5 ], [ 26.3, -22.6 ], [ 26.3, -22.7 ], [ 26.3, -22.8 ], [ 26.2, -22.8 ], [ 26.1, -22.8 ], [ 26.1, -22.9 ], [ 26.0, -22.9 ], [ 26.0, -23.0 ], [ 26.1, -23.0 ], [ 26.1, -23.1 ], [ 26.1, -23.2 ], [ 26.0, -23.2 ], [ 26.0, -23.1 ], [ 25.9, -23.1 ], [ 25.9, -23.2 ], [ 25.8, -23.2 ], [ 25.8, -23.3 ], [ 25.7, -23.3 ], [ 25.7, -23.4 ], [ 25.6, -23.4 ], [ 25.6, -23.5 ], [ 25.7, -23.5 ], [ 25.8, -23.5 ], [ 25.8, -23.6 ], [ 25.9, -23.6 ], [ 26.0, -23.6 ], [ 26.1, -23.6 ], [ 26.1, -23.7 ], [ 26.1, -23.8 ], [ 26.0, -23.9 ], [ 25.9, -23.9 ], [ 25.8, -23.9 ], [ 25.8, -24.0 ], [ 25.7, -24.0 ], [ 25.7, -24.1 ], [ 25.6, -24.1 ], [ 25.5, -24.1 ], [ 25.5, -24.2 ], [ 25.5, -24.3 ], [ 25.5, -24.4 ], [ 25.4, -24.4 ], [ 25.3, -24.4 ], [ 25.3, -24.5 ], [ 25.3, -24.6 ], [ 25.2, -24.6 ], [ 25.2, -24.7 ], [ 25.1, -24.7 ], [ 25.1, -24.8 ], [ 25.0, -24.8 ], [ 25.0, -24.7 ], [ 24.9, -24.7 ], [ 24.9, -24.8 ], [ 24.8, -24.8 ], [ 24.8, -24.7 ], [ 24.7, -24.7 ], [ 24.6, -24.7 ], [ 24.5, -24.7 ], [ 24.4, -24.7 ], [ 24.4, -24.8 ], [ 24.5, -24.8 ], [ 24.6, -24.8 ], [ 24.6, -24.9 ], [ 24.6, -25.0 ], [ 24.7, -25.0 ], [ 24.8, -25.0 ], [ 24.8, -25.1 ], [ 24.7, -25.1 ], [ 24.6, -25.1 ], [ 24.6, -25.2 ], [ 24.7, -25.2 ], [ 24.7, -25.3 ], [ 24.7, -25.4 ], [ 24.8, -25.4 ], [ 24.9, -25.4 ], [ 24.9, -25.5 ], [ 25.0, -25.5 ], [ 25.0, -25.6 ], [ 25.1, -25.6 ], [ 25.1, -25.7 ], [ 25.2, -25.7 ], [ 25.2, -25.8 ], [ 25.3, -25.8 ], [ 25.4, -25.8 ], [ 25.4, -25.7 ], [ 25.5, -25.7 ], [ 25.6, -25.7 ], [ 25.6, -25.6 ], [ 25.6, -25.5 ], [ 25.7, -25.5 ], [ 25.7, -25.6 ], [ 25.8, -25.6 ], [ 25.9, -25.6 ], [ 25.9, -25.7 ], [ 25.8, -25.7 ], [ 25.7, -25.7 ], [ 25.7, -25.8 ], [ 25.6, -25.8 ], [ 25.6, -25.9 ], [ 25.5, -25.9 ], [ 25.4, -25.9 ], [ 25.4, -26.0 ], [ 25.5, -26.0 ], [ 25.4, -26.1 ], [ 25.3, -26.1 ], [ 25.3, -26.2 ], [ 25.3, -26.3 ], [ 25.3, -26.4 ], [ 25.3, -26.5 ], [ 25.2, -26.5 ], [ 25.1, -26.5 ], [ 25.1, -26.6 ], [ 25.2, -26.6 ], [ 25.2, -26.7 ], [ 25.2, -26.8 ], [ 25.1, -26.8 ], [ 25.1, -26.9 ], [ 25.2, -26.9 ], [ 25.2, -27.0 ], [ 25.2, -27.1 ], [ 25.3, -27.1 ], [ 25.4, -27.1 ], [ 25.5, -27.1 ], [ 25.5, -27.2 ], [ 25.5, -27.3 ], [ 25.5, -27.4 ], [ 25.6, -27.4 ], [ 25.6, -27.3 ], [ 25.6, -27.2 ], [ 25.7, -27.2 ], [ 25.7, -27.3 ], [ 25.8, -27.3 ], [ 25.8, -27.4 ], [ 25.8, -27.5 ], [ 25.7, -27.5 ], [ 25.7, -27.6 ], [ 25.8, -27.6 ], [ 25.9, -27.6 ], [ 26.0, -27.6 ], [ 26.0, -27.7 ], [ 26.1, -27.7 ], [ 26.1, -27.6 ], [ 26.2, -27.6 ], [ 26.2, -27.7 ], [ 26.2, -27.8 ], [ 26.2, -27.9 ], [ 26.1, -27.9 ], [ 26.0, -27.9 ], [ 26.0, -28.0 ], [ 25.9, -28.0 ], [ 25.8, -28.0 ], [ 25.7, -28.0 ], [ 25.6, -28.0 ], [ 25.6, -28.1 ], [ 25.6, -28.2 ], [ 25.6, -28.3 ], [ 25.5, -28.3 ], [ 25.4, -28.3 ], [ 25.3, -28.3 ], [ 25.3, -28.4 ], [ 25.2, -28.4 ], [ 25.2, -28.5 ], [ 25.3, -28.5 ], [ 25.3, -28.6 ], [ 25.3, -28.7 ], [ 25.4, -28.7 ], [ 25.4, -28.8 ], [ 25.4, -28.9 ], [ 25.5, -28.9 ], [ 25.5, -29.0 ], [ 25.5, -29.1 ], [ 25.5, -29.2 ], [ 25.5, -29.3 ], [ 25.5, -29.4 ], [ 25.6, -29.4 ], [ 25.6, -29.5 ], [ 25.5, -29.5 ], [ 25.4, -29.5 ], [ 25.3, -29.5 ], [ 25.2, -29.5 ], [ 25.2, -29.6 ], [ 25.3, -29.6 ], [ 25.3, -29.7 ], [ 25.2, -29.7 ], [ 25.1, -29.7 ], [ 25.1, -29.8 ], [ 25.0, -29.8 ], [ 24.9, -29.8 ], [ 24.8, -29.8 ], [ 24.8, -29.9 ], [ 24.8, -30.0 ], [ 24.7, -30.0 ], [ 24.7, -29.9 ], [ 24.6, -29.9 ], [ 24.6, -29.8 ], [ 24.5, -29.8 ], [ 24.5, -29.7 ], [ 24.4, -29.7 ], [ 24.4, -29.8 ], [ 24.4, -29.9 ], [ 24.4, -30.0 ], [ 24.5, -30.0 ], [ 24.6, -30.0 ], [ 24.6, -30.1 ], [ 24.7, -30.1 ], [ 24.7, -30.2 ], [ 24.8, -30.2 ], [ 24.8, -30.3 ], [ 24.7, -30.3 ], [ 24.6, -30.3 ], [ 24.6, -30.4 ], [ 24.7, -30.4 ], [ 24.7, -30.5 ], [ 24.7, -30.6 ], [ 24.6, -30.6 ], [ 24.6, -30.7 ], [ 24.7, -30.7 ], [ 24.8, -30.7 ], [ 24.8, -30.6 ], [ 24.9, -30.6 ], [ 25.0, -30.6 ], [ 25.0, -30.5 ], [ 24.9, -30.5 ], [ 24.9, -30.4 ], [ 25.0, -30.4 ], [ 25.1, -30.4 ], [ 25.1, -30.5 ], [ 25.2, -30.5 ], [ 25.2, -30.6 ], [ 25.2, -30.7 ], [ 25.3, -30.7 ], [ 25.4, -30.7 ], [ 25.5, -30.7 ], [ 25.5, -30.6 ], [ 25.6, -30.6 ], [ 25.6, -30.7 ], [ 25.7, -30.6 ], [ 25.7, -30.7 ], [ 25.8, -30.7 ], [ 25.8, -30.6 ], [ 25.9, -30.6 ], [ 26.0, -30.5 ], [ 26.0, -30.6 ], [ 26.1, -30.6 ], [ 26.2, -30.6 ], [ 26.3, -30.6 ], [ 26.4, -30.6 ], [ 26.5, -30.6 ], [ 26.6, -30.6 ], [ 26.7, -30.6 ], [ 26.7, -30.7 ], [ 26.6, -30.7 ], [ 26.5, -30.7 ], [ 26.4, -30.7 ], [ 26.4, -30.8 ], [ 26.4, -30.9 ], [ 26.4, -31.0 ], [ 26.3, -31.0 ], [ 26.3, -31.1 ], [ 26.3, -31.2 ], [ 26.3, -31.3 ], [ 26.2, -31.3 ], [ 26.1, -31.3 ], [ 26.1, -31.4 ], [ 26.0, -31.4 ], [ 26.0, -31.5 ], [ 26.1, -31.5 ], [ 26.1, -31.6 ], [ 26.0, -31.6 ], [ 26.0, -31.7 ], [ 25.9, -31.7 ], [ 25.9, -31.8 ], [ 26.0, -31.8 ], [ 26.1, -31.8 ], [ 26.1, -31.9 ], [ 26.0, -31.9 ], [ 26.0, -32.0 ], [ 26.0, -32.1 ], [ 25.9, -32.1 ], [ 25.9, -32.0 ], [ 25.8, -32.0 ], [ 25.8, -31.9 ], [ 25.7, -31.9 ], [ 25.7, -32.0 ], [ 25.7, -32.1 ], [ 25.6, -32.1 ], [ 25.6, -32.0 ], [ 25.5, -32.0 ], [ 25.5, -32.1 ], [ 25.4, -32.1 ], [ 25.3, -32.1 ], [ 25.2, -32.1 ], [ 25.2, -32.2 ], [ 25.1, -32.2 ], [ 25.0, -32.2 ], [ 25.0, -32.1 ], [ 25.0, -32.0 ], [ 24.9, -32.0 ], [ 24.9, -31.9 ], [ 24.9, -31.8 ], [ 24.8, -31.8 ], [ 24.7, -31.8 ], [ 24.7, -31.9 ], [ 24.6, -31.9 ], [ 24.5, -31.9 ], [ 24.5, -32.0 ], [ 24.5, -32.1 ], [ 24.6, -32.1 ], [ 24.6, -32.2 ], [ 24.7, -32.2 ], [ 24.7, -32.3 ], [ 24.8, -32.3 ], [ 24.9, -32.3 ], [ 25.0, -32.3 ], [ 25.0, -32.4 ], [ 25.1, -32.4 ], [ 25.2, -32.4 ], [ 25.2, -32.5 ], [ 25.3, -32.5 ], [ 25.3, -32.6 ], [ 25.4, -32.6 ], [ 25.4, -32.7 ], [ 25.3, -32.7 ], [ 25.3, -32.8 ], [ 25.4, -32.8 ], [ 25.4, -32.9 ], [ 25.3, -32.9 ], [ 25.2, -32.9 ], [ 25.2, -32.8 ], [ 25.1, -32.8 ], [ 25.1, -32.9 ], [ 25.0, -32.9 ], [ 25.0, -32.8 ], [ 24.9, -32.8 ], [ 24.8, -32.8 ], [ 24.8, -32.7 ], [ 24.7, -32.7 ], [ 24.7, -32.8 ], [ 24.7, -32.9 ], [ 24.6, -32.9 ], [ 24.5, -32.9 ], [ 24.5, -33.0 ], [ 24.4, -33.0 ], [ 24.3, -33.0 ], [ 24.3, -33.1 ], [ 24.4, -33.1 ], [ 24.4, -33.2 ], [ 24.4, -33.3 ], [ 24.5, -33.3 ], [ 24.5, -33.4 ], [ 24.5, -33.5 ], [ 24.4, -33.5 ], [ 24.4, -33.6 ], [ 24.3, -33.6 ], [ 24.3, -33.5 ], [ 24.2, -33.5 ], [ 24.1, -33.5 ], [ 24.0, -33.5 ], [ 23.9, -33.5 ], [ 23.9, -33.4 ], [ 23.8, -33.4 ], [ 23.7, -33.4 ], [ 23.7, -33.3 ], [ 23.6, -33.3 ], [ 23.5, -33.3 ], [ 23.4, -33.3 ], [ 23.4, -33.2 ], [ 23.3, -33.2 ], [ 23.2, -33.2 ], [ 23.2, -33.3 ], [ 23.2, -33.4 ], [ 23.3, -33.4 ], [ 23.3, -33.5 ], [ 23.2, -33.5 ], [ 23.1, -33.5 ], [ 23.1, -33.6 ], [ 23.0, -33.6 ], [ 22.9, -33.6 ], [ 22.8, -33.6 ], [ 22.7, -33.6 ], [ 22.6, -33.6 ], [ 22.5, -33.6 ], [ 22.5, -33.7 ], [ 22.4, -33.7 ], [ 22.4, -33.8 ], [ 22.3, -33.8 ], [ 22.2, -33.8 ], [ 22.1, -33.8 ], [ 22.1, -33.7 ], [ 22.1, -33.6 ], [ 22.2, -33.6 ], [ 22.2, -33.5 ], [ 22.3, -33.5 ], [ 22.3, -33.6 ], [ 22.4, -33.6 ], [ 22.4, -33.5 ], [ 22.5, -33.5 ], [ 22.6, -33.5 ], [ 22.7, -33.5 ], [ 22.8, -33.5 ], [ 22.9, -33.5 ], [ 23.0, -33.5 ], [ 23.0, -33.4 ], [ 22.9, -33.4 ], [ 22.8, -33.4 ], [ 22.7, -33.4 ], [ 22.6, -33.4 ], [ 22.5, -33.4 ], [ 22.5, -33.3 ], [ 22.5, -33.2 ], [ 22.4, -33.2 ], [ 22.3, -33.2 ], [ 22.2, -33.2 ], [ 22.1, -33.2 ], [ 22.1, -33.3 ], [ 22.0, -33.3 ], [ 22.0, -33.2 ], [ 21.9, -33.2 ], [ 21.8, -33.2 ], [ 21.8, -33.3 ], [ 21.7, -33.4 ], [ 21.6, -33.4 ], [ 21.7, -33.3 ], [ 21.6, -33.3 ], [ 21.6, -33.2 ], [ 21.5, -33.2 ], [ 21.5, -33.3 ], [ 21.4, -33.3 ], [ 21.3, -33.3 ], [ 21.2, -33.3 ], [ 21.1, -33.3 ], [ 21.0, -33.3 ], [ 21.0, -33.4 ], [ 20.9, -33.4 ], [ 20.9, -33.5 ], [ 20.9, -33.6 ], [ 21.0, -33.6 ], [ 21.0, -33.5 ], [ 21.1, -33.5 ], [ 21.2, -33.5 ], [ 21.3, -33.5 ], [ 21.4, -33.5 ], [ 21.5, -33.5 ], [ 21.5, -33.6 ], [ 21.4, -33.6 ], [ 21.3, -33.6 ], [ 21.3, -33.7 ], [ 21.4, -33.7 ], [ 21.5, -33.7 ], [ 21.6, -33.7 ], [ 21.7, -33.7 ], [ 21.7, -33.8 ], [ 21.7, -33.9 ], [ 21.6, -33.9 ], [ 21.5, -33.9 ], [ 21.4, -33.9 ], [ 21.3, -33.9 ], [ 21.2, -33.9 ], [ 21.1, -33.9 ], [ 21.0, -33.9 ], [ 20.9, -33.9 ], [ 20.8, -33.9 ], [ 20.8, -33.8 ], [ 20.7, -33.8 ], [ 20.6, -33.8 ], [ 20.5, -33.8 ], [ 20.5, -33.7 ], [ 20.4, -33.7 ], [ 20.3, -33.7 ], [ 20.3, -33.6 ], [ 20.2, -33.6 ], [ 20.2, -33.5 ], [ 20.2, -33.4 ], [ 20.3, -33.4 ], [ 20.4, -33.4 ], [ 20.4, -33.5 ], [ 20.5, -33.5 ], [ 20.5, -33.6 ], [ 20.6, -33.6 ], [ 20.7, -33.6 ], [ 20.7, -33.5 ], [ 20.7, -33.4 ], [ 20.6, -33.4 ], [ 20.6, -33.3 ], [ 20.5, -33.3 ], [ 20.5, -33.2 ], [ 20.4, -33.2 ], [ 20.3, -33.2 ], [ 20.3, -33.1 ], [ 20.2, -33.1 ], [ 20.2, -33.2 ], [ 20.1, -33.2 ], [ 20.1, -33.1 ], [ 20.0, -33.1 ], [ 20.0, -33.2 ], [ 19.9, -33.2 ], [ 19.8, -33.2 ], [ 19.7, -33.2 ], [ 19.7, -33.1 ], [ 19.7, -33.0 ], [ 19.7, -32.9 ], [ 19.7, -32.8 ], [ 19.6, -32.8 ], [ 19.6, -32.7 ], [ 19.5, -32.7 ], [ 19.5, -32.6 ], [ 19.4, -32.6 ], [ 19.4, -32.5 ], [ 19.4, -32.4 ], [ 19.4, -32.3 ], [ 19.3, -32.3 ], [ 19.2, -32.3 ], [ 19.2, -32.2 ], [ 19.2, -32.1 ], [ 19.2, -32.0 ], [ 19.1, -32.0 ], [ 19.1, -31.9 ], [ 19.2, -31.9 ], [ 19.2, -31.8 ], [ 19.2, -31.7 ], [ 19.2, -31.6 ], [ 19.2, -31.5 ], [ 19.2, -31.4 ], [ 19.2, -31.3 ], [ 19.1, -31.3 ], [ 19.1, -31.2 ], [ 19.0, -31.2 ], [ 19.0, -31.3 ], [ 19.0, -31.4 ], [ 19.0, -31.5 ], [ 19.0, -31.6 ], [ 19.0, -31.7 ], [ 18.9, -31.7 ], [ 18.8, -31.7 ], [ 18.7, -31.7 ], [ 18.7, -31.8 ], [ 18.7, -31.9 ], [ 18.6, -31.9 ], [ 18.6, -31.8 ], [ 18.5, -31.8 ], [ 18.5, -31.7 ], [ 18.4, -31.7 ], [ 18.4, -31.6 ], [ 18.3, -31.6 ], [ 18.3, -31.7 ], [ 18.3, -31.8 ], [ 18.2, -31.8 ], [ 18.2, -31.7 ], [ 18.1, -31.7 ], [ 18.2, -31.6 ], [ 18.1, -31.6 ], [ 18.1, -31.5 ], [ 18.0, -31.5 ], [ 18.0, -31.4 ], [ 17.9, -31.4 ], [ 17.9, -31.3 ], [ 17.9, -31.2 ], [ 17.8, -31.2 ], [ 17.8, -31.1 ], [ 17.7, -31.1 ], [ 17.7, -31.0 ], [ 17.6, -31.0 ], [ 17.6, -30.9 ], [ 17.6, -30.8 ], [ 17.5, -30.8 ], [ 17.5, -30.7 ], [ 17.5, -30.6 ], [ 17.4, -30.6 ], [ 17.4, -30.5 ], [ 17.3, -30.4 ], [ 17.3, -30.3 ], [ 17.3, -30.2 ], [ 17.2, -30.2 ], [ 17.2, -30.1 ], [ 17.2, -30.0 ], [ 17.1, -30.0 ], [ 17.1, -29.9 ], [ 17.1, -29.8 ], [ 17.1, -29.7 ], [ 17.0, -29.7 ], [ 17.0, -29.6 ], [ 17.0, -29.5 ], [ 17.0, -29.4 ], [ 16.9, -29.4 ], [ 16.9, -29.3 ], [ 16.9, -29.2 ], [ 16.8, -29.2 ], [ 16.8, -29.1 ], [ 16.8, -29.0 ], [ 16.7, -29.0 ], [ 16.7, -28.9 ], [ 16.6, -28.9 ], [ 16.6, -28.8 ], [ 16.6, -28.7 ], [ 16.5, -28.7 ], [ 16.5, -28.6 ], [ 16.4, -28.6 ], [ 16.3, -28.5 ], [ 16.2, -28.4 ], [ 16.1, -28.4 ], [ 16.1, -28.3 ], [ 16.0, -28.2 ], [ 15.9, -28.2 ], [ 15.9, -28.1 ], [ 15.8, -28.1 ], [ 15.8, -28.0 ], [ 15.7, -27.9 ], [ 15.6, -27.8 ], [ 15.6, -27.7 ], [ 15.5, -27.7 ], [ 15.5, -27.6 ], [ 15.4, -27.5 ], [ 15.4, -27.4 ], [ 15.3, -27.4 ], [ 15.3, -27.3 ], [ 15.3, -27.2 ], [ 15.3, -27.1 ], [ 15.2, -27.1 ], [ 15.2, -27.0 ], [ 15.2, -26.9 ], [ 15.1, -26.9 ], [ 15.1, -26.8 ], [ 15.1, -26.7 ], [ 15.2, -26.7 ], [ 15.2, -26.6 ], [ 15.1, -26.6 ], [ 15.1, -26.5 ], [ 15.1, -26.4 ], [ 15.0, -26.4 ], [ 15.0, -26.3 ], [ 15.0, -26.2 ], [ 14.9, -26.1 ], [ 15.0, -26.1 ], [ 15.0, -26.0 ], [ 14.9, -25.9 ], [ 14.9, -25.8 ], [ 14.8, -25.7 ], [ 14.8, -25.6 ], [ 14.9, -25.6 ], [ 14.9, -25.5 ], [ 14.8, -25.4 ], [ 14.8, -25.3 ], [ 14.8, -25.2 ], [ 14.9, -25.1 ], [ 14.9, -25.0 ], [ 14.8, -25.0 ], [ 14.8, -24.9 ], [ 14.8, -24.8 ], [ 14.7, -24.7 ], [ 14.7, -24.6 ], [ 14.6, -24.6 ], [ 14.6, -24.5 ], [ 14.6, -24.4 ], [ 14.5, -24.3 ], [ 14.5, -24.2 ], [ 14.5, -24.1 ], [ 14.5, -24.0 ], [ 14.5, -23.9 ], [ 14.5, -23.8 ], [ 14.5, -23.7 ], [ 14.5, -23.6 ], [ 14.4, -23.4 ], [ 14.5, -23.4 ], [ 14.5, -23.3 ], [ 14.4, -23.1 ], [ 14.4, -23.0 ], [ 14.5, -23.0 ], [ 14.5, -22.9 ], [ 14.5, -22.8 ], [ 14.5, -22.7 ], [ 14.5, -22.6 ], [ 14.5, -22.5 ], [ 14.5, -22.4 ], [ 14.4, -22.4 ], [ 14.4, -22.3 ], [ 14.4, -22.2 ], [ 14.3, -22.2 ], [ 14.3, -22.1 ], [ 14.2, -22.0 ], [ 14.1, -21.9 ], [ 14.1, -21.8 ], [ 14.0, -21.8 ], [ 14.0, -21.7 ], [ 13.9, -21.6 ], [ 13.9, -21.5 ], [ 13.8, -21.5 ], [ 13.8, -21.4 ], [ 13.7, -21.4 ], [ 13.7, -21.3 ], [ 13.7, -21.2 ], [ 13.6, -21.2 ], [ 13.6, -21.1 ], [ 13.5, -21.0 ], [ 13.5, -20.9 ], [ 13.4, -20.9 ], [ 13.4, -20.8 ], [ 13.4, -20.7 ], [ 13.3, -20.7 ], [ 13.3, -20.6 ], [ 13.3, -20.5 ], [ 13.2, -20.5 ], [ 13.2, -20.4 ], [ 13.2, -20.3 ], [ 13.2, -20.2 ], [ 13.1, -20.2 ], [ 13.1, -20.1 ], [ 13.0, -20.1 ], [ 13.0, -20.0 ], [ 13.0, -19.9 ], [ 12.9, -19.8 ], [ 12.9, -19.7 ], [ 12.9, -19.6 ], [ 12.8, -19.6 ], [ 12.8, -19.5 ], [ 12.7, -19.5 ], [ 12.7, -19.4 ], [ 12.7, -19.3 ], [ 12.7, -19.2 ], [ 12.6, -19.2 ], [ 12.6, -19.1 ], [ 12.5, -19.1 ], [ 12.5, -19.0 ], [ 12.5, -18.9 ], [ 12.4, -18.9 ], [ 12.4, -18.8 ], [ 12.3, -18.8 ], [ 12.3, -18.7 ], [ 12.2, -18.7 ], [ 12.2, -18.6 ], [ 12.1, -18.6 ], [ 12.1, -18.5 ], [ 12.0, -18.5 ], [ 12.0, -18.4 ], [ 12.0, -18.3 ], [ 11.9, -18.2 ], [ 11.9, -18.1 ], [ 11.8, -18.1 ], [ 11.8, -18.0 ], [ 11.8, -17.9 ], [ 11.8, -17.8 ], [ 11.8, -17.7 ], [ 11.8, -17.6 ], [ 11.7, -17.6 ], [ 11.7, -17.5 ], [ 11.7, -17.4 ], [ 11.8, -17.4 ], [ 11.8, -17.3 ], [ 11.8, -17.2 ], [ 11.8, -17.1 ], [ 11.8, -17.0 ], [ 11.8, -16.9 ], [ 11.8, -16.8 ], [ 11.8, -16.7 ], [ 11.8, -16.6 ], [ 11.8, -16.5 ], [ 11.8, -16.4 ], [ 11.8, -16.3 ], [ 11.8, -16.2 ], [ 11.8, -16.1 ], [ 11.8, -16.0 ], [ 11.8, -15.9 ], [ 11.7, -15.9 ], [ 11.7, -15.8 ], [ 11.8, -15.8 ], [ 11.9, -15.8 ], [ 11.9, -15.7 ], [ 12.0, -15.7 ], [ 12.0, -15.6 ], [ 12.0, -15.5 ], [ 12.0, -15.4 ], [ 12.1, -15.3 ], [ 12.1, -15.2 ], [ 12.2, -15.2 ], [ 12.1, -15.1 ], [ 12.1, -15.0 ], [ 12.2, -15.0 ], [ 12.2, -14.9 ], [ 12.2, -14.8 ], [ 12.3, -14.8 ], [ 12.3, -14.7 ], [ 12.3, -14.6 ], [ 12.3, -14.5 ], [ 12.3, -14.4 ], [ 12.4, -14.4 ], [ 12.4, -14.3 ], [ 12.4, -14.2 ], [ 12.4, -14.1 ], [ 12.4, -14.0 ], [ 12.4, -13.9 ], [ 12.5, -13.9 ], [ 12.5, -13.8 ], [ 12.5, -13.7 ], [ 12.5, -13.6 ], [ 12.6, -13.6 ], [ 12.6, -13.5 ], [ 12.5, -13.5 ], [ 12.5, -13.4 ], [ 12.6, -13.4 ], [ 12.6, -13.3 ], [ 12.7, -13.3 ], [ 12.7, -13.2 ], [ 12.8, -13.2 ], [ 12.8, -13.1 ], [ 12.9, -13.1 ], [ 12.9, -13.0 ], [ 13.0, -13.0 ], [ 13.0, -12.9 ], [ 12.9, -12.9 ], [ 12.9, -12.8 ], [ 13.0, -12.8 ], [ 13.0, -12.7 ], [ 13.1, -12.7 ], [ 13.1, -12.6 ], [ 13.2, -12.6 ], [ 13.3, -12.6 ], [ 13.4, -12.6 ], [ 13.4, -12.5 ], [ 13.5, -12.5 ], [ 13.5, -12.4 ], [ 13.6, -12.4 ], [ 13.6, -12.3 ], [ 13.6, -12.2 ], [ 13.7, -12.2 ], [ 13.7, -12.1 ], [ 13.7, -12.0 ], [ 13.8, -12.0 ], [ 14.0, -12.0 ], [ 14.1, -12.1 ], [ 14.1, -12.2 ], [ 14.1, -12.3 ], [ 14.0, -12.4 ], [ 14.0, -12.5 ], [ 13.9, -12.6 ], [ 13.9, -12.7 ], [ 13.9, -12.8 ], [ 13.9, -12.9 ], [ 13.9, -13.0 ], [ 13.9, -13.1 ], [ 13.9, -13.2 ], [ 13.8, -13.2 ], [ 13.7, -13.2 ], [ 13.6, -13.2 ], [ 13.6, -13.3 ], [ 13.6, -13.4 ], [ 13.6, -13.5 ], [ 13.5, -13.5 ], [ 13.5, -13.6 ], [ 13.4, -13.6 ], [ 13.4, -13.5 ], [ 13.3, -13.5 ], [ 13.3, -13.6 ], [ 13.3, -13.7 ], [ 13.4, -13.7 ], [ 13.4, -13.8 ], [ 13.4, -13.9 ], [ 13.3, -13.9 ], [ 13.3, -14.0 ], [ 13.2, -14.0 ], [ 13.2, -14.1 ], [ 13.1, -14.1 ], [ 13.1, -14.2 ], [ 13.0, -14.3 ], [ 13.0, -14.4 ], [ 13.0, -14.5 ], [ 13.0, -14.6 ], [ 12.9, -14.6 ], [ 12.9, -14.7 ], [ 12.9, -14.8 ], [ 12.9, -14.9 ], [ 12.9, -15.0 ], [ 13.0, -15.0 ], [ 13.0, -15.1 ], [ 13.0, -15.2 ], [ 13.0, -15.3 ], [ 13.1, -15.4 ], [ 13.1, -15.5 ], [ 13.1, -15.6 ], [ 13.1, -15.7 ], [ 13.1, -15.8 ], [ 13.1, -15.9 ], [ 13.1, -16.0 ], [ 13.1, -16.1 ], [ 13.2, -16.1 ], [ 13.2, -16.2 ], [ 13.3, -16.2 ], [ 13.3, -16.3 ], [ 13.2, -16.3 ], [ 13.2, -16.4 ], [ 13.2, -16.5 ], [ 13.2, -16.6 ], [ 13.2, -16.7 ], [ 13.2, -16.8 ], [ 13.2, -16.9 ], [ 13.2, -17.0 ], [ 13.1, -17.0 ], [ 13.0, -17.0 ], [ 12.9, -17.0 ], [ 12.9, -17.1 ], [ 12.8, -17.1 ], [ 12.7, -17.1 ], [ 12.7, -17.2 ], [ 12.6, -17.2 ], [ 12.5, -17.2 ], [ 12.5, -17.3 ], [ 12.5, -17.4 ], [ 12.6, -17.5 ], [ 12.7, -17.6 ], [ 12.7, -17.7 ], [ 12.7, -17.8 ], [ 12.7, -17.9 ], [ 12.6, -17.8 ], [ 12.5, -17.8 ], [ 12.4, -17.8 ], [ 12.5, -17.9 ], [ 12.5, -18.0 ], [ 12.5, -18.1 ], [ 12.6, -18.2 ], [ 12.7, -18.2 ], [ 12.7, -18.3 ], [ 12.8, -18.3 ], [ 12.8, -18.4 ], [ 12.8, -18.5 ], [ 12.9, -18.6 ], [ 13.0, -18.7 ], [ 13.1, -18.8 ], [ 13.2, -18.8 ], [ 13.1, -18.9 ], [ 13.1, -19.0 ], [ 13.2, -19.0 ], [ 13.3, -18.9 ], [ 13.4, -18.9 ], [ 13.4, -19.0 ], [ 13.5, -19.0 ], [ 13.5, -19.1 ], [ 13.4, -19.1 ], [ 13.3, -19.2 ], [ 13.4, -19.2 ], [ 13.4, -19.3 ], [ 13.4, -19.4 ], [ 13.5, -19.4 ], [ 13.6, -19.4 ], [ 13.7, -19.4 ], [ 13.7, -19.5 ], [ 13.8, -19.5 ], [ 13.9, -19.5 ], [ 14.0, -19.5 ], [ 14.1, -19.4 ], [ 14.1, -19.5 ], [ 14.1, -19.6 ], [ 14.1, -19.7 ], [ 14.2, -19.7 ], [ 14.3, -19.7 ], [ 14.3, -19.8 ], [ 14.3, -19.9 ], [ 14.2, -19.9 ], [ 14.2, -20.0 ], [ 14.2, -20.1 ], [ 14.3, -20.0 ], [ 14.3, -20.1 ], [ 14.4, -20.2 ], [ 14.5, -20.2 ], [ 14.5, -20.3 ], [ 14.5, -20.4 ], [ 14.6, -20.4 ], [ 14.7, -20.4 ], [ 14.8, -20.5 ], [ 14.7, -20.6 ], [ 14.6, -20.6 ], [ 14.6, -20.8 ], [ 14.5, -20.8 ], [ 14.6, -20.9 ], [ 14.6, -21.0 ], [ 14.8, -20.9 ], [ 14.9, -20.9 ], [ 14.8, -20.8 ], [ 14.9, -20.8 ], [ 15.0, -20.8 ], [ 15.1, -20.8 ], [ 15.0, -20.9 ], [ 15.0, -21.0 ], [ 15.0, -21.1 ], [ 14.9, -21.0 ], [ 14.8, -21.1 ], [ 14.9, -21.1 ], [ 15.0, -21.2 ], [ 15.1, -21.2 ], [ 15.2, -21.3 ], [ 15.3, -21.3 ], [ 15.3, -21.7 ], [ 15.2, -21.8 ], [ 15.4, -21.9 ] ], [ [ 24.9, -19.4 ], [ 25.0, -19.4 ], [ 25.0, -19.3 ], [ 24.9, -19.3 ], [ 24.9, -19.2 ], [ 24.8, -19.2 ], [ 24.7, -19.2 ], [ 24.7, -19.3 ], [ 24.8, -19.3 ], [ 24.8, -19.4 ], [ 24.9, -19.4 ] ], [ [ 25.0, -19.2 ], [ 25.0, -19.1 ], [ 25.0, -19.0 ], [ 24.9, -19.0 ], [ 24.9, -19.1 ], [ 24.9, -19.2 ], [ 25.0, -19.2 ] ], [ [ 24.3, -19.3 ], [ 24.2, -19.3 ], [ 24.2, -19.4 ], [ 24.3, -19.4 ], [ 24.3, -19.3 ] ], [ [ 25.7, -23.7 ], [ 25.7, -23.8 ], [ 25.8, -23.7 ], [ 25.8, -23.6 ], [ 25.7, -23.7 ] ], [ [ 25.6, -27.9 ], [ 25.5, -27.9 ], [ 25.4, -27.9 ], [ 25.4, -28.0 ], [ 25.5, -28.0 ], [ 25.6, -28.0 ], [ 25.6, -27.9 ] ], [ [ 26.0, -31.3 ], [ 25.9, -31.3 ], [ 25.8, -31.3 ], [ 25.8, -31.4 ], [ 25.8, -31.5 ], [ 25.9, -31.5 ], [ 25.9, -31.4 ], [ 26.0, -31.4 ], [ 26.0, -31.3 ] ], [ [ 25.8, -31.2 ], [ 25.7, -31.2 ], [ 25.6, -31.2 ], [ 25.6, -31.1 ], [ 25.7, -31.1 ], [ 25.7, -31.0 ], [ 25.6, -31.0 ], [ 25.5, -31.0 ], [ 25.5, -31.1 ], [ 25.4, -31.1 ], [ 25.4, -31.2 ], [ 25.4, -31.3 ], [ 25.3, -31.3 ], [ 25.3, -31.4 ], [ 25.4, -31.4 ], [ 25.5, -31.4 ], [ 25.5, -31.3 ], [ 25.6, -31.3 ], [ 25.7, -31.3 ], [ 25.8, -31.3 ], [ 25.8, -31.2 ] ], [ [ 25.8, -31.0 ], [ 25.9, -31.0 ], [ 25.9, -30.9 ], [ 25.8, -30.9 ], [ 25.7, -30.9 ], [ 25.7, -31.0 ], [ 25.8, -31.0 ] ], [ [ 20.7, -33.3 ], [ 20.8, -33.3 ], [ 20.8, -33.2 ], [ 20.7, -33.2 ], [ 20.6, -33.2 ], [ 20.6, -33.3 ], [ 20.7, -33.3 ] ], [ [ 19.5, -32.3 ], [ 19.5, -32.2 ], [ 19.4, -32.2 ], [ 19.4, -32.3 ], [ 19.5, -32.3 ] ], [ [ 18.3, -30.0 ], [ 18.4, -30.0 ], [ 18.4, -29.9 ], [ 18.3, -29.9 ], [ 18.3, -30.0 ] ], [ [ 13.6, -20.3 ], [ 13.5, -20.2 ], [ 13.5, -20.3 ], [ 13.5, -20.4 ], [ 13.6, -20.3 ] ], [ [ 17.6, -30.3 ], [ 17.5, -30.4 ], [ 17.6, -30.4 ], [ 17.6, -30.3 ] ], [ [ 17.4, -29.6 ], [ 17.4, -29.5 ], [ 17.3, -29.6 ], [ 17.4, -29.6 ] ], [ [ 17.5, -29.5 ], [ 17.5, -29.6 ], [ 17.6, -29.6 ], [ 17.6, -29.5 ], [ 17.6, -29.4 ], [ 17.6, -29.3 ], [ 17.5, -29.3 ], [ 17.4, -29.3 ], [ 17.4, -29.4 ], [ 17.4, -29.5 ], [ 17.5, -29.5 ] ], [ [ 17.3, -29.1 ], [ 17.3, -29.2 ], [ 17.4, -29.2 ], [ 17.4, -29.1 ], [ 17.3, -29.1 ] ], [ [ 17.2, -29.0 ], [ 17.1, -29.0 ], [ 17.1, -29.1 ], [ 17.2, -29.1 ], [ 17.2, -29.0 ] ], [ [ 18.0, -30.4 ], [ 18.1, -30.4 ], [ 18.1, -30.5 ], [ 18.2, -30.5 ], [ 18.3, -30.5 ], [ 18.3, -30.4 ], [ 18.4, -30.4 ], [ 18.4, -30.3 ], [ 18.3, -30.3 ], [ 18.2, -30.3 ], [ 18.2, -30.2 ], [ 18.2, -30.1 ], [ 18.1, -30.1 ], [ 18.0, -30.2 ], [ 18.0, -30.1 ], [ 18.0, -30.0 ], [ 17.9, -30.0 ], [ 17.8, -30.0 ], [ 17.8, -30.1 ], [ 17.9, -30.1 ], [ 17.9, -30.2 ], [ 17.9, -30.3 ], [ 17.9, -30.4 ], [ 18.0, -30.4 ] ], [ [ 18.1, -30.0 ], [ 18.2, -30.0 ], [ 18.2, -29.9 ], [ 18.2, -29.8 ], [ 18.1, -29.8 ], [ 18.1, -29.9 ], [ 18.0, -29.9 ], [ 18.0, -30.0 ], [ 18.1, -30.0 ] ], [ [ 17.9, -29.7 ], [ 17.8, -29.7 ], [ 17.8, -29.8 ], [ 17.9, -29.8 ], [ 17.9, -29.7 ] ], [ [ 18.9, -30.9 ], [ 19.0, -30.9 ], [ 19.0, -30.8 ], [ 18.9, -30.8 ], [ 18.8, -30.8 ], [ 18.8, -30.9 ], [ 18.9, -30.9 ] ], [ [ 19.5, -26.4 ], [ 19.6, -26.4 ], [ 19.6, -26.3 ], [ 19.5, -26.3 ], [ 19.5, -26.4 ] ], [ [ 24.3, -29.7 ], [ 24.3, -29.6 ], [ 24.2, -29.6 ], [ 24.1, -29.6 ], [ 24.1, -29.7 ], [ 24.2, -29.7 ], [ 24.3, -29.7 ] ], [ [ 23.8, -33.2 ], [ 23.9, -33.2 ], [ 23.9, -33.3 ], [ 24.0, -33.3 ], [ 24.1, -33.3 ], [ 24.2, -33.3 ], [ 24.3, -33.3 ], [ 24.3, -33.2 ], [ 24.2, -33.2 ], [ 24.2, -33.1 ], [ 24.1, -33.1 ], [ 24.1, -33.0 ], [ 24.1, -32.9 ], [ 24.0, -32.9 ], [ 24.0, -33.0 ], [ 24.0, -33.1 ], [ 23.9, -33.1 ], [ 23.8, -33.1 ], [ 23.8, -33.0 ], [ 23.8, -32.9 ], [ 23.7, -32.9 ], [ 23.7, -33.0 ], [ 23.6, -33.0 ], [ 23.6, -33.1 ], [ 23.5, -33.1 ], [ 23.5, -33.2 ], [ 23.6, -33.2 ], [ 23.7, -33.2 ], [ 23.8, -33.2 ] ], [ [ 20.8, -32.4 ], [ 20.8, -32.3 ], [ 20.7, -32.3 ], [ 20.6, -32.3 ], [ 20.5, -32.3 ], [ 20.4, -32.3 ], [ 20.3, -32.3 ], [ 20.4, -32.4 ], [ 20.4, -32.5 ], [ 20.5, -32.5 ], [ 20.6, -32.5 ], [ 20.6, -32.6 ], [ 20.7, -32.6 ], [ 20.7, -32.7 ], [ 20.6, -32.7 ], [ 20.6, -32.8 ], [ 20.6, -32.9 ], [ 20.5, -32.9 ], [ 20.4, -32.9 ], [ 20.4, -33.0 ], [ 20.5, -33.0 ], [ 20.5, -33.1 ], [ 20.6, -33.1 ], [ 20.7, -33.1 ], [ 20.7, -33.0 ], [ 20.7, -32.9 ], [ 20.7, -32.8 ], [ 20.8, -32.8 ], [ 20.9, -32.8 ], [ 20.9, -32.7 ], [ 21.0, -32.7 ], [ 21.0, -32.8 ], [ 21.1, -32.8 ], [ 21.1, -32.7 ], [ 21.2, -32.7 ], [ 21.2, -32.6 ], [ 21.2, -32.5 ], [ 21.1, -32.6 ], [ 21.1, -32.5 ], [ 21.0, -32.5 ], [ 20.9, -32.5 ], [ 20.9, -32.4 ], [ 20.8, -32.4 ] ], [ [ 20.3, -32.2 ], [ 20.3, -32.1 ], [ 20.2, -32.1 ], [ 20.2, -32.2 ], [ 20.2, -32.3 ], [ 20.3, -32.3 ], [ 20.3, -32.2 ] ], [ [ 20.4, -32.8 ], [ 20.3, -32.8 ], [ 20.3, -32.9 ], [ 20.4, -32.9 ], [ 20.4, -32.8 ] ], [ [ 21.3, -32.5 ], [ 21.3, -32.4 ], [ 21.4, -32.4 ], [ 21.5, -32.4 ], [ 21.5, -32.3 ], [ 21.5, -32.2 ], [ 21.5, -32.1 ], [ 21.4, -32.1 ], [ 21.4, -32.2 ], [ 21.4, -32.3 ], [ 21.3, -32.3 ], [ 21.2, -32.3 ], [ 21.1, -32.3 ], [ 21.1, -32.4 ], [ 21.2, -32.4 ], [ 21.2, -32.5 ], [ 21.3, -32.5 ] ], [ [ 21.0, -32.4 ], [ 21.0, -32.3 ], [ 20.9, -32.3 ], [ 20.9, -32.4 ], [ 21.0, -32.4 ] ], [ [ 21.7, -32.1 ], [ 21.6, -32.1 ], [ 21.6, -32.2 ], [ 21.7, -32.2 ], [ 21.7, -32.1 ] ], [ [ 19.8, -31.5 ], [ 19.7, -31.5 ], [ 19.7, -31.6 ], [ 19.8, -31.6 ], [ 19.8, -31.5 ] ], [ [ 19.6, -31.2 ], [ 19.5, -31.2 ], [ 19.5, -31.3 ], [ 19.6, -31.3 ], [ 19.6, -31.4 ], [ 19.7, -31.4 ], [ 19.7, -31.3 ], [ 19.7, -31.2 ], [ 19.7, -31.1 ], [ 19.6, -31.1 ], [ 19.6, -31.2 ] ], [ [ 20.1, -32.0 ], [ 20.0, -32.1 ], [ 20.1, -32.1 ], [ 20.1, -32.0 ] ], [ [ 20.1, -31.9 ], [ 20.1, -31.8 ], [ 20.0, -31.8 ], [ 19.9, -31.8 ], [ 19.9, -31.9 ], [ 19.9, -32.0 ], [ 20.0, -32.0 ], [ 20.0, -31.9 ], [ 20.1, -31.9 ] ], [ [ 19.8, -31.3 ], [ 19.8, -31.4 ], [ 19.9, -31.4 ], [ 19.9, -31.3 ], [ 19.8, -31.3 ] ], [ [ 24.9, -31.7 ], [ 25.0, -31.7 ], [ 25.0, -31.6 ], [ 24.9, -31.6 ], [ 24.8, -31.6 ], [ 24.8, -31.7 ], [ 24.9, -31.7 ] ], [ [ 24.3, -30.5 ], [ 24.2, -30.5 ], [ 24.2, -30.6 ], [ 24.3, -30.6 ], [ 24.4, -30.6 ], [ 24.4, -30.5 ], [ 24.3, -30.5 ] ], [ [ 24.3, -30.3 ], [ 24.2, -30.3 ], [ 24.2, -30.4 ], [ 24.3, -30.4 ], [ 24.3, -30.3 ] ], [ [ 24.3, -29.1 ], [ 24.4, -29.1 ], [ 24.4, -29.0 ], [ 24.3, -29.1 ] ], [ [ 24.4, -20.4 ], [ 24.4, -20.3 ], [ 24.3, -20.3 ], [ 24.3, -20.4 ], [ 24.4, -20.4 ] ], [ [ 24.3, -20.2 ], [ 24.2, -20.2 ], [ 24.1, -20.2 ], [ 24.0, -20.2 ], [ 24.0, -20.3 ], [ 24.1, -20.3 ], [ 24.2, -20.3 ], [ 24.3, -20.3 ], [ 24.3, -20.2 ] ], [ [ 24.5, -20.5 ], [ 24.4, -20.6 ], [ 24.5, -20.6 ], [ 24.5, -20.5 ] ] ], [ [ [ 13.5, -12.3 ], [ 13.6, -12.3 ], [ 13.5, -12.4 ], [ 13.5, -12.3 ] ] ], [ [ [ 18.2, -30.4 ], [ 18.2, -30.5 ], [ 18.1, -30.4 ], [ 18.2, -30.4 ] ] ], [ [ [ 18.0, -30.3 ], [ 18.0, -30.2 ], [ 18.1, -30.2 ], [ 18.2, -30.3 ], [ 18.1, -30.3 ], [ 18.0, -30.3 ] ] ], [ [ [ 19.5, -33.7 ], [ 19.6, -33.7 ], [ 19.7, -33.7 ], [ 19.7, -33.8 ], [ 19.6, -33.8 ], [ 19.5, -33.8 ], [ 19.5, -33.7 ] ] ], [ [ [ 19.5, -33.7 ], [ 19.4, -33.7 ], [ 19.4, -33.6 ], [ 19.5, -33.6 ], [ 19.5, -33.7 ] ] ], [ [ [ 19.0, -32.5 ], [ 19.1, -32.5 ], [ 19.1, -32.6 ], [ 19.0, -32.6 ], [ 19.0, -32.5 ] ] ], [ [ [ 19.0, -32.4 ], [ 18.9, -32.4 ], [ 18.9, -32.3 ], [ 19.0, -32.3 ], [ 19.0, -32.4 ] ] ], [ [ [ 18.3, -32.0 ], [ 18.3, -31.9 ], [ 18.4, -31.9 ], [ 18.4, -32.0 ], [ 18.5, -32.0 ], [ 18.5, -32.1 ], [ 18.4, -32.1 ], [ 18.4, -32.2 ], [ 18.4, -32.3 ], [ 18.3, -32.3 ], [ 18.3, -32.2 ], [ 18.3, -32.1 ], [ 18.3, -32.0 ] ] ], [ [ [ 19.0, -32.0 ], [ 18.9, -32.0 ], [ 18.9, -31.9 ], [ 19.0, -31.9 ], [ 19.0, -32.0 ] ] ], [ [ [ 18.8, -31.9 ], [ 18.8, -31.8 ], [ 18.9, -31.8 ], [ 18.9, -31.9 ], [ 18.8, -31.9 ] ] ], [ [ [ 19.6, -34.0 ], [ 19.6, -33.9 ], [ 19.7, -33.9 ], [ 19.7, -34.0 ], [ 19.6, -34.0 ] ] ], [ [ [ 20.1, -33.9 ], [ 20.0, -33.9 ], [ 19.9, -33.9 ], [ 19.8, -33.9 ], [ 19.8, -33.8 ], [ 19.9, -33.8 ], [ 20.0, -33.8 ], [ 20.1, -33.8 ], [ 20.1, -33.9 ] ] ], [ [ [ 20.4, -33.8 ], [ 20.4, -33.9 ], [ 20.3, -33.9 ], [ 20.2, -33.9 ], [ 20.2, -33.8 ], [ 20.3, -33.8 ], [ 20.4, -33.8 ] ] ], [ [ [ 22.7, -33.8 ], [ 22.6, -33.8 ], [ 22.6, -33.7 ], [ 22.7, -33.7 ], [ 22.7, -33.8 ] ] ], [ [ [ 20.1, -33.6 ], [ 20.1, -33.7 ], [ 20.0, -33.7 ], [ 20.0, -33.6 ], [ 20.1, -33.6 ] ] ], [ [ [ 22.0, -33.5 ], [ 22.1, -33.5 ], [ 22.1, -33.6 ], [ 22.0, -33.6 ], [ 21.9, -33.6 ], [ 21.8, -33.6 ], [ 21.8, -33.7 ], [ 21.7, -33.7 ], [ 21.7, -33.6 ], [ 21.7, -33.5 ], [ 21.8, -33.5 ], [ 21.9, -33.5 ], [ 22.0, -33.5 ] ] ], [ [ [ 20.0, -33.5 ], [ 20.0, -33.4 ], [ 20.1, -33.4 ], [ 20.1, -33.5 ], [ 20.0, -33.5 ] ] ], [ [ [ 20.1, -33.3 ], [ 20.2, -33.3 ], [ 20.2, -33.4 ], [ 20.1, -33.4 ], [ 20.1, -33.3 ] ] ], [ [ [ 24.5, -33.2 ], [ 24.6, -33.2 ], [ 24.7, -33.2 ], [ 24.8, -33.2 ], [ 24.8, -33.3 ], [ 24.8, -33.4 ], [ 24.9, -33.4 ], [ 24.9, -33.5 ], [ 24.8, -33.5 ], [ 24.7, -33.5 ], [ 24.6, -33.5 ], [ 24.6, -33.4 ], [ 24.6, -33.3 ], [ 24.5, -33.3 ], [ 24.5, -33.2 ] ] ], [ [ [ 24.8, -30.4 ], [ 24.7, -30.4 ], [ 24.7, -30.3 ], [ 24.8, -30.4 ] ] ], [ [ [ 24.5, -19.9 ], [ 24.5, -19.8 ], [ 24.6, -19.8 ], [ 24.6, -19.9 ], [ 24.5, -19.9 ] ] ], [ [ [ 24.7, -19.8 ], [ 24.6, -19.8 ], [ 24.6, -19.7 ], [ 24.7, -19.7 ], [ 24.7, -19.8 ] ] ], [ [ [ 24.0, -18.7 ], [ 24.0, -18.8 ], [ 24.0, -18.9 ], [ 24.0, -19.0 ], [ 24.0, -19.1 ], [ 24.0, -19.2 ], [ 23.9, -19.2 ], [ 23.9, -19.1 ], [ 23.9, -19.0 ], [ 23.8, -19.0 ], [ 23.8, -18.9 ], [ 23.9, -18.9 ], [ 23.9, -18.8 ], [ 23.8, -18.8 ], [ 23.8, -18.7 ], [ 23.9, -18.7 ], [ 23.9, -18.6 ], [ 23.9, -18.5 ], [ 24.0, -18.5 ], [ 24.1, -18.5 ], [ 24.1, -18.6 ], [ 24.0, -18.7 ] ] ], [ [ [ 25.4, -32.1 ], [ 25.4, -32.2 ], [ 25.3, -32.2 ], [ 25.4, -32.1 ] ] ], [ [ [ 26.0, -27.4 ], [ 25.9, -27.4 ], [ 25.9, -27.3 ], [ 26.0, -27.3 ], [ 26.0, -27.4 ] ] ], [ [ [ 45.9, -23.8 ], [ 46.0, -23.9 ], [ 45.9, -23.9 ], [ 45.9, -23.8 ] ] ], [ [ [ 46.0, -24.0 ], [ 46.1, -24.0 ], [ 46.2, -24.0 ], [ 46.3, -24.0 ], [ 46.4, -24.0 ], [ 46.4, -24.1 ], [ 46.5, -24.1 ], [ 46.6, -24.1 ], [ 46.7, -24.2 ], [ 46.6, -24.2 ], [ 46.6, -24.3 ], [ 46.6, -24.4 ], [ 46.6, -24.5 ], [ 46.6, -24.6 ], [ 46.6, -24.7 ], [ 46.7, -24.7 ], [ 46.7, -24.8 ], [ 46.7, -24.9 ], [ 46.7, -25.0 ], [ 46.7, -25.1 ], [ 46.7, -25.2 ], [ 46.6, -25.2 ], [ 46.5, -25.2 ], [ 46.4, -25.2 ], [ 46.3, -25.2 ], [ 46.2, -25.2 ], [ 46.1, -25.3 ], [ 46.0, -25.3 ], [ 45.9, -25.3 ], [ 45.9, -25.4 ], [ 45.8, -25.4 ], [ 45.7, -25.5 ], [ 45.6, -25.5 ], [ 45.6, -25.6 ], [ 45.5, -25.6 ], [ 45.4, -25.6 ], [ 45.3, -25.6 ], [ 45.2, -25.6 ], [ 45.1, -25.6 ], [ 45.1, -25.5 ], [ 45.0, -25.5 ], [ 44.9, -25.5 ], [ 44.9, -25.4 ], [ 44.8, -25.4 ], [ 44.8, -25.3 ], [ 44.7, -25.3 ], [ 44.6, -25.3 ], [ 44.5, -25.3 ], [ 44.4, -25.3 ], [ 44.4, -25.2 ], [ 44.3, -25.2 ], [ 44.3, -25.1 ], [ 44.2, -25.1 ], [ 44.1, -25.1 ], [ 44.1, -25.0 ], [ 44.0, -25.0 ], [ 44.0, -24.9 ], [ 44.0, -24.8 ], [ 43.9, -24.8 ], [ 43.9, -24.7 ], [ 43.9, -24.6 ], [ 43.9, -24.5 ], [ 43.8, -24.5 ], [ 43.7, -24.4 ], [ 43.7, -24.3 ], [ 43.7, -24.2 ], [ 43.7, -24.1 ], [ 43.7, -24.0 ], [ 43.7, -23.9 ], [ 43.7, -23.8 ], [ 43.6, -23.8 ], [ 43.6, -23.7 ], [ 43.7, -23.6 ], [ 43.7, -23.5 ], [ 43.8, -23.5 ], [ 43.8, -23.4 ], [ 43.7, -23.4 ], [ 43.6, -23.4 ], [ 43.6, -23.3 ], [ 43.6, -23.2 ], [ 43.6, -23.1 ], [ 43.6, -23.0 ], [ 43.5, -23.0 ], [ 43.4, -22.9 ], [ 43.4, -22.8 ], [ 43.3, -22.8 ], [ 43.3, -22.7 ], [ 43.3, -22.6 ], [ 43.3, -22.5 ], [ 43.3, -22.4 ], [ 43.2, -22.4 ], [ 43.2, -22.3 ], [ 43.2, -22.2 ], [ 43.2, -22.1 ], [ 43.2, -22.0 ], [ 43.3, -22.0 ], [ 43.3, -21.9 ], [ 43.3, -21.8 ], [ 43.3, -21.7 ], [ 43.4, -21.7 ], [ 43.5, -21.6 ], [ 43.5, -21.7 ], [ 43.6, -21.7 ], [ 43.6, -21.6 ], [ 43.7, -21.6 ], [ 43.7, -21.5 ], [ 43.7, -21.4 ], [ 43.8, -21.4 ], [ 43.7, -21.3 ], [ 43.8, -21.3 ], [ 43.8, -21.2 ], [ 43.8, -21.1 ], [ 43.9, -21.1 ], [ 43.9, -21.0 ], [ 43.9, -20.9 ], [ 44.0, -20.9 ], [ 44.0, -20.8 ], [ 44.0, -20.7 ], [ 44.1, -20.7 ], [ 44.1, -20.6 ], [ 44.1, -20.5 ], [ 44.2, -20.5 ], [ 44.2, -20.4 ], [ 44.3, -20.4 ], [ 44.3, -20.3 ], [ 44.3, -20.2 ], [ 44.4, -20.2 ], [ 44.4, -20.1 ], [ 44.5, -20.0 ], [ 44.5, -19.9 ], [ 44.4, -19.9 ], [ 44.4, -19.8 ], [ 44.5, -19.8 ], [ 44.6, -19.9 ], [ 44.7, -19.9 ], [ 44.7, -20.0 ], [ 44.8, -20.0 ], [ 44.9, -20.1 ], [ 45.0, -20.2 ], [ 45.0, -20.3 ], [ 44.9, -20.3 ], [ 44.9, -20.4 ], [ 45.0, -20.4 ], [ 45.1, -20.3 ], [ 45.2, -20.3 ], [ 45.3, -20.3 ], [ 45.3, -20.4 ], [ 45.3, -20.5 ], [ 45.3, -20.6 ], [ 45.2, -20.6 ], [ 45.2, -20.7 ], [ 45.2, -20.8 ], [ 45.1, -20.8 ], [ 45.0, -20.8 ], [ 45.0, -20.9 ], [ 44.9, -20.9 ], [ 44.9, -21.0 ], [ 45.0, -21.0 ], [ 45.0, -21.1 ], [ 44.9, -21.2 ], [ 45.0, -21.3 ], [ 44.9, -21.3 ], [ 44.9, -21.4 ], [ 44.9, -21.5 ], [ 45.0, -21.5 ], [ 45.1, -21.5 ], [ 45.1, -21.6 ], [ 45.2, -21.5 ], [ 45.3, -21.5 ], [ 45.3, -21.4 ], [ 45.4, -21.4 ], [ 45.5, -21.3 ], [ 45.6, -21.3 ], [ 45.6, -21.4 ], [ 45.6, -21.5 ], [ 45.6, -21.6 ], [ 45.5, -21.6 ], [ 45.5, -21.7 ], [ 45.5, -21.8 ], [ 45.5, -21.9 ], [ 45.5, -22.0 ], [ 45.5, -22.1 ], [ 45.6, -22.2 ], [ 45.6, -22.3 ], [ 45.5, -22.3 ], [ 45.5, -22.4 ], [ 45.5, -22.5 ], [ 45.6, -22.5 ], [ 45.6, -22.6 ], [ 45.5, -22.6 ], [ 45.5, -22.7 ], [ 45.6, -22.7 ], [ 45.7, -22.7 ], [ 45.7, -22.8 ], [ 45.8, -22.8 ], [ 45.8, -22.9 ], [ 45.9, -22.9 ], [ 45.9, -23.0 ], [ 46.0, -23.0 ], [ 46.0, -23.1 ], [ 46.0, -23.2 ], [ 46.1, -23.2 ], [ 46.1, -23.3 ], [ 46.2, -23.3 ], [ 46.2, -23.4 ], [ 46.2, -23.5 ], [ 46.2, -23.6 ], [ 46.2, -23.7 ], [ 46.1, -23.7 ], [ 46.1, -23.6 ], [ 46.1, -23.5 ], [ 46.0, -23.5 ], [ 46.0, -23.6 ], [ 46.0, -23.7 ], [ 46.0, -23.8 ], [ 45.9, -23.8 ], [ 45.8, -23.8 ], [ 45.8, -23.9 ], [ 45.8, -24.0 ], [ 45.7, -24.0 ], [ 45.7, -24.1 ], [ 45.7, -24.2 ], [ 45.7, -24.3 ], [ 45.8, -24.3 ], [ 45.8, -24.2 ], [ 45.9, -24.2 ], [ 45.9, -24.1 ], [ 46.0, -24.1 ], [ 46.0, -24.0 ] ], [ [ 44.2, -22.7 ], [ 44.3, -22.6 ], [ 44.2, -22.6 ], [ 44.2, -22.5 ], [ 44.2, -22.4 ], [ 44.1, -22.5 ], [ 44.0, -22.5 ], [ 44.0, -22.6 ], [ 44.1, -22.7 ], [ 44.1, -22.8 ], [ 44.2, -22.8 ], [ 44.2, -22.7 ] ], [ [ 44.9, -22.9 ], [ 44.9, -23.0 ], [ 44.9, -23.1 ], [ 45.0, -23.1 ], [ 45.0, -23.0 ], [ 45.1, -23.0 ], [ 45.1, -22.9 ], [ 45.2, -22.9 ], [ 45.2, -22.8 ], [ 45.1, -22.8 ], [ 45.1, -22.7 ], [ 45.0, -22.7 ], [ 45.0, -22.8 ], [ 44.9, -22.8 ], [ 44.9, -22.9 ] ], [ [ 45.4, -22.4 ], [ 45.4, -22.3 ], [ 45.3, -22.3 ], [ 45.3, -22.4 ], [ 45.3, -22.5 ], [ 45.2, -22.5 ], [ 45.2, -22.6 ], [ 45.3, -22.6 ], [ 45.4, -22.6 ], [ 45.4, -22.5 ], [ 45.4, -22.4 ] ] ], [ [ [ 26.3, -22.8 ], [ 26.4, -22.8 ], [ 26.4, -22.9 ], [ 26.3, -22.9 ], [ 26.3, -22.8 ] ] ], [ [ [ 46.2, -22.4 ], [ 46.2, -22.5 ], [ 46.1, -22.5 ], [ 46.1, -22.4 ], [ 46.2, -22.4 ] ] ], [ [ [ 45.3, 2.1 ], [ 45.4, 2.2 ], [ 45.5, 2.2 ], [ 45.6, 2.2 ], [ 45.5, 2.1 ], [ 45.4, 2.1 ], [ 45.4, 2.0 ], [ 45.3, 2.0 ], [ 45.3, 2.1 ] ] ], [ [ [ 45.7, 2.2 ], [ 45.6, 2.2 ], [ 45.6, 2.3 ], [ 45.7, 2.3 ], [ 45.7, 2.2 ] ] ], [ [ [ 45.7, 2.3 ], [ 45.8, 2.4 ], [ 45.9, 2.5 ], [ 46.0, 2.6 ], [ 46.1, 2.6 ], [ 46.1, 2.5 ], [ 46.0, 2.5 ], [ 46.0, 2.4 ], [ 45.9, 2.4 ], [ 45.9, 2.3 ], [ 45.8, 2.3 ], [ 45.7, 2.3 ] ] ], [ [ [ 46.1, 2.7 ], [ 46.2, 2.7 ], [ 46.2, 2.6 ], [ 46.1, 2.6 ], [ 46.1, 2.7 ] ] ], [ [ [ 46.3, 2.8 ], [ 46.3, 2.7 ], [ 46.2, 2.7 ], [ 46.2, 2.8 ], [ 46.3, 2.8 ] ] ], [ [ [ 47.0, 3.7 ], [ 47.1, 3.7 ], [ 47.1, 3.8 ], [ 47.2, 3.8 ], [ 47.2, 3.9 ], [ 47.2, 4.0 ], [ 47.3, 4.1 ], [ 47.4, 4.2 ], [ 47.5, 4.3 ], [ 47.6, 4.3 ], [ 47.6, 4.4 ], [ 47.7, 4.4 ], [ 47.8, 4.5 ], [ 47.8, 4.6 ], [ 47.8, 4.7 ], [ 47.9, 4.7 ], [ 48.0, 4.7 ], [ 48.0, 4.8 ], [ 48.1, 4.8 ], [ 48.1, 4.9 ], [ 48.1, 5.0 ], [ 48.2, 5.0 ], [ 48.2, 5.1 ], [ 48.2, 5.2 ], [ 48.2, 5.3 ], [ 48.3, 5.4 ], [ 48.3, 5.5 ], [ 48.3, 5.6 ], [ 48.4, 5.6 ], [ 48.4, 5.7 ], [ 48.5, 5.8 ], [ 48.5, 5.9 ], [ 48.6, 6.0 ], [ 48.6, 6.1 ], [ 48.7, 6.2 ], [ 48.8, 6.3 ], [ 48.9, 6.4 ], [ 49.0, 6.5 ], [ 49.1, 6.5 ], [ 49.1, 6.4 ], [ 49.1, 6.3 ], [ 49.1, 6.2 ], [ 49.0, 6.2 ], [ 49.0, 6.1 ], [ 49.0, 6.0 ], [ 48.9, 6.0 ], [ 48.9, 5.9 ], [ 48.9, 5.8 ], [ 48.8, 5.8 ], [ 48.8, 5.7 ], [ 48.7, 5.6 ], [ 48.7, 5.5 ], [ 48.6, 5.5 ], [ 48.6, 5.4 ], [ 48.5, 5.4 ], [ 48.5, 5.3 ], [ 48.5, 5.2 ], [ 48.4, 5.2 ], [ 48.4, 5.1 ], [ 48.3, 5.1 ], [ 48.3, 5.0 ], [ 48.2, 4.9 ], [ 48.2, 4.8 ], [ 48.1, 4.7 ], [ 48.1, 4.6 ], [ 48.0, 4.6 ], [ 48.0, 4.5 ], [ 47.9, 4.4 ], [ 47.8, 4.3 ], [ 47.8, 4.2 ], [ 47.7, 4.2 ], [ 47.7, 4.1 ], [ 47.6, 4.1 ], [ 47.6, 4.0 ], [ 47.5, 4.0 ], [ 47.5, 3.9 ], [ 47.4, 3.9 ], [ 47.4, 3.8 ], [ 47.3, 3.8 ], [ 47.3, 3.7 ], [ 47.2, 3.7 ], [ 47.2, 3.6 ], [ 47.1, 3.6 ], [ 47.1, 3.5 ], [ 47.0, 3.5 ], [ 47.0, 3.4 ], [ 46.9, 3.4 ], [ 46.9, 3.3 ], [ 46.8, 3.2 ], [ 46.8, 3.1 ], [ 46.7, 3.1 ], [ 46.6, 3.0 ], [ 46.5, 2.9 ], [ 46.4, 2.9 ], [ 46.4, 2.8 ], [ 46.3, 2.8 ], [ 46.3, 2.9 ], [ 46.4, 3.0 ], [ 46.4, 3.1 ], [ 46.5, 3.1 ], [ 46.6, 3.2 ], [ 46.7, 3.3 ], [ 46.7, 3.4 ], [ 46.8, 3.5 ], [ 46.9, 3.6 ], [ 47.0, 3.7 ] ] ], [ [ [ 38.3, 7.6 ], [ 38.3, 7.5 ], [ 38.2, 7.5 ], [ 38.2, 7.6 ], [ 38.3, 7.6 ] ] ], [ [ [ 39.4, 9.1 ], [ 39.4, 9.0 ], [ 39.3, 9.0 ], [ 39.3, 9.1 ], [ 39.4, 9.1 ] ] ], [ [ [ 39.2, 9.2 ], [ 39.3, 9.2 ], [ 39.3, 9.1 ], [ 39.2, 9.1 ], [ 39.2, 9.2 ] ] ], [ [ [ 46.9, 10.3 ], [ 46.9, 10.4 ], [ 46.9, 10.5 ], [ 46.8, 10.4 ], [ 46.7, 10.3 ], [ 46.6, 10.4 ], [ 46.5, 10.4 ], [ 46.4, 10.4 ], [ 46.3, 10.4 ], [ 46.2, 10.5 ], [ 46.1, 10.5 ], [ 46.1, 10.4 ], [ 46.0, 10.4 ], [ 45.9, 10.4 ], [ 45.8, 10.4 ], [ 45.8, 10.3 ], [ 45.7, 10.3 ], [ 45.7, 10.2 ], [ 45.6, 10.1 ], [ 45.5, 10.1 ], [ 45.4, 10.1 ], [ 45.3, 10.1 ], [ 45.2, 10.1 ], [ 45.1, 10.1 ], [ 45.0, 10.2 ], [ 45.0, 10.3 ], [ 45.1, 10.4 ], [ 45.2, 10.4 ], [ 45.3, 10.4 ], [ 45.4, 10.4 ], [ 45.4, 10.3 ], [ 45.5, 10.4 ], [ 45.6, 10.4 ], [ 45.6, 10.5 ], [ 45.7, 10.5 ], [ 45.7, 10.6 ], [ 45.7, 10.7 ], [ 45.8, 10.8 ], [ 45.9, 10.8 ], [ 45.9, 10.7 ], [ 46.0, 10.6 ], [ 46.1, 10.6 ], [ 46.1, 10.7 ], [ 46.2, 10.7 ], [ 46.2, 10.6 ], [ 46.3, 10.6 ], [ 46.3, 10.7 ], [ 46.4, 10.6 ], [ 46.5, 10.6 ], [ 46.6, 10.6 ], [ 46.6, 10.5 ], [ 46.7, 10.5 ], [ 46.7, 10.6 ], [ 46.8, 10.7 ], [ 46.9, 10.8 ], [ 47.0, 10.9 ], [ 47.1, 10.9 ], [ 47.2, 11.0 ], [ 47.3, 11.0 ], [ 47.4, 11.1 ], [ 47.5, 11.1 ], [ 47.5, 11.2 ], [ 47.6, 11.2 ], [ 47.6, 11.1 ], [ 47.7, 11.1 ], [ 47.8, 11.1 ], [ 47.9, 11.1 ], [ 48.0, 11.1 ], [ 48.1, 11.1 ], [ 48.2, 11.1 ], [ 48.2, 11.2 ], [ 48.3, 11.2 ], [ 48.3, 11.3 ], [ 48.4, 11.3 ], [ 48.5, 11.3 ], [ 48.6, 11.3 ], [ 48.7, 11.3 ], [ 48.8, 11.3 ], [ 48.9, 11.3 ], [ 48.9, 11.2 ], [ 49.0, 11.2 ], [ 49.0, 11.3 ], [ 49.1, 11.3 ], [ 49.1, 11.2 ], [ 49.2, 11.2 ], [ 49.2, 11.3 ], [ 49.3, 11.3 ], [ 49.4, 11.3 ], [ 49.4, 11.4 ], [ 49.5, 11.4 ], [ 49.6, 11.4 ], [ 49.6, 11.5 ], [ 49.7, 11.5 ], [ 49.8, 11.5 ], [ 49.9, 11.5 ], [ 50.0, 11.5 ], [ 50.1, 11.5 ], [ 50.2, 11.5 ], [ 50.2, 11.6 ], [ 50.3, 11.6 ], [ 50.4, 11.6 ], [ 50.4, 11.7 ], [ 50.5, 11.7 ], [ 50.5, 11.8 ], [ 50.5, 11.9 ], [ 50.6, 11.9 ], [ 50.7, 11.9 ], [ 50.7, 12.0 ], [ 50.8, 12.0 ], [ 50.9, 11.9 ], [ 51.0, 11.9 ], [ 51.1, 11.9 ], [ 51.2, 11.9 ], [ 51.2, 11.8 ], [ 51.3, 11.8 ], [ 51.3, 11.7 ], [ 51.2, 11.6 ], [ 51.1, 11.5 ], [ 51.1, 11.4 ], [ 51.1, 11.3 ], [ 51.1, 11.2 ], [ 51.2, 11.1 ], [ 51.1, 11.0 ], [ 51.1, 10.9 ], [ 51.1, 10.8 ], [ 51.1, 10.7 ], [ 51.1, 10.6 ], [ 51.1, 10.5 ], [ 51.0, 10.5 ], [ 51.0, 10.4 ], [ 50.9, 10.4 ], [ 50.9, 10.3 ], [ 50.9, 10.2 ], [ 50.9, 10.1 ], [ 50.9, 10.0 ], [ 50.9, 9.9 ], [ 50.8, 9.8 ], [ 50.8, 9.7 ], [ 50.8, 9.6 ], [ 50.8, 9.5 ], [ 50.8, 9.4 ], [ 50.8, 9.3 ], [ 50.7, 9.3 ], [ 50.7, 9.2 ], [ 50.6, 9.2 ], [ 50.6, 9.1 ], [ 50.6, 9.0 ], [ 50.5, 9.0 ], [ 50.5, 8.9 ], [ 50.4, 8.9 ], [ 50.4, 8.8 ], [ 50.4, 8.7 ], [ 50.3, 8.6 ], [ 50.3, 8.5 ], [ 50.2, 8.4 ], [ 50.2, 8.3 ], [ 50.1, 8.3 ], [ 50.1, 8.2 ], [ 50.1, 8.1 ], [ 50.0, 8.1 ], [ 49.9, 8.0 ], [ 49.8, 8.0 ], [ 49.8, 7.9 ], [ 49.8, 7.8 ], [ 49.8, 7.7 ], [ 49.8, 7.6 ], [ 49.7, 7.6 ], [ 49.7, 7.5 ], [ 49.6, 7.5 ], [ 49.5, 7.5 ], [ 49.5, 7.6 ], [ 49.5, 7.7 ], [ 49.6, 7.9 ], [ 49.8, 8.5 ], [ 49.9, 9.0 ], [ 50.0, 9.5 ], [ 50.1, 9.9 ], [ 50.3, 10.1 ], [ 50.2, 10.2 ], [ 50.1, 10.3 ], [ 50.1, 10.4 ], [ 50.2, 10.5 ], [ 50.3, 10.6 ], [ 50.3, 10.7 ], [ 50.4, 10.7 ], [ 50.4, 10.8 ], [ 50.4, 10.9 ], [ 50.2, 10.9 ], [ 50.1, 11.0 ], [ 50.0, 11.0 ], [ 49.9, 10.9 ], [ 50.0, 10.9 ], [ 50.0, 10.8 ], [ 49.9, 10.8 ], [ 49.8, 10.8 ], [ 49.8, 10.9 ], [ 49.7, 10.9 ], [ 49.7, 11.0 ], [ 49.7, 11.1 ], [ 49.5, 11.0 ], [ 49.4, 11.0 ], [ 49.3, 11.0 ], [ 49.2, 11.0 ], [ 49.1, 11.0 ], [ 49.0, 11.0 ], [ 48.7, 10.8 ], [ 48.5, 10.7 ], [ 48.4, 10.7 ], [ 48.3, 10.7 ], [ 48.1, 10.7 ], [ 47.8, 10.6 ], [ 47.5, 10.4 ], [ 47.4, 10.4 ], [ 47.3, 10.4 ], [ 47.3, 10.3 ], [ 47.3, 10.2 ], [ 47.2, 10.1 ], [ 47.2, 10.2 ], [ 47.1, 10.2 ], [ 47.0, 10.2 ], [ 47.0, 10.3 ], [ 46.9, 10.3 ] ] ], [ [ [ 45.3, 9.9 ], [ 45.4, 9.8 ], [ 45.3, 9.8 ], [ 45.3, 9.9 ] ] ], [ [ [ 44.9, 9.9 ], [ 44.9, 10.0 ], [ 45.0, 10.0 ], [ 45.1, 10.0 ], [ 45.1, 9.9 ], [ 45.2, 9.9 ], [ 45.2, 9.8 ], [ 45.1, 9.8 ], [ 45.0, 9.8 ], [ 45.1, 9.7 ], [ 45.0, 9.7 ], [ 44.9, 9.7 ], [ 44.9, 9.8 ], [ 44.8, 9.8 ], [ 44.8, 9.9 ], [ 44.9, 9.9 ] ] ], [ [ [ 47.5, 10.3 ], [ 47.4, 10.3 ], [ 47.4, 10.4 ], [ 47.5, 10.3 ] ] ], [ [ [ 38.8, 8.5 ], [ 38.9, 8.5 ], [ 38.9, 8.6 ], [ 39.0, 8.6 ], [ 39.1, 8.6 ], [ 39.1, 8.5 ], [ 39.2, 8.5 ], [ 39.2, 8.6 ], [ 39.3, 8.6 ], [ 39.3, 8.7 ], [ 39.4, 8.7 ], [ 39.4, 8.8 ], [ 39.4, 8.9 ], [ 39.4, 9.0 ], [ 39.5, 9.0 ], [ 39.5, 9.1 ], [ 39.6, 9.1 ], [ 39.6, 9.2 ], [ 39.7, 9.2 ], [ 39.7, 9.3 ], [ 39.7, 9.4 ], [ 39.6, 9.4 ], [ 39.6, 9.5 ], [ 39.7, 9.5 ], [ 39.8, 9.5 ], [ 39.8, 9.6 ], [ 39.8, 9.7 ], [ 39.8, 9.8 ], [ 39.8, 9.9 ], [ 39.8, 10.0 ], [ 39.8, 10.1 ], [ 39.9, 10.1 ], [ 39.9, 10.2 ], [ 39.9, 10.3 ], [ 39.9, 10.4 ], [ 39.9, 10.5 ], [ 39.8, 10.5 ], [ 39.8, 10.6 ], [ 39.8, 10.7 ], [ 39.9, 10.7 ], [ 39.9, 10.6 ], [ 40.0, 10.6 ], [ 40.0, 10.7 ], [ 40.0, 10.8 ], [ 39.9, 10.8 ], [ 39.8, 10.8 ], [ 39.7, 10.8 ], [ 39.7, 10.9 ], [ 39.7, 11.0 ], [ 39.8, 11.0 ], [ 39.8, 10.9 ], [ 39.9, 10.9 ], [ 39.9, 11.0 ], [ 39.9, 11.1 ], [ 39.8, 11.1 ], [ 39.8, 11.2 ], [ 39.9, 11.2 ], [ 39.9, 11.3 ], [ 39.9, 11.4 ], [ 39.8, 11.4 ], [ 39.7, 11.4 ], [ 39.6, 11.4 ], [ 39.6, 11.5 ], [ 39.6, 11.6 ], [ 39.6, 11.7 ], [ 39.7, 11.7 ], [ 39.7, 11.8 ], [ 39.6, 11.8 ], [ 39.5, 11.8 ], [ 39.5, 11.9 ], [ 39.6, 11.9 ], [ 39.6, 12.0 ], [ 39.6, 12.1 ], [ 39.6, 12.2 ], [ 39.5, 12.2 ], [ 39.5, 12.3 ], [ 39.5, 12.4 ], [ 39.5, 12.5 ], [ 39.6, 12.5 ], [ 39.6, 12.6 ], [ 39.6, 12.7 ], [ 39.6, 12.8 ], [ 39.7, 12.8 ], [ 39.7, 12.9 ], [ 39.7, 13.0 ], [ 39.8, 13.0 ], [ 39.8, 13.1 ], [ 39.8, 13.2 ], [ 39.7, 13.2 ], [ 39.7, 13.3 ], [ 39.7, 13.4 ], [ 39.7, 13.5 ], [ 39.8, 13.5 ], [ 39.8, 13.6 ], [ 39.8, 13.7 ], [ 39.8, 13.8 ], [ 39.9, 13.8 ], [ 39.9, 13.9 ], [ 39.8, 13.9 ], [ 39.8, 14.0 ], [ 39.8, 14.1 ], [ 39.7, 14.1 ], [ 39.7, 14.2 ], [ 39.8, 14.2 ], [ 39.8, 14.3 ], [ 39.7, 14.3 ], [ 39.7, 14.4 ], [ 39.7, 14.5 ], [ 39.7, 14.6 ], [ 39.7, 14.7 ], [ 39.7, 14.8 ], [ 39.7, 14.9 ], [ 39.6, 15.0 ], [ 39.5, 15.1 ], [ 39.5, 15.2 ], [ 39.4, 15.2 ], [ 39.3, 15.2 ], [ 39.2, 15.2 ], [ 39.2, 15.3 ], [ 39.1, 15.4 ], [ 39.1, 15.5 ], [ 39.0, 15.6 ], [ 38.9, 15.7 ], [ 38.9, 15.8 ], [ 38.8, 15.9 ], [ 38.8, 16.0 ], [ 38.7, 16.0 ], [ 38.6, 16.1 ], [ 38.6, 16.2 ], [ 38.6, 16.3 ], [ 38.6, 16.4 ], [ 38.6, 16.5 ], [ 38.5, 16.6 ], [ 38.5, 16.7 ], [ 38.6, 16.8 ], [ 38.5, 16.9 ], [ 38.5, 16.8 ], [ 38.4, 16.9 ], [ 38.4, 17.0 ], [ 38.3, 17.1 ], [ 38.3, 17.2 ], [ 38.3, 17.5 ], [ 38.3, 17.6 ], [ 38.3, 17.7 ], [ 38.2, 17.8 ], [ 38.2, 17.9 ], [ 38.3, 18.0 ], [ 38.3, 18.1 ], [ 38.4, 18.2 ], [ 38.4, 18.1 ], [ 38.5, 18.1 ], [ 38.6, 18.1 ], [ 38.6, 18.0 ], [ 38.6, 17.9 ], [ 38.7, 17.9 ], [ 38.7, 17.8 ], [ 38.7, 17.7 ], [ 38.8, 17.7 ], [ 38.8, 17.6 ], [ 38.8, 17.5 ], [ 38.9, 17.5 ], [ 38.9, 17.4 ], [ 38.9, 17.3 ], [ 39.0, 17.3 ], [ 39.0, 17.2 ], [ 39.0, 17.1 ], [ 39.0, 17.0 ], [ 39.1, 16.9 ], [ 39.1, 16.8 ], [ 39.1, 16.7 ], [ 39.1, 16.6 ], [ 39.1, 16.5 ], [ 39.2, 16.6 ], [ 39.2, 16.5 ], [ 39.2, 16.4 ], [ 39.2, 16.3 ], [ 39.2, 16.2 ], [ 39.2, 16.1 ], [ 39.3, 16.0 ], [ 39.3, 15.9 ], [ 39.4, 15.9 ], [ 39.4, 15.8 ], [ 39.4, 15.7 ], [ 39.5, 15.7 ], [ 39.5, 15.6 ], [ 39.4, 15.6 ], [ 39.5, 15.5 ], [ 39.6, 15.5 ], [ 39.6, 15.4 ], [ 39.7, 15.3 ], [ 39.7, 15.2 ], [ 39.7, 15.1 ], [ 39.8, 15.1 ], [ 39.8, 15.2 ], [ 39.8, 15.3 ], [ 39.8, 15.4 ], [ 39.8, 15.5 ], [ 39.9, 15.5 ], [ 39.9, 15.4 ], [ 40.0, 15.4 ], [ 40.1, 15.3 ], [ 40.0, 15.2 ], [ 40.1, 15.2 ], [ 40.1, 15.1 ], [ 40.1, 15.0 ], [ 40.2, 15.0 ], [ 40.2, 14.9 ], [ 40.3, 14.9 ], [ 40.4, 14.9 ], [ 40.4, 15.0 ], [ 40.5, 15.0 ], [ 40.6, 15.0 ], [ 40.6, 14.9 ], [ 40.7, 14.9 ], [ 40.7, 14.8 ], [ 40.7, 14.7 ], [ 40.8, 14.7 ], [ 40.9, 14.7 ], [ 41.0, 14.7 ], [ 41.1, 14.6 ], [ 41.2, 14.6 ], [ 41.3, 14.5 ], [ 41.3, 14.4 ], [ 41.4, 14.4 ], [ 41.4, 14.3 ], [ 41.5, 14.3 ], [ 41.5, 14.2 ], [ 41.5, 14.1 ], [ 41.6, 14.1 ], [ 41.6, 14.0 ], [ 41.7, 14.0 ], [ 41.7, 13.9 ], [ 41.8, 13.9 ], [ 41.9, 13.9 ], [ 42.0, 13.8 ], [ 42.0, 13.7 ], [ 42.1, 13.7 ], [ 42.1, 13.6 ], [ 42.2, 13.6 ], [ 42.3, 13.6 ], [ 42.3, 13.5 ], [ 42.3, 13.4 ], [ 42.4, 13.4 ], [ 42.4, 13.3 ], [ 42.4, 13.2 ], [ 42.5, 13.2 ], [ 42.6, 13.2 ], [ 42.6, 13.1 ], [ 42.7, 13.1 ], [ 42.7, 13.0 ], [ 42.8, 12.9 ], [ 42.8, 12.8 ], [ 42.9, 12.8 ], [ 43.0, 12.8 ], [ 43.0, 12.9 ], [ 43.1, 12.8 ], [ 43.1, 12.7 ], [ 43.2, 12.6 ], [ 43.2, 12.5 ], [ 43.3, 12.5 ], [ 43.3, 12.4 ], [ 43.4, 12.4 ], [ 43.4, 12.3 ], [ 43.4, 12.2 ], [ 43.4, 12.1 ], [ 43.4, 12.0 ], [ 43.3, 12.1 ], [ 43.3, 12.0 ], [ 43.2, 12.0 ], [ 43.1, 11.9 ], [ 43.1, 11.8 ], [ 43.0, 11.8 ], [ 42.9, 11.8 ], [ 42.8, 11.8 ], [ 42.8, 11.7 ], [ 42.7, 11.7 ], [ 42.7, 11.6 ], [ 42.8, 11.6 ], [ 42.9, 11.6 ], [ 43.0, 11.6 ], [ 43.1, 11.5 ], [ 43.2, 11.5 ], [ 43.3, 11.5 ], [ 43.3, 11.4 ], [ 43.4, 11.4 ], [ 43.5, 11.4 ], [ 43.5, 11.3 ], [ 43.5, 11.2 ], [ 43.6, 11.1 ], [ 43.6, 11.0 ], [ 43.7, 11.0 ], [ 43.7, 10.9 ], [ 43.8, 10.9 ], [ 43.8, 10.8 ], [ 43.8, 10.7 ], [ 43.9, 10.7 ], [ 44.0, 10.7 ], [ 43.9, 10.6 ], [ 43.9, 10.5 ], [ 43.7, 10.4 ], [ 43.6, 10.3 ], [ 43.5, 10.2 ], [ 43.4, 10.1 ], [ 43.3, 10.0 ], [ 43.3, 9.9 ], [ 43.2, 9.9 ], [ 43.2, 9.8 ], [ 43.1, 9.8 ], [ 43.0, 9.8 ], [ 43.0, 9.7 ], [ 42.9, 9.7 ], [ 42.8, 9.7 ], [ 42.7, 9.7 ], [ 42.7, 9.6 ], [ 42.6, 9.6 ], [ 42.5, 9.6 ], [ 42.4, 9.6 ], [ 42.3, 9.6 ], [ 42.2, 9.6 ], [ 42.1, 9.6 ], [ 42.1, 9.5 ], [ 42.0, 9.5 ], [ 41.9, 9.5 ], [ 41.8, 9.5 ], [ 41.7, 9.5 ], [ 41.6, 9.5 ], [ 41.5, 9.5 ], [ 41.5, 9.4 ], [ 41.4, 9.4 ], [ 41.3, 9.4 ], [ 41.2, 9.4 ], [ 41.2, 9.3 ], [ 41.1, 9.3 ], [ 41.1, 9.4 ], [ 41.0, 9.4 ], [ 41.0, 9.3 ], [ 41.0, 9.2 ], [ 40.9, 9.2 ], [ 40.9, 9.1 ], [ 40.8, 9.1 ], [ 40.7, 9.1 ], [ 40.7, 9.0 ], [ 40.6, 9.0 ], [ 40.5, 9.0 ], [ 40.5, 8.9 ], [ 40.5, 8.8 ], [ 40.4, 8.8 ], [ 40.4, 8.7 ], [ 40.3, 8.7 ], [ 40.2, 8.7 ], [ 40.1, 8.7 ], [ 40.1, 8.6 ], [ 40.0, 8.6 ], [ 40.0, 8.5 ], [ 39.9, 8.5 ], [ 39.8, 8.5 ], [ 39.7, 8.5 ], [ 39.7, 8.4 ], [ 39.6, 8.4 ], [ 39.5, 8.4 ], [ 39.5, 8.3 ], [ 39.4, 8.3 ], [ 39.4, 8.2 ], [ 39.3, 8.2 ], [ 39.2, 8.2 ], [ 39.1, 8.2 ], [ 39.1, 8.3 ], [ 39.0, 8.3 ], [ 39.0, 8.2 ], [ 39.0, 8.1 ], [ 39.1, 8.1 ], [ 39.1, 8.0 ], [ 39.0, 8.0 ], [ 39.0, 7.9 ], [ 38.9, 7.9 ], [ 38.9, 7.8 ], [ 38.8, 7.8 ], [ 38.8, 7.7 ], [ 38.8, 7.6 ], [ 38.8, 7.5 ], [ 38.8, 7.4 ], [ 38.7, 7.4 ], [ 38.6, 7.4 ], [ 38.6, 7.3 ], [ 38.5, 7.3 ], [ 38.5, 7.2 ], [ 38.5, 7.1 ], [ 38.6, 7.1 ], [ 38.6, 7.0 ], [ 38.5, 7.0 ], [ 38.4, 7.0 ], [ 38.3, 7.0 ], [ 38.3, 7.1 ], [ 38.3, 7.2 ], [ 38.4, 7.2 ], [ 38.4, 7.3 ], [ 38.3, 7.3 ], [ 38.3, 7.4 ], [ 38.4, 7.4 ], [ 38.4, 7.5 ], [ 38.4, 7.6 ], [ 38.3, 7.6 ], [ 38.3, 7.7 ], [ 38.4, 7.7 ], [ 38.4, 7.8 ], [ 38.5, 7.8 ], [ 38.5, 7.9 ], [ 38.6, 7.9 ], [ 38.7, 7.9 ], [ 38.7, 8.0 ], [ 38.6, 8.0 ], [ 38.6, 8.1 ], [ 38.7, 8.1 ], [ 38.7, 8.2 ], [ 38.7, 8.3 ], [ 38.7, 8.4 ], [ 38.7, 8.5 ], [ 38.8, 8.5 ] ], [ [ 42.6, 11.6 ], [ 42.5, 11.6 ], [ 42.5, 11.5 ], [ 42.6, 11.5 ], [ 42.7, 11.5 ], [ 42.7, 11.6 ], [ 42.6, 11.6 ] ], [ [ 39.5, 8.5 ], [ 39.5, 8.6 ], [ 39.4, 8.6 ], [ 39.4, 8.5 ], [ 39.5, 8.5 ] ], [ [ 39.7, 12.3 ], [ 39.7, 12.2 ], [ 39.7, 12.1 ], [ 39.8, 12.1 ], [ 39.8, 12.2 ], [ 39.8, 12.3 ], [ 39.7, 12.3 ] ], [ [ 39.9, 13.1 ], [ 39.9, 13.0 ], [ 40.0, 13.0 ], [ 40.0, 13.1 ], [ 39.9, 13.1 ] ] ], [ [ [ 42.9, 13.0 ], [ 42.9, 12.9 ], [ 42.8, 12.9 ], [ 42.8, 13.0 ], [ 42.9, 13.0 ] ] ], [ [ [ 39.6, 13.2 ], [ 39.7, 13.2 ], [ 39.7, 13.1 ], [ 39.6, 13.1 ], [ 39.6, 13.2 ] ] ], [ [ [ 40.8, 14.8 ], [ 40.7, 14.9 ], [ 40.8, 14.9 ], [ 40.8, 14.8 ] ] ], [ [ [ 39.7, 15.5 ], [ 39.8, 15.4 ], [ 39.7, 15.4 ], [ 39.7, 15.5 ] ] ] ] } },
{ "type": "Feature", "properties": { "BIOME_NAME": "Tropical & Subtropical Moist Broadleaf Forests" }, "geometry": { "type": "MultiPolygon", "coordinates": [ [ [ [ 6.8, 0.3 ], [ 6.7, 0.2 ], [ 6.7, 0.1 ], [ 6.6, 0.1 ], [ 6.6, 0.0 ], [ 6.5, 0.0 ], [ 6.5, 0.1 ], [ 6.5, 0.2 ], [ 6.5, 0.3 ], [ 6.6, 0.4 ], [ 6.7, 0.4 ], [ 6.7, 0.3 ], [ 6.8, 0.3 ] ] ], [ [ [ 8.4, 3.4 ], [ 8.5, 3.5 ], [ 8.6, 3.5 ], [ 8.6, 3.6 ], [ 8.6, 3.7 ], [ 8.7, 3.7 ], [ 8.7, 3.8 ], [ 8.8, 3.8 ], [ 8.9, 3.8 ], [ 8.9, 3.7 ], [ 8.9, 3.6 ], [ 8.9, 3.5 ], [ 8.8, 3.5 ], [ 8.8, 3.4 ], [ 8.8, 3.3 ], [ 8.7, 3.3 ], [ 8.7, 3.2 ], [ 8.6, 3.2 ], [ 8.5, 3.2 ], [ 8.5, 3.3 ], [ 8.4, 3.3 ], [ 8.4, 3.4 ] ] ], [ [ [ 8.9, 4.7 ], [ 8.8, 4.7 ], [ 8.8, 4.8 ], [ 8.7, 4.7 ], [ 8.6, 4.7 ], [ 8.6, 4.8 ], [ 8.4, 4.8 ], [ 8.4, 4.9 ], [ 8.3, 4.9 ], [ 8.3, 5.0 ], [ 8.2, 5.0 ], [ 8.1, 5.0 ], [ 8.1, 4.9 ], [ 8.2, 4.8 ], [ 8.2, 4.7 ], [ 8.1, 4.6 ], [ 7.9, 4.6 ], [ 7.7, 4.6 ], [ 7.6, 4.7 ], [ 7.5, 4.7 ], [ 7.4, 4.7 ], [ 7.3, 4.7 ], [ 7.2, 4.8 ], [ 7.0, 4.8 ], [ 6.8, 4.7 ], [ 6.7, 4.7 ], [ 6.7, 4.6 ], [ 6.6, 4.6 ], [ 6.6, 4.5 ], [ 6.5, 4.5 ], [ 6.4, 4.5 ], [ 6.3, 4.5 ], [ 6.3, 4.6 ], [ 6.2, 4.6 ], [ 6.2, 4.7 ], [ 6.2, 4.8 ], [ 6.1, 4.8 ], [ 6.0, 4.8 ], [ 6.0, 4.7 ], [ 5.9, 4.7 ], [ 5.8, 4.7 ], [ 5.8, 4.8 ], [ 5.7, 4.8 ], [ 5.7, 4.9 ], [ 5.7, 5.0 ], [ 5.6, 5.0 ], [ 5.6, 5.1 ], [ 5.6, 5.2 ], [ 5.6, 5.3 ], [ 5.7, 5.3 ], [ 5.7, 5.4 ], [ 5.8, 5.4 ], [ 5.7, 5.5 ], [ 5.6, 5.6 ], [ 5.5, 5.7 ], [ 5.4, 5.8 ], [ 5.3, 5.9 ], [ 5.2, 5.9 ], [ 5.1, 6.0 ], [ 5.0, 6.1 ], [ 4.9, 6.2 ], [ 4.8, 6.2 ], [ 4.8, 6.3 ], [ 4.7, 6.4 ], [ 4.6, 6.4 ], [ 4.5, 6.4 ], [ 4.4, 6.4 ], [ 4.3, 6.4 ], [ 4.2, 6.5 ], [ 4.2, 6.6 ], [ 4.1, 6.6 ], [ 3.9, 6.6 ], [ 3.8, 6.6 ], [ 3.7, 6.5 ], [ 3.6, 6.5 ], [ 3.5, 6.5 ], [ 3.4, 6.5 ], [ 3.3, 6.5 ], [ 3.2, 6.5 ], [ 3.1, 6.5 ], [ 3.0, 6.5 ], [ 2.9, 6.5 ], [ 2.8, 6.5 ], [ 2.7, 6.5 ], [ 2.6, 6.5 ], [ 2.6, 6.6 ], [ 2.6, 6.7 ], [ 2.6, 6.8 ], [ 2.7, 6.9 ], [ 2.7, 7.0 ], [ 2.8, 7.0 ], [ 2.8, 7.1 ], [ 2.9, 7.1 ], [ 3.0, 7.1 ], [ 3.1, 7.1 ], [ 3.2, 7.0 ], [ 3.3, 7.0 ], [ 3.3, 7.1 ], [ 3.3, 7.2 ], [ 3.4, 7.2 ], [ 3.4, 7.3 ], [ 3.4, 7.4 ], [ 3.5, 7.5 ], [ 3.6, 7.6 ], [ 3.7, 7.7 ], [ 3.8, 7.7 ], [ 4.0, 7.8 ], [ 4.1, 7.8 ], [ 4.2, 7.9 ], [ 4.3, 7.9 ], [ 4.4, 8.0 ], [ 4.6, 8.1 ], [ 4.8, 8.1 ], [ 4.9, 8.2 ], [ 5.1, 8.2 ], [ 5.2, 8.2 ], [ 5.3, 8.1 ], [ 5.4, 8.0 ], [ 5.5, 7.9 ], [ 5.5, 7.8 ], [ 5.5, 7.7 ], [ 5.5, 7.6 ], [ 5.5, 7.5 ], [ 5.5, 7.4 ], [ 5.6, 7.3 ], [ 5.6, 7.2 ], [ 5.7, 7.2 ], [ 5.8, 7.1 ], [ 5.9, 7.0 ], [ 6.0, 7.0 ], [ 6.1, 7.0 ], [ 6.2, 7.0 ], [ 6.3, 7.0 ], [ 6.4, 6.9 ], [ 6.4, 6.8 ], [ 6.5, 6.8 ], [ 6.5, 6.7 ], [ 6.6, 6.7 ], [ 6.6, 6.6 ], [ 6.7, 6.4 ], [ 6.7, 6.3 ], [ 6.8, 6.3 ], [ 6.9, 6.3 ], [ 6.9, 6.4 ], [ 7.0, 6.4 ], [ 7.1, 6.4 ], [ 7.2, 6.4 ], [ 7.2, 6.3 ], [ 7.2, 6.2 ], [ 7.3, 6.1 ], [ 7.4, 6.1 ], [ 7.4, 6.0 ], [ 7.5, 6.0 ], [ 7.6, 6.0 ], [ 7.7, 6.0 ], [ 7.7, 5.9 ], [ 7.8, 5.9 ], [ 7.9, 5.9 ], [ 7.9, 6.0 ], [ 8.0, 6.0 ], [ 8.1, 6.1 ], [ 8.2, 6.1 ], [ 8.2, 6.2 ], [ 8.3, 6.2 ], [ 8.4, 6.2 ], [ 8.5, 6.2 ], [ 8.5, 6.1 ], [ 8.6, 6.1 ], [ 8.6, 6.0 ], [ 8.7, 6.1 ], [ 8.7, 6.2 ], [ 8.7, 6.3 ], [ 8.7, 6.4 ], [ 8.6, 6.4 ], [ 8.5, 6.5 ], [ 8.6, 6.6 ], [ 8.7, 6.6 ], [ 8.8, 6.6 ], [ 8.9, 6.6 ], [ 9.0, 6.6 ], [ 9.1, 6.5 ], [ 9.2, 6.5 ], [ 9.3, 6.5 ], [ 9.4, 6.5 ], [ 9.4, 6.6 ], [ 9.5, 6.6 ], [ 9.6, 6.6 ], [ 9.6, 6.5 ], [ 9.6, 6.4 ], [ 9.6, 6.3 ], [ 9.7, 6.3 ], [ 9.7, 6.2 ], [ 9.8, 6.2 ], [ 9.9, 6.2 ], [ 9.9, 6.3 ], [ 10.0, 6.2 ], [ 10.1, 6.1 ], [ 10.2, 6.2 ], [ 10.1, 6.3 ], [ 10.1, 6.4 ], [ 10.2, 6.5 ], [ 10.3, 6.4 ], [ 10.3, 6.5 ], [ 10.4, 6.5 ], [ 10.4, 6.6 ], [ 10.5, 6.6 ], [ 10.6, 6.6 ], [ 10.7, 6.6 ], [ 10.8, 6.6 ], [ 10.9, 6.6 ], [ 10.9, 6.5 ], [ 11.0, 6.4 ], [ 10.9, 6.4 ], [ 10.9, 6.3 ], [ 10.9, 6.2 ], [ 11.0, 6.2 ], [ 11.0, 6.1 ], [ 10.9, 6.0 ], [ 11.0, 5.9 ], [ 11.0, 5.8 ], [ 10.9, 5.8 ], [ 10.8, 5.8 ], [ 10.7, 5.9 ], [ 10.7, 6.0 ], [ 10.6, 6.0 ], [ 10.6, 6.1 ], [ 10.5, 6.0 ], [ 10.5, 6.1 ], [ 10.4, 6.0 ], [ 10.4, 5.9 ], [ 10.4, 5.8 ], [ 10.5, 5.8 ], [ 10.5, 5.7 ], [ 10.4, 5.7 ], [ 10.3, 5.6 ], [ 10.2, 5.6 ], [ 10.2, 5.5 ], [ 10.3, 5.5 ], [ 10.3, 5.4 ], [ 10.4, 5.4 ], [ 10.4, 5.5 ], [ 10.5, 5.5 ], [ 10.5, 5.4 ], [ 10.5, 5.3 ], [ 10.5, 5.2 ], [ 10.6, 5.1 ], [ 10.6, 5.0 ], [ 10.7, 4.9 ], [ 10.8, 4.9 ], [ 10.8, 4.8 ], [ 10.9, 4.7 ], [ 10.8, 4.6 ], [ 10.8, 4.5 ], [ 10.9, 4.5 ], [ 11.0, 4.4 ], [ 11.0, 4.3 ], [ 11.1, 4.3 ], [ 11.1, 4.2 ], [ 11.2, 4.2 ], [ 11.3, 4.3 ], [ 11.4, 4.3 ], [ 11.5, 4.4 ], [ 11.5, 4.5 ], [ 11.6, 4.6 ], [ 11.6, 4.7 ], [ 11.5, 4.7 ], [ 11.4, 4.7 ], [ 11.3, 4.7 ], [ 11.3, 4.8 ], [ 11.3, 4.9 ], [ 11.2, 4.9 ], [ 11.1, 4.8 ], [ 11.0, 4.9 ], [ 11.0, 5.0 ], [ 11.0, 5.1 ], [ 11.1, 5.2 ], [ 11.1, 5.3 ], [ 11.1, 5.4 ], [ 11.0, 5.5 ], [ 11.1, 5.6 ], [ 11.2, 5.7 ], [ 11.2, 5.8 ], [ 11.2, 5.9 ], [ 11.2, 6.0 ], [ 11.2, 6.1 ], [ 11.3, 6.1 ], [ 11.4, 6.1 ], [ 11.5, 6.1 ], [ 11.6, 6.2 ], [ 11.7, 6.1 ], [ 11.7, 6.0 ], [ 11.7, 5.9 ], [ 11.8, 5.8 ], [ 11.8, 5.7 ], [ 11.9, 5.6 ], [ 11.8, 5.6 ], [ 11.7, 5.6 ], [ 11.7, 5.5 ], [ 11.7, 5.4 ], [ 11.6, 5.4 ], [ 11.5, 5.3 ], [ 11.6, 5.2 ], [ 11.6, 5.1 ], [ 11.7, 5.0 ], [ 11.7, 4.9 ], [ 11.8, 4.9 ], [ 11.8, 5.0 ], [ 11.8, 5.1 ], [ 11.8, 5.2 ], [ 11.9, 5.2 ], [ 12.0, 5.2 ], [ 12.0, 5.1 ], [ 12.0, 5.0 ], [ 12.0, 4.9 ], [ 12.0, 4.8 ], [ 11.9, 4.8 ], [ 11.9, 4.7 ], [ 11.8, 4.6 ], [ 11.7, 4.6 ], [ 11.7, 4.5 ], [ 11.6, 4.5 ], [ 11.6, 4.4 ], [ 11.6, 4.3 ], [ 11.6, 4.2 ], [ 11.7, 4.2 ], [ 11.8, 4.2 ], [ 11.9, 4.2 ], [ 11.9, 4.3 ], [ 11.9, 4.4 ], [ 12.0, 4.4 ], [ 12.0, 4.3 ], [ 12.1, 4.3 ], [ 12.2, 4.4 ], [ 12.3, 4.5 ], [ 12.3, 4.6 ], [ 12.4, 4.7 ], [ 12.4, 4.8 ], [ 12.5, 4.9 ], [ 12.6, 4.9 ], [ 12.7, 4.9 ], [ 12.9, 4.9 ], [ 13.0, 5.0 ], [ 13.0, 5.1 ], [ 12.9, 5.1 ], [ 12.8, 5.1 ], [ 12.7, 5.0 ], [ 12.5, 5.0 ], [ 12.4, 5.1 ], [ 12.4, 5.2 ], [ 12.4, 5.3 ], [ 12.5, 5.4 ], [ 12.6, 5.4 ], [ 12.7, 5.4 ], [ 12.8, 5.4 ], [ 12.9, 5.5 ], [ 13.0, 5.6 ], [ 13.0, 5.7 ], [ 13.0, 5.8 ], [ 13.0, 5.9 ], [ 13.1, 5.9 ], [ 13.1, 5.8 ], [ 13.2, 5.7 ], [ 13.3, 5.7 ], [ 13.4, 5.7 ], [ 13.4, 5.6 ], [ 13.5, 5.6 ], [ 13.4, 5.5 ], [ 13.4, 5.4 ], [ 13.5, 5.4 ], [ 13.5, 5.5 ], [ 13.6, 5.6 ], [ 13.7, 5.6 ], [ 13.7, 5.5 ], [ 13.6, 5.5 ], [ 13.6, 5.4 ], [ 13.6, 5.3 ], [ 13.7, 5.2 ], [ 13.8, 5.2 ], [ 13.8, 5.1 ], [ 13.7, 5.1 ], [ 13.6, 5.1 ], [ 13.6, 5.0 ], [ 13.7, 5.0 ], [ 13.7, 4.9 ], [ 13.7, 4.8 ], [ 13.6, 4.8 ], [ 13.6, 4.7 ], [ 13.6, 4.6 ], [ 13.6, 4.5 ], [ 13.7, 4.4 ], [ 13.8, 4.5 ], [ 13.9, 4.5 ], [ 13.9, 4.4 ], [ 13.8, 4.3 ], [ 13.9, 4.2 ], [ 14.0, 4.2 ], [ 14.1, 4.2 ], [ 14.1, 4.3 ], [ 14.2, 4.3 ], [ 14.2, 4.4 ], [ 14.3, 4.4 ], [ 14.4, 4.4 ], [ 14.5, 4.4 ], [ 14.5, 4.3 ], [ 14.5, 4.2 ], [ 14.7, 4.2 ], [ 14.8, 4.2 ], [ 14.8, 4.3 ], [ 14.9, 4.3 ], [ 14.9, 4.2 ], [ 14.9, 4.1 ], [ 15.0, 4.1 ], [ 15.1, 4.1 ], [ 15.1, 4.2 ], [ 15.2, 4.2 ], [ 15.3, 4.2 ], [ 15.4, 4.2 ], [ 15.4, 4.3 ], [ 15.5, 4.3 ], [ 15.6, 4.4 ], [ 15.7, 4.5 ], [ 15.8, 4.5 ], [ 15.9, 4.5 ], [ 15.9, 4.4 ], [ 16.0, 4.3 ], [ 16.1, 4.3 ], [ 16.2, 4.3 ], [ 16.3, 4.3 ], [ 16.4, 4.2 ], [ 16.5, 4.2 ], [ 16.7, 4.2 ], [ 16.8, 4.1 ], [ 16.9, 4.0 ], [ 17.1, 4.0 ], [ 17.2, 3.9 ], [ 17.3, 3.9 ], [ 17.3, 4.0 ], [ 17.4, 4.0 ], [ 17.5, 4.1 ], [ 17.6, 4.1 ], [ 17.7, 4.1 ], [ 17.8, 4.1 ], [ 17.9, 4.0 ], [ 18.0, 3.9 ], [ 18.0, 3.8 ], [ 18.1, 3.8 ], [ 18.1, 3.9 ], [ 18.2, 4.0 ], [ 18.3, 4.1 ], [ 18.3, 4.2 ], [ 18.4, 4.3 ], [ 18.5, 4.3 ], [ 18.6, 4.4 ], [ 18.7, 4.5 ], [ 18.8, 4.5 ], [ 18.9, 4.5 ], [ 18.9, 4.6 ], [ 18.9, 4.7 ], [ 19.0, 4.7 ], [ 19.0, 4.8 ], [ 19.1, 4.9 ], [ 19.2, 4.9 ], [ 19.2, 5.0 ], [ 19.3, 5.0 ], [ 19.3, 5.1 ], [ 19.4, 5.1 ], [ 19.5, 5.2 ], [ 19.6, 5.2 ], [ 19.7, 5.1 ], [ 19.8, 5.1 ], [ 19.9, 5.1 ], [ 20.0, 5.0 ], [ 20.1, 4.9 ], [ 20.2, 4.9 ], [ 20.3, 4.8 ], [ 20.4, 4.7 ], [ 20.4, 4.6 ], [ 20.5, 4.6 ], [ 20.5, 4.5 ], [ 20.5, 4.4 ], [ 20.6, 4.4 ], [ 20.7, 4.4 ], [ 20.8, 4.4 ], [ 20.9, 4.4 ], [ 20.9, 4.5 ], [ 21.0, 4.5 ], [ 21.1, 4.4 ], [ 21.2, 4.4 ], [ 21.3, 4.4 ], [ 21.4, 4.4 ], [ 21.4, 4.5 ], [ 21.5, 4.6 ], [ 21.5, 4.7 ], [ 21.5, 4.8 ], [ 21.5, 4.9 ], [ 21.6, 4.9 ], [ 21.6, 5.0 ], [ 21.6, 5.1 ], [ 21.7, 5.1 ], [ 21.7, 5.2 ], [ 21.8, 5.3 ], [ 21.9, 5.3 ], [ 21.9, 5.4 ], [ 22.0, 5.4 ], [ 22.0, 5.5 ], [ 22.1, 5.5 ], [ 22.2, 5.5 ], [ 22.3, 5.5 ], [ 22.3, 5.4 ], [ 22.4, 5.4 ], [ 22.5, 5.5 ], [ 22.6, 5.5 ], [ 22.7, 5.6 ], [ 22.8, 5.6 ], [ 22.9, 5.6 ], [ 23.0, 5.6 ], [ 23.1, 5.7 ], [ 23.1, 5.8 ], [ 23.2, 5.8 ], [ 23.3, 5.8 ], [ 23.3, 5.7 ], [ 23.4, 5.7 ], [ 23.4, 5.8 ], [ 23.5, 5.8 ], [ 23.6, 5.8 ], [ 23.6, 5.7 ], [ 23.7, 5.7 ], [ 23.8, 5.6 ], [ 23.9, 5.6 ], [ 23.9, 5.7 ], [ 24.0, 5.6 ], [ 24.0, 5.5 ], [ 24.0, 5.4 ], [ 24.0, 5.3 ], [ 23.9, 5.2 ], [ 23.9, 5.1 ], [ 23.8, 5.1 ], [ 23.8, 5.0 ], [ 23.7, 5.0 ], [ 23.7, 4.9 ], [ 23.6, 4.9 ], [ 23.5, 4.9 ], [ 23.5, 4.8 ], [ 23.4, 4.8 ], [ 23.3, 4.8 ], [ 23.3, 4.7 ], [ 23.2, 4.7 ], [ 23.1, 4.7 ], [ 23.1, 4.6 ], [ 23.0, 4.6 ], [ 23.0, 4.5 ], [ 23.0, 4.4 ], [ 23.0, 4.3 ], [ 23.1, 4.3 ], [ 23.2, 4.3 ], [ 23.2, 4.2 ], [ 23.3, 4.2 ], [ 23.4, 4.2 ], [ 23.5, 4.2 ], [ 23.6, 4.2 ], [ 23.7, 4.1 ], [ 23.8, 4.1 ], [ 23.9, 4.1 ], [ 24.0, 4.1 ], [ 24.1, 4.0 ], [ 24.2, 4.0 ], [ 24.3, 4.0 ], [ 24.4, 4.0 ], [ 24.5, 4.0 ], [ 24.6, 4.0 ], [ 24.7, 4.0 ], [ 24.8, 4.0 ], [ 24.9, 4.0 ], [ 25.0, 4.0 ], [ 25.0, 4.1 ], [ 25.0, 4.2 ], [ 25.1, 4.3 ], [ 25.2, 4.3 ], [ 25.2, 4.2 ], [ 25.3, 4.2 ], [ 25.4, 4.2 ], [ 25.4, 4.1 ], [ 25.4, 4.0 ], [ 25.4, 3.9 ], [ 25.4, 3.8 ], [ 25.4, 3.7 ], [ 25.4, 3.6 ], [ 25.5, 3.6 ], [ 25.5, 3.5 ], [ 25.6, 3.5 ], [ 25.7, 3.4 ], [ 25.8, 3.4 ], [ 25.9, 3.5 ], [ 26.0, 3.5 ], [ 26.1, 3.5 ], [ 26.1, 3.6 ], [ 26.2, 3.6 ], [ 26.2, 3.7 ], [ 26.3, 3.7 ], [ 26.4, 3.7 ], [ 26.4, 3.6 ], [ 26.4, 3.5 ], [ 26.5, 3.4 ], [ 26.5, 3.3 ], [ 26.5, 3.2 ], [ 26.6, 3.2 ], [ 26.7, 3.1 ], [ 26.8, 3.1 ], [ 26.9, 3.1 ], [ 27.0, 3.1 ], [ 27.1, 3.1 ], [ 27.1, 3.2 ], [ 27.1, 3.3 ], [ 27.2, 3.3 ], [ 27.2, 3.4 ], [ 27.2, 3.5 ], [ 27.2, 3.6 ], [ 27.2, 3.7 ], [ 27.3, 3.7 ], [ 27.3, 3.6 ], [ 27.4, 3.6 ], [ 27.4, 3.5 ], [ 27.5, 3.5 ], [ 27.6, 3.4 ], [ 27.7, 3.4 ], [ 27.8, 3.4 ], [ 27.9, 3.4 ], [ 27.9, 3.3 ], [ 27.9, 3.2 ], [ 27.9, 3.1 ], [ 27.8, 3.1 ], [ 27.8, 3.0 ], [ 27.8, 2.9 ], [ 27.9, 2.9 ], [ 28.0, 2.9 ], [ 28.1, 2.9 ], [ 28.1, 3.0 ], [ 28.2, 3.0 ], [ 28.3, 3.1 ], [ 28.3, 3.2 ], [ 28.3, 3.3 ], [ 28.3, 3.4 ], [ 28.3, 3.5 ], [ 28.4, 3.5 ], [ 28.4, 3.6 ], [ 28.5, 3.6 ], [ 28.5, 3.7 ], [ 28.6, 3.7 ], [ 28.6, 3.6 ], [ 28.7, 3.6 ], [ 28.7, 3.5 ], [ 28.7, 3.4 ], [ 28.8, 3.3 ], [ 28.7, 3.3 ], [ 28.7, 3.2 ], [ 28.7, 3.1 ], [ 28.7, 3.0 ], [ 28.7, 2.9 ], [ 28.7, 2.8 ], [ 28.8, 2.8 ], [ 28.8, 2.9 ], [ 28.9, 2.9 ], [ 28.9, 3.0 ], [ 29.0, 3.0 ], [ 29.0, 3.1 ], [ 29.1, 3.1 ], [ 29.2, 3.1 ], [ 29.3, 3.2 ], [ 29.4, 3.1 ], [ 29.3, 3.1 ], [ 29.3, 3.0 ], [ 29.4, 3.0 ], [ 29.5, 3.0 ], [ 29.6, 3.0 ], [ 29.6, 2.9 ], [ 29.7, 2.9 ], [ 29.7, 2.8 ], [ 29.8, 2.7 ], [ 29.8, 2.6 ], [ 29.9, 2.6 ], [ 29.9, 2.5 ], [ 30.0, 2.4 ], [ 30.0, 2.3 ], [ 30.1, 2.3 ], [ 30.1, 2.2 ], [ 30.1, 2.1 ], [ 30.2, 2.0 ], [ 30.1, 1.9 ], [ 30.1, 1.8 ], [ 30.0, 1.7 ], [ 29.9, 1.7 ], [ 29.9, 1.6 ], [ 30.0, 1.6 ], [ 30.1, 1.5 ], [ 30.0, 1.4 ], [ 30.0, 1.3 ], [ 29.9, 1.3 ], [ 29.9, 1.2 ], [ 29.8, 1.2 ], [ 29.9, 1.1 ], [ 29.9, 1.0 ], [ 29.9, 0.9 ], [ 29.9, 0.8 ], [ 29.9, 0.7 ], [ 29.9, 0.6 ], [ 30.0, 0.6 ], [ 30.0, 0.7 ], [ 30.1, 0.7 ], [ 30.1, 0.8 ], [ 30.2, 0.8 ], [ 30.3, 0.8 ], [ 30.4, 0.8 ], [ 30.4, 0.9 ], [ 30.5, 0.9 ], [ 30.5, 1.0 ], [ 30.6, 1.0 ], [ 30.6, 1.1 ], [ 30.7, 1.1 ], [ 30.8, 1.1 ], [ 30.8, 1.2 ], [ 30.8, 1.3 ], [ 30.9, 1.3 ], [ 30.9, 1.4 ], [ 31.0, 1.4 ], [ 31.0, 1.5 ], [ 31.1, 1.5 ], [ 31.2, 1.5 ], [ 31.2, 1.6 ], [ 31.3, 1.6 ], [ 31.3, 1.7 ], [ 31.4, 1.7 ], [ 31.4, 1.8 ], [ 31.5, 1.8 ], [ 31.5, 1.9 ], [ 31.6, 1.9 ], [ 31.6, 1.8 ], [ 31.7, 1.8 ], [ 31.7, 1.9 ], [ 31.8, 1.9 ], [ 31.8, 2.0 ], [ 31.9, 2.0 ], [ 32.0, 2.0 ], [ 32.1, 2.0 ], [ 32.1, 1.9 ], [ 32.0, 1.8 ], [ 31.9, 1.8 ], [ 31.9, 1.7 ], [ 31.8, 1.7 ], [ 31.8, 1.6 ], [ 31.7, 1.6 ], [ 31.6, 1.6 ], [ 31.6, 1.5 ], [ 31.5, 1.5 ], [ 31.5, 1.4 ], [ 31.5, 1.3 ], [ 31.5, 1.2 ], [ 31.4, 1.2 ], [ 31.4, 1.3 ], [ 31.3, 1.3 ], [ 31.2, 1.3 ], [ 31.2, 1.2 ], [ 31.3, 1.2 ], [ 31.3, 1.1 ], [ 31.3, 1.0 ], [ 31.4, 1.0 ], [ 31.5, 1.0 ], [ 31.5, 0.9 ], [ 31.4, 0.9 ], [ 31.4, 0.8 ], [ 31.5, 0.8 ], [ 31.5, 0.7 ], [ 31.5, 0.6 ], [ 31.5, 0.5 ], [ 31.4, 0.5 ], [ 31.3, 0.5 ], [ 31.3, 0.4 ], [ 31.2, 0.4 ], [ 31.1, 0.4 ], [ 31.1, 0.5 ], [ 31.0, 0.5 ], [ 30.9, 0.5 ], [ 30.9, 0.6 ], [ 30.8, 0.6 ], [ 30.8, 0.7 ], [ 30.7, 0.7 ], [ 30.6, 0.7 ], [ 30.6, 0.6 ], [ 30.7, 0.6 ], [ 30.7, 0.5 ], [ 30.6, 0.5 ], [ 30.5, 0.5 ], [ 30.5, 0.4 ], [ 30.4, 0.4 ], [ 30.4, 0.3 ], [ 30.4, 0.2 ], [ 30.3, 0.3 ], [ 30.3, 0.4 ], [ 30.2, 0.4 ], [ 30.2, 0.3 ], [ 30.1, 0.3 ], [ 30.1, 0.2 ], [ 30.0, 0.2 ], [ 30.0, 0.1 ], [ 30.0, 0.0 ], [ 29.9, 0.0 ], [ 29.8, 0.0 ], [ 29.7, 0.0 ], [ 29.7, 0.1 ], [ 29.6, 0.1 ], [ 29.5, 0.1 ], [ 29.5, 0.0 ], [ 29.5, -0.1 ], [ 29.5, -0.2 ], [ 29.4, -0.3 ], [ 29.4, -0.4 ], [ 29.3, -0.4 ], [ 29.3, -0.5 ], [ 29.3, -0.6 ], [ 29.3, -0.7 ], [ 29.2, -0.7 ], [ 29.2, -0.8 ], [ 29.2, -0.9 ], [ 29.3, -0.9 ], [ 29.3, -1.0 ], [ 29.4, -1.0 ], [ 29.4, -1.1 ], [ 29.3, -1.1 ], [ 29.3, -1.2 ], [ 29.3, -1.3 ], [ 29.4, -1.3 ], [ 29.5, -1.3 ], [ 29.6, -1.3 ], [ 29.6, -1.2 ], [ 29.6, -1.1 ], [ 29.6, -1.0 ], [ 29.6, -0.9 ], [ 29.6, -0.8 ], [ 29.6, -0.7 ], [ 29.7, -0.7 ], [ 29.7, -0.6 ], [ 29.8, -0.6 ], [ 29.8, -0.5 ], [ 29.9, -0.5 ], [ 29.9, -0.4 ], [ 29.9, -0.3 ], [ 29.9, -0.2 ], [ 30.0, -0.3 ], [ 30.1, -0.3 ], [ 30.1, -0.2 ], [ 30.2, -0.2 ], [ 30.3, -0.2 ], [ 30.3, -0.1 ], [ 30.3, 0.0 ], [ 30.4, 0.0 ], [ 30.5, 0.0 ], [ 30.5, -0.1 ], [ 30.5, -0.2 ], [ 30.5, -0.3 ], [ 30.5, -0.4 ], [ 30.5, -0.5 ], [ 30.4, -0.5 ], [ 30.4, -0.6 ], [ 30.5, -0.6 ], [ 30.5, -0.7 ], [ 30.6, -0.7 ], [ 30.7, -0.7 ], [ 30.7, -0.8 ], [ 30.8, -0.8 ], [ 30.8, -0.9 ], [ 30.7, -0.9 ], [ 30.6, -0.9 ], [ 30.6, -1.0 ], [ 30.5, -1.0 ], [ 30.5, -0.9 ], [ 30.4, -0.9 ], [ 30.3, -0.9 ], [ 30.2, -0.9 ], [ 30.1, -0.9 ], [ 30.1, -1.0 ], [ 30.1, -1.1 ], [ 30.2, -1.1 ], [ 30.2, -1.2 ], [ 30.2, -1.3 ], [ 30.2, -1.4 ], [ 30.2, -1.5 ], [ 30.2, -1.6 ], [ 30.3, -1.6 ], [ 30.3, -1.7 ], [ 30.2, -1.7 ], [ 30.2, -1.8 ], [ 30.1, -1.8 ], [ 30.0, -1.8 ], [ 29.9, -1.8 ], [ 29.9, -1.9 ], [ 30.0, -1.9 ], [ 30.0, -2.0 ], [ 29.9, -2.0 ], [ 29.9, -2.1 ], [ 29.8, -2.1 ], [ 29.8, -2.2 ], [ 29.8, -2.3 ], [ 29.8, -2.4 ], [ 29.8, -2.5 ], [ 29.8, -2.6 ], [ 29.9, -2.6 ], [ 29.9, -2.7 ], [ 29.8, -2.7 ], [ 29.8, -2.8 ], [ 29.8, -2.9 ], [ 29.8, -3.0 ], [ 29.8, -3.1 ], [ 29.8, -3.2 ], [ 29.9, -3.2 ], [ 30.0, -3.2 ], [ 30.0, -3.3 ], [ 30.0, -3.4 ], [ 30.0, -3.5 ], [ 30.1, -3.5 ], [ 30.1, -3.6 ], [ 30.1, -3.7 ], [ 30.2, -3.7 ], [ 30.2, -3.8 ], [ 30.2, -3.9 ], [ 30.1, -3.9 ], [ 30.1, -3.8 ], [ 30.0, -3.8 ], [ 30.0, -3.9 ], [ 30.0, -4.0 ], [ 29.9, -4.0 ], [ 29.9, -4.1 ], [ 29.8, -4.1 ], [ 29.7, -4.1 ], [ 29.6, -4.1 ], [ 29.6, -4.0 ], [ 29.6, -3.9 ], [ 29.6, -3.8 ], [ 29.5, -3.8 ], [ 29.4, -3.8 ], [ 29.4, -3.7 ], [ 29.3, -3.7 ], [ 29.3, -3.6 ], [ 29.3, -3.5 ], [ 29.3, -3.4 ], [ 29.3, -3.3 ], [ 29.2, -3.3 ], [ 29.2, -3.4 ], [ 29.1, -3.4 ], [ 29.1, -3.5 ], [ 29.1, -3.6 ], [ 29.2, -3.7 ], [ 29.1, -3.7 ], [ 29.1, -3.8 ], [ 29.1, -3.9 ], [ 29.1, -4.0 ], [ 29.1, -4.1 ], [ 29.1, -4.2 ], [ 29.1, -4.3 ], [ 29.2, -4.3 ], [ 29.2, -4.4 ], [ 29.2, -4.5 ], [ 29.1, -4.6 ], [ 29.1, -4.7 ], [ 29.1, -4.8 ], [ 29.1, -4.9 ], [ 29.1, -5.0 ], [ 29.1, -5.1 ], [ 29.1, -5.2 ], [ 29.2, -5.3 ], [ 29.2, -5.4 ], [ 29.3, -5.4 ], [ 29.3, -5.5 ], [ 29.4, -5.6 ], [ 29.3, -5.6 ], [ 29.3, -5.7 ], [ 29.2, -5.6 ], [ 29.1, -5.5 ], [ 29.1, -5.6 ], [ 29.0, -5.6 ], [ 29.0, -5.5 ], [ 28.9, -5.5 ], [ 28.9, -5.4 ], [ 29.0, -5.4 ], [ 29.1, -5.3 ], [ 29.0, -5.3 ], [ 29.0, -5.2 ], [ 29.0, -5.1 ], [ 29.0, -5.0 ], [ 28.9, -5.0 ], [ 28.9, -4.9 ], [ 28.8, -4.9 ], [ 28.8, -4.8 ], [ 28.7, -4.7 ], [ 28.6, -4.6 ], [ 28.6, -4.5 ], [ 28.5, -4.4 ], [ 28.5, -4.3 ], [ 28.4, -4.3 ], [ 28.4, -4.2 ], [ 28.3, -4.1 ], [ 28.2, -4.1 ], [ 28.2, -4.0 ], [ 28.1, -4.0 ], [ 28.0, -4.0 ], [ 28.0, -3.9 ], [ 28.0, -3.8 ], [ 27.9, -3.8 ], [ 27.9, -3.7 ], [ 28.0, -3.7 ], [ 28.0, -3.6 ], [ 27.9, -3.5 ], [ 27.8, -3.5 ], [ 27.7, -3.5 ], [ 27.6, -3.6 ], [ 27.6, -3.7 ], [ 27.5, -3.7 ], [ 27.4, -3.8 ], [ 27.3, -3.8 ], [ 27.2, -3.9 ], [ 27.1, -3.9 ], [ 26.9, -3.8 ], [ 26.8, -3.8 ], [ 26.7, -3.7 ], [ 26.5, -3.7 ], [ 26.4, -3.6 ], [ 26.3, -3.6 ], [ 26.2, -3.4 ], [ 26.1, -3.2 ], [ 26.1, -3.1 ], [ 26.0, -3.0 ], [ 26.0, -2.8 ], [ 25.9, -2.7 ], [ 25.8, -2.7 ], [ 25.7, -2.7 ], [ 25.6, -2.7 ], [ 25.5, -2.6 ], [ 25.4, -2.7 ], [ 25.3, -2.7 ], [ 25.2, -2.7 ], [ 25.2, -2.8 ], [ 25.1, -2.9 ], [ 25.1, -3.0 ], [ 25.1, -3.1 ], [ 25.0, -3.2 ], [ 25.0, -3.3 ], [ 25.0, -3.4 ], [ 24.9, -3.5 ], [ 24.8, -3.5 ], [ 24.6, -3.5 ], [ 24.5, -3.5 ], [ 24.4, -3.5 ], [ 24.3, -3.6 ], [ 24.2, -3.7 ], [ 24.1, -3.7 ], [ 24.0, -3.8 ], [ 23.9, -3.8 ], [ 23.8, -3.8 ], [ 23.7, -3.7 ], [ 23.7, -3.6 ], [ 23.6, -3.5 ], [ 23.5, -3.5 ], [ 23.5, -3.4 ], [ 23.4, -3.3 ], [ 23.3, -3.3 ], [ 23.3, -3.4 ], [ 23.3, -3.5 ], [ 23.2, -3.5 ], [ 23.1, -3.6 ], [ 23.0, -3.6 ], [ 22.9, -3.6 ], [ 22.8, -3.7 ], [ 22.7, -3.7 ], [ 22.6, -3.8 ], [ 22.6, -3.9 ], [ 22.7, -4.0 ], [ 22.6, -4.0 ], [ 22.5, -4.0 ], [ 22.4, -4.0 ], [ 22.3, -4.0 ], [ 22.2, -4.0 ], [ 22.1, -4.0 ], [ 22.0, -4.0 ], [ 21.9, -4.0 ], [ 21.8, -4.0 ], [ 21.7, -4.0 ], [ 21.6, -4.0 ], [ 21.6, -4.1 ], [ 21.5, -4.1 ], [ 21.4, -4.0 ], [ 21.3, -4.0 ], [ 21.2, -4.0 ], [ 21.1, -4.0 ], [ 21.0, -4.0 ], [ 20.9, -4.1 ], [ 20.8, -4.1 ], [ 20.7, -4.1 ], [ 20.7, -4.2 ], [ 20.6, -4.2 ], [ 20.5, -4.2 ], [ 20.5, -4.3 ], [ 20.4, -4.3 ], [ 20.3, -4.4 ], [ 20.2, -4.3 ], [ 20.1, -4.3 ], [ 20.0, -4.2 ], [ 19.9, -4.2 ], [ 19.9, -4.1 ], [ 19.8, -4.1 ], [ 19.7, -4.1 ], [ 19.6, -4.1 ], [ 19.6, -4.0 ], [ 19.5, -4.0 ], [ 19.4, -4.0 ], [ 19.4, -3.9 ], [ 19.3, -3.9 ], [ 19.2, -3.9 ], [ 19.2, -3.8 ], [ 19.1, -3.8 ], [ 19.0, -3.8 ], [ 19.0, -3.7 ], [ 18.9, -3.7 ], [ 18.8, -3.7 ], [ 18.8, -3.6 ], [ 18.7, -3.6 ], [ 18.6, -3.6 ], [ 18.5, -3.6 ], [ 18.5, -3.5 ], [ 18.4, -3.5 ], [ 18.4, -3.4 ], [ 18.3, -3.3 ], [ 18.3, -3.2 ], [ 18.3, -3.1 ], [ 18.3, -3.0 ], [ 18.3, -2.9 ], [ 18.3, -2.8 ], [ 18.3, -2.7 ], [ 18.3, -2.6 ], [ 18.3, -2.5 ], [ 18.3, -2.4 ], [ 18.3, -2.3 ], [ 18.2, -2.3 ], [ 18.2, -2.2 ], [ 18.1, -2.1 ], [ 18.1, -2.0 ], [ 18.0, -2.0 ], [ 18.0, -2.1 ], [ 17.9, -2.1 ], [ 17.8, -2.1 ], [ 17.7, -2.0 ], [ 17.6, -2.1 ], [ 17.6, -2.2 ], [ 17.7, -2.3 ], [ 17.7, -2.4 ], [ 17.6, -2.4 ], [ 17.5, -2.3 ], [ 17.4, -2.2 ], [ 17.3, -2.2 ], [ 17.2, -2.2 ], [ 17.1, -2.2 ], [ 17.0, -2.2 ], [ 16.9, -2.3 ], [ 16.7, -2.3 ], [ 16.6, -2.3 ], [ 16.5, -2.3 ], [ 16.4, -2.3 ], [ 16.3, -2.3 ], [ 16.3, -2.4 ], [ 16.3, -2.5 ], [ 16.3, -2.6 ], [ 16.3, -2.7 ], [ 16.3, -2.8 ], [ 16.2, -2.7 ], [ 16.2, -2.6 ], [ 16.2, -2.5 ], [ 16.1, -2.4 ], [ 16.1, -2.3 ], [ 16.1, -2.2 ], [ 16.0, -2.1 ], [ 15.9, -2.0 ], [ 15.8, -1.9 ], [ 15.7, -1.8 ], [ 15.6, -1.8 ], [ 15.5, -1.7 ], [ 15.4, -1.6 ], [ 15.3, -1.5 ], [ 15.3, -1.4 ], [ 15.1, -1.3 ], [ 15.1, -1.2 ], [ 14.9, -1.1 ], [ 14.8, -1.0 ], [ 14.7, -1.0 ], [ 14.7, -0.9 ], [ 14.6, -0.8 ], [ 14.5, -0.7 ], [ 14.4, -0.6 ], [ 14.3, -0.6 ], [ 14.3, -0.5 ], [ 14.2, -0.5 ], [ 14.2, -0.4 ], [ 14.1, -0.4 ], [ 14.1, -0.5 ], [ 14.0, -0.5 ], [ 14.0, -0.6 ], [ 14.1, -0.7 ], [ 14.1, -0.8 ], [ 14.2, -0.9 ], [ 14.2, -1.0 ], [ 14.2, -1.1 ], [ 14.1, -1.1 ], [ 14.0, -1.2 ], [ 13.9, -1.2 ], [ 13.7, -1.2 ], [ 13.6, -1.2 ], [ 13.5, -1.1 ], [ 13.4, -1.1 ], [ 13.3, -1.1 ], [ 13.2, -1.1 ], [ 13.1, -1.1 ], [ 13.0, -1.1 ], [ 12.8, -1.1 ], [ 12.7, -1.2 ], [ 12.6, -1.2 ], [ 12.5, -1.3 ], [ 12.4, -1.4 ], [ 12.4, -1.5 ], [ 12.5, -1.5 ], [ 12.5, -1.6 ], [ 12.6, -1.6 ], [ 12.6, -1.7 ], [ 12.6, -1.8 ], [ 12.7, -1.8 ], [ 12.7, -1.9 ], [ 12.8, -1.9 ], [ 12.8, -2.0 ], [ 12.9, -2.0 ], [ 12.9, -2.1 ], [ 13.0, -2.1 ], [ 13.0, -2.2 ], [ 13.0, -2.3 ], [ 13.1, -2.3 ], [ 13.1, -2.4 ], [ 13.1, -2.5 ], [ 13.2, -2.5 ], [ 13.2, -2.6 ], [ 13.2, -2.7 ], [ 13.3, -2.7 ], [ 13.3, -2.8 ], [ 13.3, -2.9 ], [ 13.4, -2.9 ], [ 13.4, -3.0 ], [ 13.4, -3.1 ], [ 13.5, -3.1 ], [ 13.5, -3.2 ], [ 13.5, -3.3 ], [ 13.6, -3.3 ], [ 13.6, -3.4 ], [ 13.7, -3.4 ], [ 13.7, -3.5 ], [ 13.7, -3.6 ], [ 13.7, -3.7 ], [ 13.8, -3.7 ], [ 13.8, -3.8 ], [ 13.8, -3.9 ], [ 13.8, -4.0 ], [ 13.7, -4.0 ], [ 13.7, -4.1 ], [ 13.6, -4.1 ], [ 13.5, -4.1 ], [ 13.4, -4.1 ], [ 13.3, -4.1 ], [ 13.3, -4.0 ], [ 13.2, -4.0 ], [ 13.1, -4.0 ], [ 13.1, -3.9 ], [ 13.0, -3.9 ], [ 13.0, -3.8 ], [ 12.9, -3.8 ], [ 12.9, -3.7 ], [ 12.8, -3.7 ], [ 12.8, -3.6 ], [ 12.7, -3.6 ], [ 12.7, -3.5 ], [ 12.6, -3.4 ], [ 12.6, -3.3 ], [ 12.5, -3.3 ], [ 12.5, -3.2 ], [ 12.4, -3.2 ], [ 12.4, -3.1 ], [ 12.4, -3.0 ], [ 12.3, -3.0 ], [ 12.3, -2.9 ], [ 12.2, -2.9 ], [ 12.2, -2.8 ], [ 12.1, -2.8 ], [ 12.1, -2.7 ], [ 12.0, -2.7 ], [ 12.0, -2.6 ], [ 11.9, -2.6 ], [ 11.9, -2.5 ], [ 11.8, -2.5 ], [ 11.8, -2.4 ], [ 11.7, -2.4 ], [ 11.7, -2.3 ], [ 11.6, -2.3 ], [ 11.6, -2.2 ], [ 11.5, -2.2 ], [ 11.5, -2.1 ], [ 11.4, -2.1 ], [ 11.3, -2.0 ], [ 11.2, -1.9 ], [ 11.1, -1.7 ], [ 11.0, -1.6 ], [ 10.9, -1.5 ], [ 10.8, -1.5 ], [ 10.7, -1.5 ], [ 10.7, -1.6 ], [ 10.7, -1.8 ], [ 10.8, -1.9 ], [ 10.9, -2.0 ], [ 10.9, -2.1 ], [ 11.0, -2.1 ], [ 11.1, -2.2 ], [ 11.2, -2.3 ], [ 11.3, -2.3 ], [ 11.4, -2.4 ], [ 11.4, -2.5 ], [ 11.5, -2.6 ], [ 11.6, -2.7 ], [ 11.7, -2.7 ], [ 11.7, -2.8 ], [ 11.7, -2.9 ], [ 11.6, -2.9 ], [ 11.5, -2.8 ], [ 11.4, -2.8 ], [ 11.3, -2.7 ], [ 11.1, -2.6 ], [ 11.1, -2.5 ], [ 11.0, -2.4 ], [ 10.9, -2.4 ], [ 10.8, -2.3 ], [ 10.8, -2.4 ], [ 10.7, -2.5 ], [ 10.7, -2.6 ], [ 10.7, -2.7 ], [ 10.7, -2.8 ], [ 10.8, -2.8 ], [ 10.8, -2.9 ], [ 10.9, -2.9 ], [ 10.9, -3.0 ], [ 11.0, -3.0 ], [ 11.1, -3.1 ], [ 11.3, -3.1 ], [ 11.4, -3.2 ], [ 11.5, -3.3 ], [ 11.6, -3.5 ], [ 11.7, -3.6 ], [ 11.8, -3.7 ], [ 11.9, -3.8 ], [ 12.0, -3.8 ], [ 12.0, -3.9 ], [ 12.1, -4.0 ], [ 12.2, -4.1 ], [ 12.3, -4.2 ], [ 12.5, -4.2 ], [ 12.6, -4.3 ], [ 12.7, -4.4 ], [ 12.8, -4.5 ], [ 12.9, -4.5 ], [ 13.0, -4.5 ], [ 13.1, -4.6 ], [ 13.2, -4.6 ], [ 13.3, -4.7 ], [ 13.4, -4.8 ], [ 13.5, -4.9 ], [ 13.6, -5.0 ], [ 13.6, -5.1 ], [ 13.5, -5.1 ], [ 13.5, -5.2 ], [ 13.5, -5.3 ], [ 13.4, -5.4 ], [ 13.3, -5.4 ], [ 13.2, -5.5 ], [ 13.1, -5.6 ], [ 13.0, -5.6 ], [ 13.0, -5.7 ], [ 12.9, -5.7 ], [ 12.8, -5.7 ], [ 12.7, -5.7 ], [ 12.6, -5.6 ], [ 12.6, -5.5 ], [ 12.5, -5.4 ], [ 12.5, -5.3 ], [ 12.5, -5.2 ], [ 12.5, -5.1 ], [ 12.5, -5.0 ], [ 12.5, -4.8 ], [ 12.4, -4.7 ], [ 12.3, -4.6 ], [ 12.2, -4.5 ], [ 12.1, -4.4 ], [ 12.0, -4.4 ], [ 11.9, -4.3 ], [ 11.8, -4.2 ], [ 11.7, -4.1 ], [ 11.5, -4.0 ], [ 11.4, -3.8 ], [ 11.3, -3.7 ], [ 11.2, -3.7 ], [ 11.1, -3.6 ], [ 11.0, -3.6 ], [ 10.9, -3.6 ], [ 10.8, -3.6 ], [ 10.8, -3.5 ], [ 10.7, -3.5 ], [ 10.6, -3.4 ], [ 10.7, -3.4 ], [ 10.7, -3.3 ], [ 10.6, -3.3 ], [ 10.5, -3.2 ], [ 10.4, -3.1 ], [ 10.3, -3.1 ], [ 10.3, -3.0 ], [ 10.2, -2.9 ], [ 10.1, -2.9 ], [ 10.1, -2.8 ], [ 10.0, -2.8 ], [ 10.0, -2.7 ], [ 9.9, -2.7 ], [ 9.9, -2.6 ], [ 9.8, -2.6 ], [ 9.8, -2.5 ], [ 9.7, -2.5 ], [ 9.7, -2.4 ], [ 9.6, -2.4 ], [ 9.6, -2.3 ], [ 9.6, -2.2 ], [ 9.5, -2.2 ], [ 9.5, -2.1 ], [ 9.4, -2.1 ], [ 9.4, -2.0 ], [ 9.3, -2.0 ], [ 9.3, -1.9 ], [ 9.3, -1.8 ], [ 9.2, -1.7 ], [ 9.2, -1.6 ], [ 9.2, -1.5 ], [ 9.1, -1.5 ], [ 9.1, -1.4 ], [ 9.1, -1.3 ], [ 9.0, -1.2 ], [ 9.0, -1.0 ], [ 9.1, -0.9 ], [ 9.1, -0.8 ], [ 9.1, -0.7 ], [ 9.1, -0.6 ], [ 9.2, -0.6 ], [ 9.2, -0.5 ], [ 9.3, -0.5 ], [ 9.3, -0.4 ], [ 9.3, -0.3 ], [ 9.3, -0.2 ], [ 9.3, -0.1 ], [ 9.3, 0.0 ], [ 9.3, 0.1 ], [ 9.3, 0.2 ], [ 9.3, 0.3 ], [ 9.4, 0.4 ], [ 9.4, 0.3 ], [ 9.4, 0.2 ], [ 9.5, 0.2 ], [ 9.4, 0.1 ], [ 9.5, 0.0 ], [ 9.6, -0.1 ], [ 9.6, 0.0 ], [ 9.7, 0.0 ], [ 9.8, 0.0 ], [ 9.9, 0.0 ], [ 10.0, 0.0 ], [ 10.0, 0.1 ], [ 10.0, 0.2 ], [ 9.9, 0.2 ], [ 9.8, 0.2 ], [ 9.7, 0.3 ], [ 9.6, 0.3 ], [ 9.6, 0.4 ], [ 9.7, 0.4 ], [ 9.8, 0.4 ], [ 9.8, 0.5 ], [ 9.8, 0.6 ], [ 9.8, 0.7 ], [ 9.8, 0.8 ], [ 9.8, 0.9 ], [ 9.9, 0.9 ], [ 10.0, 1.0 ], [ 9.9, 1.1 ], [ 9.9, 1.2 ], [ 9.8, 1.3 ], [ 9.7, 1.2 ], [ 9.6, 1.2 ], [ 9.5, 1.1 ], [ 9.4, 1.1 ], [ 9.4, 1.2 ], [ 9.4, 1.3 ], [ 9.5, 1.3 ], [ 9.5, 1.4 ], [ 9.5, 1.5 ], [ 9.6, 1.5 ], [ 9.6, 1.6 ], [ 9.6, 1.7 ], [ 9.7, 1.7 ], [ 9.7, 1.8 ], [ 9.7, 1.9 ], [ 9.8, 1.9 ], [ 9.8, 2.0 ], [ 9.8, 2.1 ], [ 9.8, 2.2 ], [ 9.8, 2.3 ], [ 9.8, 2.4 ], [ 9.8, 2.5 ], [ 9.8, 2.6 ], [ 9.8, 2.7 ], [ 9.9, 2.7 ], [ 9.9, 2.8 ], [ 9.9, 2.9 ], [ 9.9, 3.0 ], [ 10.0, 3.0 ], [ 10.0, 3.1 ], [ 9.9, 3.2 ], [ 9.9, 3.3 ], [ 9.8, 3.4 ], [ 9.7, 3.5 ], [ 9.6, 3.5 ], [ 9.6, 3.6 ], [ 9.7, 3.6 ], [ 9.7, 3.7 ], [ 9.8, 3.8 ], [ 9.8, 3.9 ], [ 9.8, 4.0 ], [ 9.8, 4.1 ], [ 9.8, 4.2 ], [ 9.7, 4.2 ], [ 9.6, 4.1 ], [ 9.5, 4.1 ], [ 9.5, 4.0 ], [ 9.4, 4.0 ], [ 9.3, 4.0 ], [ 9.3, 3.9 ], [ 9.2, 3.9 ], [ 9.2, 4.0 ], [ 9.1, 4.0 ], [ 9.1, 4.1 ], [ 9.0, 4.1 ], [ 9.0, 4.2 ], [ 8.9, 4.2 ], [ 8.9, 4.3 ], [ 8.9, 4.4 ], [ 9.0, 4.5 ], [ 9.0, 4.6 ], [ 8.9, 4.7 ] ], [ [ 10.8, 6.1 ], [ 10.7, 6.1 ], [ 10.8, 6.0 ], [ 10.9, 6.0 ], [ 10.8, 6.1 ] ], [ [ 10.1, 5.5 ], [ 10.1, 5.4 ], [ 10.2, 5.5 ], [ 10.1, 5.5 ] ], [ [ 29.2, 3.0 ], [ 29.2, 2.9 ], [ 29.3, 2.9 ], [ 29.3, 3.0 ], [ 29.2, 3.0 ] ], [ [ 29.1, -0.9 ], [ 29.1, -1.0 ], [ 29.1, -1.1 ], [ 29.2, -1.1 ], [ 29.2, -1.0 ], [ 29.2, -0.9 ], [ 29.1, -0.9 ] ], [ [ 11.5, 0.0 ], [ 11.4, 0.0 ], [ 11.3, 0.0 ], [ 11.2, 0.0 ], [ 11.2, -0.1 ], [ 11.2, -0.2 ], [ 11.3, -0.2 ], [ 11.4, -0.2 ], [ 11.5, -0.3 ], [ 11.6, -0.3 ], [ 11.7, -0.4 ], [ 11.8, -0.4 ], [ 11.9, -0.4 ], [ 12.0, -0.4 ], [ 12.2, -0.4 ], [ 12.3, -0.3 ], [ 12.3, -0.2 ], [ 12.3, -0.1 ], [ 12.2, 0.0 ], [ 12.1, 0.1 ], [ 12.0, 0.1 ], [ 11.9, 0.0 ], [ 11.8, 0.0 ], [ 11.7, 0.0 ], [ 11.6, 0.0 ], [ 11.5, 0.0 ] ], [ [ 10.3, 0.1 ], [ 10.2, 0.2 ], [ 10.2, 0.1 ], [ 10.3, 0.1 ] ], [ [ 24.4, 0.7 ], [ 24.5, 0.7 ], [ 24.5, 0.8 ], [ 24.4, 0.8 ], [ 24.3, 0.8 ], [ 24.3, 0.7 ], [ 24.4, 0.7 ] ], [ [ 16.8, 0.6 ], [ 16.8, 0.7 ], [ 16.7, 0.8 ], [ 16.7, 0.7 ], [ 16.7, 0.6 ], [ 16.8, 0.6 ] ], [ [ 18.3, 0.1 ], [ 18.3, 0.0 ], [ 18.4, 0.0 ], [ 18.3, 0.1 ] ], [ [ 28.3, -1.0 ], [ 28.3, -0.9 ], [ 28.2, -1.0 ], [ 28.3, -1.0 ] ], [ [ 28.7, -2.1 ], [ 28.7, -2.0 ], [ 28.6, -2.0 ], [ 28.5, -2.0 ], [ 28.5, -2.1 ], [ 28.6, -2.1 ], [ 28.7, -2.1 ] ], [ [ 28.8, -2.4 ], [ 28.8, -2.5 ], [ 28.9, -2.5 ], [ 28.9, -2.4 ], [ 28.8, -2.4 ] ], [ [ 29.0, -2.4 ], [ 29.1, -2.4 ], [ 29.1, -2.3 ], [ 29.2, -2.3 ], [ 29.2, -2.2 ], [ 29.3, -2.2 ], [ 29.3, -2.1 ], [ 29.4, -2.1 ], [ 29.4, -2.0 ], [ 29.3, -2.0 ], [ 29.3, -1.9 ], [ 29.3, -1.8 ], [ 29.3, -1.7 ], [ 29.2, -1.7 ], [ 29.2, -1.6 ], [ 29.1, -1.6 ], [ 29.0, -1.6 ], [ 29.0, -1.7 ], [ 29.0, -1.8 ], [ 29.0, -1.9 ], [ 29.0, -2.0 ], [ 29.0, -2.1 ], [ 28.9, -2.1 ], [ 28.9, -2.2 ], [ 28.9, -2.3 ], [ 28.9, -2.4 ], [ 29.0, -2.4 ] ], [ [ 28.5, -1.0 ], [ 28.6, -1.0 ], [ 28.6, -0.9 ], [ 28.5, -1.0 ] ], [ [ 29.8, -3.4 ], [ 29.9, -3.4 ], [ 29.9, -3.3 ], [ 29.8, -3.3 ], [ 29.8, -3.4 ] ], [ [ 29.8, -1.8 ], [ 29.8, -1.7 ], [ 29.7, -1.7 ], [ 29.7, -1.8 ], [ 29.8, -1.8 ] ], [ [ 29.5, -1.6 ], [ 29.5, -1.5 ], [ 29.4, -1.5 ], [ 29.4, -1.6 ], [ 29.5, -1.6 ] ], [ [ 29.8, 0.2 ], [ 29.9, 0.2 ], [ 29.9, 0.3 ], [ 29.8, 0.3 ], [ 29.8, 0.2 ] ], [ [ 29.9, 0.4 ], [ 30.0, 0.4 ], [ 30.0, 0.5 ], [ 29.9, 0.4 ] ] ], [ [ [ 10.8, 5.6 ], [ 10.7, 5.6 ], [ 10.7, 5.7 ], [ 10.6, 5.7 ], [ 10.7, 5.8 ], [ 10.8, 5.8 ], [ 10.8, 5.7 ], [ 10.8, 5.6 ] ] ], [ [ [ -6.6, 7.9 ], [ -6.7, 7.9 ], [ -6.7, 7.8 ], [ -6.6, 7.8 ], [ -6.5, 7.8 ], [ -6.5, 7.7 ], [ -6.6, 7.7 ], [ -6.6, 7.6 ], [ -6.5, 7.6 ], [ -6.5, 7.5 ], [ -6.4, 7.4 ], [ -6.4, 7.3 ], [ -6.4, 7.2 ], [ -6.4, 7.1 ], [ -6.3, 7.2 ], [ -6.3, 7.3 ], [ -6.3, 7.4 ], [ -6.3, 7.5 ], [ -6.3, 7.6 ], [ -6.2, 7.5 ], [ -6.1, 7.4 ], [ -6.1, 7.3 ], [ -6.1, 7.2 ], [ -6.1, 7.1 ], [ -6.0, 7.1 ], [ -5.9, 7.1 ], [ -5.9, 7.0 ], [ -5.8, 7.0 ], [ -5.7, 6.9 ], [ -5.6, 6.9 ], [ -5.6, 7.0 ], [ -5.6, 7.1 ], [ -5.5, 7.0 ], [ -5.4, 7.0 ], [ -5.3, 7.0 ], [ -5.2, 6.9 ], [ -5.2, 6.8 ], [ -5.1, 6.7 ], [ -5.0, 6.7 ], [ -5.0, 6.6 ], [ -5.0, 6.5 ], [ -5.0, 6.4 ], [ -5.0, 6.3 ], [ -4.9, 6.2 ], [ -4.8, 6.2 ], [ -4.8, 6.3 ], [ -4.7, 6.5 ], [ -4.6, 6.5 ], [ -4.6, 6.6 ], [ -4.5, 6.6 ], [ -4.5, 6.7 ], [ -4.5, 6.8 ], [ -4.4, 6.8 ], [ -4.3, 6.9 ], [ -4.3, 7.0 ], [ -4.4, 7.1 ], [ -4.3, 7.2 ], [ -4.2, 7.3 ], [ -4.2, 7.4 ], [ -4.2, 7.5 ], [ -4.3, 7.7 ], [ -4.3, 7.8 ], [ -4.3, 8.0 ], [ -4.2, 8.0 ], [ -4.1, 8.1 ], [ -4.1, 8.0 ], [ -4.0, 8.1 ], [ -3.9, 8.1 ], [ -3.9, 8.0 ], [ -3.8, 8.0 ], [ -3.7, 8.0 ], [ -3.7, 7.9 ], [ -3.6, 7.9 ], [ -3.5, 7.9 ], [ -3.5, 7.8 ], [ -3.4, 7.8 ], [ -3.4, 7.7 ], [ -3.4, 7.6 ], [ -3.3, 7.6 ], [ -3.2, 7.7 ], [ -3.1, 7.8 ], [ -3.0, 7.9 ], [ -2.9, 7.9 ], [ -2.8, 8.0 ], [ -2.7, 8.1 ], [ -2.5, 8.0 ], [ -2.4, 8.0 ], [ -2.3, 7.9 ], [ -2.2, 7.7 ], [ -2.1, 7.7 ], [ -2.0, 7.6 ], [ -1.9, 7.5 ], [ -1.8, 7.4 ], [ -1.6, 7.3 ], [ -1.4, 7.2 ], [ -1.2, 7.1 ], [ -1.0, 7.0 ], [ -0.7, 6.9 ], [ -0.7, 6.8 ], [ -0.6, 6.8 ], [ -0.6, 6.7 ], [ -0.5, 6.7 ], [ -0.4, 6.7 ], [ -0.4, 6.6 ], [ -0.3, 6.6 ], [ -0.2, 6.6 ], [ -0.2, 6.5 ], [ -0.1, 6.5 ], [ -0.1, 6.4 ], [ 0.0, 6.4 ], [ 0.1, 6.4 ], [ 0.1, 6.3 ], [ 0.1, 6.2 ], [ 0.1, 6.1 ], [ 0.1, 6.0 ], [ 0.1, 5.9 ], [ 0.0, 5.9 ], [ 0.0, 5.8 ], [ -0.2, 5.7 ], [ -0.3, 5.6 ], [ -0.4, 5.5 ], [ -0.6, 5.5 ], [ -0.7, 5.4 ], [ -0.8, 5.3 ], [ -1.0, 5.3 ], [ -1.1, 5.2 ], [ -1.3, 5.2 ], [ -1.4, 5.1 ], [ -1.5, 5.1 ], [ -1.5, 5.0 ], [ -1.6, 5.0 ], [ -1.7, 5.0 ], [ -1.7, 4.9 ], [ -1.8, 4.9 ], [ -1.8, 4.8 ], [ -1.9, 4.8 ], [ -2.0, 4.8 ], [ -2.1, 4.7 ], [ -2.1, 4.8 ], [ -2.2, 4.8 ], [ -2.2, 4.9 ], [ -2.3, 4.9 ], [ -2.4, 4.9 ], [ -2.4, 5.0 ], [ -2.5, 5.0 ], [ -2.6, 5.0 ], [ -2.7, 5.0 ], [ -2.8, 5.0 ], [ -2.9, 5.0 ], [ -2.9, 5.1 ], [ -3.0, 5.1 ], [ -3.1, 5.2 ], [ -3.3, 5.2 ], [ -3.4, 5.2 ], [ -3.5, 5.2 ], [ -3.6, 5.2 ], [ -3.7, 5.2 ], [ -3.8, 5.2 ], [ -3.9, 5.2 ], [ -4.0, 5.2 ], [ -4.1, 5.2 ], [ -4.2, 5.2 ], [ -4.3, 5.2 ], [ -4.4, 5.2 ], [ -4.5, 5.2 ], [ -4.6, 5.2 ], [ -4.7, 5.2 ], [ -4.8, 5.1 ], [ -4.9, 5.1 ], [ -5.0, 5.1 ], [ -5.0, 5.2 ], [ -5.1, 5.2 ], [ -5.2, 5.2 ], [ -5.3, 5.2 ], [ -5.3, 5.1 ], [ -5.4, 5.2 ], [ -5.4, 5.1 ], [ -5.5, 5.1 ], [ -5.6, 5.1 ], [ -5.7, 5.1 ], [ -5.8, 5.0 ], [ -5.9, 5.0 ], [ -6.0, 5.0 ], [ -6.1, 5.0 ], [ -6.1, 4.9 ], [ -6.2, 4.9 ], [ -6.3, 4.9 ], [ -6.3, 4.8 ], [ -6.4, 4.8 ], [ -6.5, 4.8 ], [ -6.6, 4.8 ], [ -6.6, 4.7 ], [ -6.7, 4.7 ], [ -6.8, 4.7 ], [ -6.9, 4.7 ], [ -6.9, 4.6 ], [ -7.0, 4.6 ], [ -7.0, 4.5 ], [ -7.1, 4.5 ], [ -7.2, 4.5 ], [ -7.3, 4.5 ], [ -7.3, 4.4 ], [ -7.4, 4.4 ], [ -7.5, 4.4 ], [ -7.6, 4.4 ], [ -7.7, 4.4 ], [ -7.8, 4.4 ], [ -7.8, 4.5 ], [ -7.9, 4.5 ], [ -8.0, 4.5 ], [ -8.1, 4.5 ], [ -8.1, 4.6 ], [ -8.2, 4.6 ], [ -8.3, 4.6 ], [ -8.4, 4.7 ], [ -8.5, 4.7 ], [ -8.6, 4.8 ], [ -8.7, 4.8 ], [ -8.8, 4.8 ], [ -8.8, 4.9 ], [ -8.8, 5.0 ], [ -8.8, 5.1 ], [ -8.9, 5.1 ], [ -9.0, 5.1 ], [ -9.1, 5.0 ], [ -9.1, 5.1 ], [ -9.2, 5.1 ], [ -9.3, 5.1 ], [ -9.3, 5.2 ], [ -9.4, 5.2 ], [ -9.4, 5.3 ], [ -9.5, 5.3 ], [ -9.5, 5.4 ], [ -9.6, 5.4 ], [ -9.6, 5.5 ], [ -9.7, 5.5 ], [ -9.7, 5.6 ], [ -9.8, 5.6 ], [ -9.8, 5.7 ], [ -9.9, 5.7 ], [ -9.9, 5.8 ], [ -10.0, 5.8 ], [ -10.0, 5.9 ], [ -10.1, 5.9 ], [ -10.1, 6.0 ], [ -10.2, 6.0 ], [ -10.2, 6.1 ], [ -10.3, 6.1 ], [ -10.4, 6.1 ], [ -10.4, 6.2 ], [ -10.5, 6.2 ], [ -10.6, 6.2 ], [ -10.7, 6.2 ], [ -10.7, 6.3 ], [ -10.8, 6.3 ], [ -10.8, 6.4 ], [ -10.9, 6.5 ], [ -11.0, 6.5 ], [ -11.0, 6.6 ], [ -11.1, 6.6 ], [ -11.0, 6.7 ], [ -11.0, 6.8 ], [ -11.1, 6.9 ], [ -11.2, 6.9 ], [ -11.3, 6.8 ], [ -11.4, 6.8 ], [ -11.4, 6.9 ], [ -11.5, 6.9 ], [ -11.5, 7.0 ], [ -11.6, 7.0 ], [ -11.6, 7.1 ], [ -11.6, 7.2 ], [ -11.7, 7.2 ], [ -11.8, 7.2 ], [ -11.8, 7.3 ], [ -11.9, 7.3 ], [ -12.0, 7.3 ], [ -12.0, 7.4 ], [ -12.1, 7.4 ], [ -12.1, 7.3 ], [ -12.2, 7.4 ], [ -12.3, 7.4 ], [ -12.4, 7.5 ], [ -12.3, 7.5 ], [ -12.2, 7.5 ], [ -12.2, 7.6 ], [ -12.1, 7.6 ], [ -12.1, 7.7 ], [ -12.1, 7.8 ], [ -12.2, 7.8 ], [ -12.3, 7.7 ], [ -12.3, 7.8 ], [ -12.3, 7.9 ], [ -12.3, 8.0 ], [ -12.4, 8.0 ], [ -12.4, 7.9 ], [ -12.5, 7.9 ], [ -12.6, 7.9 ], [ -12.7, 8.0 ], [ -12.7, 8.1 ], [ -12.8, 8.2 ], [ -12.9, 8.3 ], [ -13.0, 8.3 ], [ -13.0, 8.2 ], [ -13.1, 8.2 ], [ -13.2, 8.2 ], [ -13.2, 8.3 ], [ -13.2, 8.4 ], [ -13.1, 8.4 ], [ -13.0, 8.4 ], [ -12.9, 8.4 ], [ -12.9, 8.5 ], [ -12.8, 8.5 ], [ -12.7, 8.5 ], [ -12.6, 8.5 ], [ -12.6, 8.6 ], [ -12.7, 8.7 ], [ -12.8, 8.7 ], [ -12.9, 8.8 ], [ -13.0, 8.8 ], [ -13.0, 8.7 ], [ -13.0, 8.6 ], [ -13.1, 8.6 ], [ -13.1, 8.5 ], [ -13.2, 8.5 ], [ -13.2, 8.6 ], [ -13.2, 8.7 ], [ -13.2, 8.8 ], [ -13.1, 8.8 ], [ -13.1, 8.9 ], [ -13.0, 9.0 ], [ -13.1, 9.1 ], [ -13.2, 9.1 ], [ -13.2, 9.2 ], [ -13.3, 9.2 ], [ -13.3, 9.3 ], [ -13.4, 9.3 ], [ -13.4, 9.4 ], [ -13.5, 9.4 ], [ -13.5, 9.5 ], [ -13.6, 9.5 ], [ -13.7, 9.5 ], [ -13.7, 9.6 ], [ -13.6, 9.6 ], [ -13.6, 9.7 ], [ -13.6, 9.8 ], [ -13.7, 9.8 ], [ -13.7, 9.9 ], [ -13.7, 10.0 ], [ -13.6, 10.0 ], [ -13.5, 9.9 ], [ -13.5, 9.8 ], [ -13.5, 9.7 ], [ -13.4, 9.7 ], [ -13.3, 9.7 ], [ -13.2, 9.7 ], [ -13.2, 9.6 ], [ -13.1, 9.6 ], [ -13.0, 9.5 ], [ -12.9, 9.5 ], [ -12.9, 9.4 ], [ -12.8, 9.4 ], [ -12.7, 9.4 ], [ -12.7, 9.3 ], [ -12.6, 9.3 ], [ -12.5, 9.3 ], [ -12.5, 9.2 ], [ -12.4, 9.2 ], [ -12.4, 9.1 ], [ -12.3, 9.1 ], [ -12.2, 9.1 ], [ -12.2, 9.0 ], [ -12.1, 9.0 ], [ -12.1, 8.9 ], [ -12.0, 8.9 ], [ -12.0, 8.8 ], [ -11.9, 8.8 ], [ -11.9, 8.7 ], [ -11.8, 8.7 ], [ -11.8, 8.6 ], [ -11.7, 8.6 ], [ -11.6, 8.6 ], [ -11.6, 8.7 ], [ -11.5, 8.7 ], [ -11.5, 8.8 ], [ -11.4, 8.8 ], [ -11.4, 8.9 ], [ -11.4, 9.0 ], [ -11.4, 9.1 ], [ -11.3, 9.1 ], [ -11.3, 9.2 ], [ -11.3, 9.3 ], [ -11.2, 9.3 ], [ -11.2, 9.4 ], [ -11.1, 9.4 ], [ -11.0, 9.4 ], [ -10.9, 9.4 ], [ -10.8, 9.4 ], [ -10.7, 9.3 ], [ -10.6, 9.3 ], [ -10.5, 9.3 ], [ -10.5, 9.2 ], [ -10.4, 9.1 ], [ -10.4, 9.0 ], [ -10.3, 9.0 ], [ -10.3, 8.9 ], [ -10.2, 8.8 ], [ -10.2, 8.7 ], [ -10.1, 8.7 ], [ -10.1, 8.6 ], [ -10.0, 8.6 ], [ -10.0, 8.5 ], [ -9.9, 8.5 ], [ -9.9, 8.4 ], [ -9.8, 8.5 ], [ -9.7, 8.6 ], [ -9.5, 8.6 ], [ -9.4, 8.7 ], [ -9.4, 8.8 ], [ -9.4, 8.9 ], [ -9.5, 8.9 ], [ -9.6, 8.9 ], [ -9.7, 8.9 ], [ -9.7, 9.0 ], [ -9.7, 9.1 ], [ -9.6, 9.1 ], [ -9.5, 9.1 ], [ -9.4, 9.2 ], [ -9.3, 9.2 ], [ -9.3, 9.1 ], [ -9.2, 9.1 ], [ -9.2, 9.2 ], [ -9.2, 9.3 ], [ -9.1, 9.3 ], [ -9.1, 9.2 ], [ -9.1, 9.1 ], [ -9.1, 9.0 ], [ -9.0, 9.0 ], [ -9.0, 8.9 ], [ -9.1, 8.9 ], [ -9.1, 8.8 ], [ -9.1, 8.7 ], [ -9.0, 8.7 ], [ -9.0, 8.6 ], [ -9.0, 8.5 ], [ -8.9, 8.5 ], [ -8.9, 8.6 ], [ -8.8, 8.6 ], [ -8.8, 8.5 ], [ -8.7, 8.5 ], [ -8.7, 8.4 ], [ -8.6, 8.4 ], [ -8.6, 8.3 ], [ -8.5, 8.3 ], [ -8.5, 8.2 ], [ -8.4, 8.2 ], [ -8.4, 8.1 ], [ -8.3, 8.1 ], [ -8.3, 8.0 ], [ -8.2, 8.0 ], [ -8.2, 7.9 ], [ -8.1, 7.9 ], [ -8.0, 7.9 ], [ -8.0, 7.8 ], [ -7.9, 7.8 ], [ -7.8, 7.8 ], [ -7.8, 7.7 ], [ -7.7, 7.7 ], [ -7.6, 7.7 ], [ -7.6, 7.6 ], [ -7.5, 7.6 ], [ -7.5, 7.5 ], [ -7.4, 7.5 ], [ -7.3, 7.6 ], [ -7.2, 7.7 ], [ -7.1, 7.7 ], [ -7.0, 7.8 ], [ -6.9, 7.8 ], [ -6.9, 7.9 ], [ -6.8, 8.0 ], [ -6.6, 8.0 ], [ -6.6, 7.9 ] ], [ [ -11.2, 9.2 ], [ -11.2, 9.1 ], [ -11.1, 9.1 ], [ -11.1, 9.2 ], [ -11.2, 9.3 ], [ -11.2, 9.2 ] ], [ [ -9.5, 8.2 ], [ -9.5, 8.1 ], [ -9.4, 8.1 ], [ -9.4, 8.2 ], [ -9.5, 8.2 ] ], [ [ -8.3, 7.6 ], [ -8.3, 7.7 ], [ -8.4, 7.7 ], [ -8.5, 7.7 ], [ -8.5, 7.6 ], [ -8.4, 7.6 ], [ -8.3, 7.6 ] ], [ [ -11.0, 8.5 ], [ -11.0, 8.6 ], [ -11.1, 8.7 ], [ -11.1, 8.6 ], [ -11.1, 8.5 ], [ -11.2, 8.4 ], [ -11.2, 8.3 ], [ -11.1, 8.3 ], [ -11.1, 8.4 ], [ -11.0, 8.4 ], [ -11.0, 8.5 ] ] ], [ [ [ -5.8, 7.2 ], [ -5.9, 7.2 ], [ -6.0, 7.3 ], [ -5.9, 7.3 ], [ -5.8, 7.3 ], [ -5.8, 7.2 ] ] ], [ [ [ 10.7, 7.4 ], [ 10.7, 7.5 ], [ 10.8, 7.5 ], [ 10.8, 7.4 ], [ 10.7, 7.4 ] ] ], [ [ [ -5.8, 7.4 ], [ -5.9, 7.4 ], [ -5.9, 7.5 ], [ -5.8, 7.5 ], [ -5.8, 7.4 ] ] ], [ [ [ 1.1, 7.5 ], [ 1.0, 7.5 ], [ 1.0, 7.4 ], [ 0.9, 7.4 ], [ 0.9, 7.3 ], [ 0.8, 7.3 ], [ 0.8, 7.2 ], [ 0.8, 7.1 ], [ 0.7, 7.1 ], [ 0.7, 7.0 ], [ 0.7, 6.9 ], [ 0.6, 6.9 ], [ 0.6, 6.8 ], [ 0.5, 6.8 ], [ 0.4, 6.8 ], [ 0.4, 6.9 ], [ 0.4, 7.0 ], [ 0.5, 7.0 ], [ 0.5, 7.1 ], [ 0.6, 7.1 ], [ 0.6, 7.2 ], [ 0.6, 7.3 ], [ 0.6, 7.4 ], [ 0.6, 7.5 ], [ 0.6, 7.6 ], [ 0.6, 7.7 ], [ 0.6, 7.8 ], [ 0.6, 7.9 ], [ 0.6, 8.0 ], [ 0.6, 8.1 ], [ 0.5, 8.1 ], [ 0.5, 8.2 ], [ 0.6, 8.2 ], [ 0.6, 8.3 ], [ 0.6, 8.4 ], [ 0.7, 8.3 ], [ 0.8, 8.4 ], [ 0.8, 8.3 ], [ 0.8, 8.2 ], [ 0.9, 8.2 ], [ 0.9, 8.1 ], [ 0.9, 8.0 ], [ 0.8, 8.0 ], [ 0.8, 7.9 ], [ 0.9, 7.9 ], [ 0.9, 7.8 ], [ 1.0, 7.8 ], [ 1.1, 7.7 ], [ 1.1, 7.6 ], [ 1.1, 7.5 ] ] ], [ [ [ -7.4, 7.8 ], [ -7.3, 7.8 ], [ -7.2, 7.8 ], [ -7.3, 7.7 ], [ -7.4, 7.6 ], [ -7.5, 7.6 ], [ -7.5, 7.7 ], [ -7.6, 7.8 ], [ -7.5, 7.8 ], [ -7.4, 7.8 ] ] ], [ [ [ -6.0, 7.8 ], [ -6.0, 7.7 ], [ -6.1, 7.7 ], [ -6.1, 7.8 ], [ -6.0, 7.8 ] ] ], [ [ [ -6.3, 7.8 ], [ -6.2, 7.8 ], [ -6.2, 7.7 ], [ -6.3, 7.8 ] ] ], [ [ [ -7.3, 7.9 ], [ -7.4, 7.8 ], [ -7.4, 7.9 ], [ -7.3, 7.9 ] ] ], [ [ [ -7.6, 8.0 ], [ -7.6, 7.9 ], [ -7.7, 7.9 ], [ -7.7, 8.0 ], [ -7.6, 8.0 ] ] ], [ [ [ -7.5, 8.0 ], [ -7.5, 8.1 ], [ -7.4, 8.1 ], [ -7.4, 8.0 ], [ -7.5, 8.0 ] ] ], [ [ [ -8.3, 8.5 ], [ -8.3, 8.4 ], [ -8.4, 8.4 ], [ -8.4, 8.5 ], [ -8.3, 8.5 ] ] ], [ [ [ -13.2, 8.4 ], [ -13.3, 8.4 ], [ -13.3, 8.5 ], [ -13.2, 8.5 ], [ -13.2, 8.4 ] ] ], [ [ [ 0.7, 8.9 ], [ 0.7, 8.8 ], [ 0.8, 8.8 ], [ 0.8, 8.7 ], [ 0.8, 8.6 ], [ 0.8, 8.5 ], [ 0.7, 8.5 ], [ 0.7, 8.6 ], [ 0.6, 8.6 ], [ 0.6, 8.7 ], [ 0.6, 8.8 ], [ 0.6, 8.9 ], [ 0.7, 8.9 ] ] ], [ [ [ -8.5, 8.8 ], [ -8.4, 8.8 ], [ -8.5, 8.7 ], [ -8.5, 8.8 ] ] ], [ [ [ -8.3, 8.9 ], [ -8.3, 8.8 ], [ -8.4, 8.8 ], [ -8.4, 8.9 ], [ -8.3, 8.9 ] ] ], [ [ [ -8.4, 9.0 ], [ -8.4, 8.9 ], [ -8.5, 8.9 ], [ -8.5, 8.8 ], [ -8.6, 8.8 ], [ -8.6, 8.9 ], [ -8.6, 9.0 ], [ -8.5, 9.0 ], [ -8.4, 9.0 ] ] ], [ [ [ 1.3, 9.0 ], [ 1.2, 9.0 ], [ 1.2, 9.1 ], [ 1.3, 9.1 ], [ 1.3, 9.0 ] ] ], [ [ [ -8.9, 9.3 ], [ -8.9, 9.2 ], [ -8.9, 9.1 ], [ -8.9, 9.0 ], [ -9.0, 9.0 ], [ -9.0, 9.1 ], [ -9.0, 9.2 ], [ -9.0, 9.3 ], [ -8.9, 9.3 ] ] ], [ [ [ -9.6, 9.2 ], [ -9.6, 9.3 ], [ -9.5, 9.3 ], [ -9.4, 9.3 ], [ -9.4, 9.2 ], [ -9.5, 9.2 ], [ -9.6, 9.2 ] ] ], [ [ [ 1.3, 9.2 ], [ 1.2, 9.2 ], [ 1.1, 9.2 ], [ 1.0, 9.3 ], [ 1.1, 9.3 ], [ 1.2, 9.3 ], [ 1.2, 9.4 ], [ 1.3, 9.4 ], [ 1.4, 9.4 ], [ 1.4, 9.3 ], [ 1.3, 9.2 ] ] ], [ [ [ -12.8, 9.6 ], [ -12.8, 9.5 ], [ -12.9, 9.5 ], [ -12.9, 9.6 ], [ -12.9, 9.7 ], [ -12.9, 9.8 ], [ -12.9, 9.9 ], [ -12.8, 9.9 ], [ -12.8, 9.8 ], [ -12.8, 9.7 ], [ -12.8, 9.6 ] ] ], [ [ [ 1.6, 10.2 ], [ 1.6, 10.1 ], [ 1.5, 10.1 ], [ 1.5, 10.2 ], [ 1.4, 10.2 ], [ 1.4, 10.3 ], [ 1.5, 10.3 ], [ 1.5, 10.4 ], [ 1.5, 10.5 ], [ 1.6, 10.5 ], [ 1.6, 10.4 ], [ 1.7, 10.4 ], [ 1.7, 10.3 ], [ 1.6, 10.3 ], [ 1.6, 10.2 ] ] ], [ [ [ -11.2, 10.4 ], [ -11.2, 10.3 ], [ -11.2, 10.2 ], [ -11.3, 10.2 ], [ -11.3, 10.3 ], [ -11.4, 10.3 ], [ -11.5, 10.3 ], [ -11.5, 10.4 ], [ -11.6, 10.4 ], [ -11.7, 10.4 ], [ -11.7, 10.5 ], [ -11.6, 10.5 ], [ -11.6, 10.6 ], [ -11.6, 10.7 ], [ -11.5, 10.7 ], [ -11.5, 10.8 ], [ -11.4, 10.8 ], [ -11.4, 10.9 ], [ -11.4, 11.0 ], [ -11.3, 11.0 ], [ -11.2, 11.0 ], [ -11.1, 11.0 ], [ -11.0, 11.0 ], [ -10.9, 11.0 ], [ -10.9, 10.9 ], [ -10.8, 10.9 ], [ -10.8, 10.8 ], [ -10.8, 10.7 ], [ -10.9, 10.7 ], [ -11.0, 10.7 ], [ -11.1, 10.7 ], [ -11.1, 10.6 ], [ -11.2, 10.6 ], [ -11.2, 10.5 ], [ -11.2, 10.4 ] ] ], [ [ [ -12.5, 11.6 ], [ -12.4, 11.6 ], [ -12.3, 11.6 ], [ -12.2, 11.6 ], [ -12.2, 11.7 ], [ -12.3, 11.7 ], [ -12.4, 11.7 ], [ -12.4, 11.8 ], [ -12.5, 11.8 ], [ -12.5, 11.9 ], [ -12.5, 12.0 ], [ -12.6, 12.0 ], [ -12.6, 12.1 ], [ -12.5, 12.1 ], [ -12.5, 12.2 ], [ -12.4, 12.2 ], [ -12.3, 12.2 ], [ -12.2, 12.2 ], [ -12.1, 12.2 ], [ -12.0, 12.2 ], [ -12.0, 12.1 ], [ -11.9, 12.1 ], [ -11.9, 12.0 ], [ -11.9, 11.9 ], [ -11.9, 11.8 ], [ -11.8, 11.8 ], [ -11.8, 11.7 ], [ -11.8, 11.6 ], [ -11.8, 11.5 ], [ -11.8, 11.4 ], [ -11.9, 11.4 ], [ -11.9, 11.3 ], [ -11.9, 11.2 ], [ -11.9, 11.1 ], [ -11.9, 11.0 ], [ -11.8, 11.0 ], [ -11.8, 10.9 ], [ -11.7, 10.9 ], [ -11.7, 10.8 ], [ -11.7, 10.7 ], [ -11.7, 10.6 ], [ -11.8, 10.6 ], [ -11.8, 10.5 ], [ -11.8, 10.4 ], [ -11.9, 10.4 ], [ -11.9, 10.3 ], [ -12.0, 10.3 ], [ -12.0, 10.4 ], [ -12.1, 10.4 ], [ -12.1, 10.5 ], [ -12.1, 10.6 ], [ -12.2, 10.6 ], [ -12.2, 10.5 ], [ -12.3, 10.5 ], [ -12.3, 10.6 ], [ -12.4, 10.6 ], [ -12.4, 10.7 ], [ -12.4, 10.8 ], [ -12.5, 10.8 ], [ -12.6, 10.8 ], [ -12.6, 10.9 ], [ -12.7, 10.9 ], [ -12.7, 11.0 ], [ -12.8, 11.0 ], [ -12.9, 11.0 ], [ -13.0, 11.0 ], [ -13.0, 11.1 ], [ -12.9, 11.1 ], [ -12.9, 11.2 ], [ -12.9, 11.3 ], [ -13.0, 11.3 ], [ -13.0, 11.4 ], [ -12.9, 11.4 ], [ -12.8, 11.4 ], [ -12.7, 11.4 ], [ -12.7, 11.5 ], [ -12.6, 11.5 ], [ -12.6, 11.6 ], [ -12.5, 11.6 ] ], [ [ -12.2, 11.5 ], [ -12.2, 11.4 ], [ -12.2, 11.3 ], [ -12.1, 11.2 ], [ -12.1, 11.1 ], [ -12.2, 11.1 ], [ -12.2, 11.0 ], [ -12.3, 11.0 ], [ -12.3, 10.9 ], [ -12.2, 10.9 ], [ -12.2, 10.8 ], [ -12.1, 10.8 ], [ -12.1, 10.7 ], [ -12.0, 10.7 ], [ -12.0, 10.8 ], [ -12.0, 10.9 ], [ -12.0, 11.0 ], [ -12.0, 11.1 ], [ -12.0, 11.2 ], [ -12.0, 11.3 ], [ -12.1, 11.3 ], [ -12.1, 11.4 ], [ -12.1, 11.5 ], [ -12.1, 11.6 ], [ -12.2, 11.6 ], [ -12.2, 11.5 ] ] ], [ [ [ 24.3, -34.0 ], [ 24.4, -34.0 ], [ 24.4, -34.1 ], [ 24.3, -34.1 ], [ 24.2, -34.1 ], [ 24.1, -34.1 ], [ 24.1, -34.0 ], [ 24.2, -34.0 ], [ 24.3, -34.0 ] ] ], [ [ [ 23.2, -33.8 ], [ 23.2, -33.9 ], [ 23.3, -33.9 ], [ 23.3, -34.0 ], [ 23.2, -34.0 ], [ 23.2, -34.1 ], [ 23.1, -34.1 ], [ 23.0, -34.1 ], [ 23.0, -34.0 ], [ 22.9, -34.0 ], [ 22.8, -34.0 ], [ 22.7, -34.0 ], [ 22.6, -34.0 ], [ 22.5, -34.0 ], [ 22.4, -34.0 ], [ 22.3, -34.0 ], [ 22.3, -33.9 ], [ 22.4, -33.9 ], [ 22.5, -33.9 ], [ 22.6, -33.9 ], [ 22.7, -33.9 ], [ 22.8, -33.9 ], [ 22.9, -33.9 ], [ 23.0, -33.9 ], [ 23.0, -33.8 ], [ 23.1, -33.8 ], [ 23.2, -33.8 ] ] ], [ [ [ 23.7, -34.0 ], [ 23.6, -34.0 ], [ 23.6, -33.9 ], [ 23.7, -33.9 ], [ 23.8, -33.9 ], [ 23.8, -34.0 ], [ 23.7, -34.0 ] ] ], [ [ [ 23.9, -34.0 ], [ 23.8, -34.0 ], [ 23.9, -33.9 ], [ 23.9, -34.0 ] ] ], [ [ [ 28.3, -32.7 ], [ 28.3, -32.6 ], [ 28.4, -32.6 ], [ 28.4, -32.7 ], [ 28.3, -32.7 ] ] ], [ [ [ 28.5, -32.6 ], [ 28.4, -32.6 ], [ 28.4, -32.5 ], [ 28.5, -32.5 ], [ 28.6, -32.5 ], [ 28.6, -32.6 ], [ 28.5, -32.6 ] ] ], [ [ [ 28.6, -32.5 ], [ 28.6, -32.4 ], [ 28.7, -32.4 ], [ 28.7, -32.5 ], [ 28.6, -32.5 ] ] ], [ [ [ 28.7, -32.4 ], [ 28.7, -32.3 ], [ 28.8, -32.3 ], [ 28.8, -32.4 ], [ 28.7, -32.4 ] ] ], [ [ [ 28.9, -32.2 ], [ 28.9, -32.3 ], [ 28.8, -32.3 ], [ 28.8, -32.2 ], [ 28.9, -32.2 ] ] ], [ [ [ 28.9, -32.0 ], [ 29.0, -32.0 ], [ 29.0, -31.9 ], [ 29.1, -31.9 ], [ 29.1, -32.0 ], [ 29.1, -32.1 ], [ 29.0, -32.1 ], [ 29.0, -32.2 ], [ 28.9, -32.2 ], [ 28.9, -32.1 ], [ 28.9, -32.0 ] ] ], [ [ [ 11.5, 7.1 ], [ 11.6, 7.1 ], [ 11.7, 7.1 ], [ 11.7, 7.2 ], [ 11.6, 7.3 ], [ 11.6, 7.5 ], [ 11.7, 7.5 ], [ 11.8, 7.5 ], [ 11.8, 7.6 ], [ 11.9, 7.6 ], [ 12.0, 7.6 ], [ 12.0, 7.5 ], [ 12.0, 7.4 ], [ 12.1, 7.3 ], [ 12.1, 7.4 ], [ 12.2, 7.5 ], [ 12.2, 7.6 ], [ 12.3, 7.6 ], [ 12.3, 7.5 ], [ 12.3, 7.4 ], [ 12.4, 7.4 ], [ 12.5, 7.4 ], [ 12.6, 7.4 ], [ 12.6, 7.3 ], [ 12.6, 7.2 ], [ 12.5, 7.3 ], [ 12.5, 7.2 ], [ 12.4, 7.1 ], [ 12.4, 7.0 ], [ 12.3, 7.0 ], [ 12.2, 7.0 ], [ 12.2, 7.1 ], [ 12.1, 7.1 ], [ 12.1, 7.0 ], [ 12.0, 7.1 ], [ 11.9, 7.0 ], [ 11.8, 7.0 ], [ 11.8, 6.9 ], [ 11.8, 6.8 ], [ 11.7, 6.8 ], [ 11.8, 6.7 ], [ 11.9, 6.7 ], [ 11.8, 6.6 ], [ 11.7, 6.6 ], [ 11.6, 6.5 ], [ 11.5, 6.5 ], [ 11.4, 6.5 ], [ 11.4, 6.4 ], [ 11.3, 6.4 ], [ 11.3, 6.5 ], [ 11.2, 6.5 ], [ 11.1, 6.4 ], [ 11.1, 6.5 ], [ 11.1, 6.6 ], [ 11.0, 6.7 ], [ 10.9, 6.7 ], [ 10.9, 6.8 ], [ 10.9, 6.9 ], [ 10.9, 7.0 ], [ 11.0, 7.0 ], [ 11.0, 7.1 ], [ 10.9, 7.2 ], [ 11.0, 7.3 ], [ 11.0, 7.4 ], [ 11.1, 7.4 ], [ 11.1, 7.3 ], [ 11.1, 7.2 ], [ 11.2, 7.2 ], [ 11.2, 7.1 ], [ 11.3, 7.1 ], [ 11.3, 7.0 ], [ 11.4, 7.0 ], [ 11.4, 7.1 ], [ 11.4, 7.2 ], [ 11.5, 7.1 ] ] ], [ [ [ 14.3, 7.1 ], [ 14.3, 7.0 ], [ 14.2, 7.0 ], [ 14.2, 7.1 ], [ 14.2, 7.2 ], [ 14.2, 7.3 ], [ 14.3, 7.3 ], [ 14.4, 7.3 ], [ 14.5, 7.4 ], [ 14.6, 7.4 ], [ 14.7, 7.4 ], [ 14.7, 7.3 ], [ 14.6, 7.3 ], [ 14.5, 7.3 ], [ 14.5, 7.2 ], [ 14.5, 7.1 ], [ 14.5, 7.0 ], [ 14.4, 7.0 ], [ 14.4, 7.1 ], [ 14.3, 7.2 ], [ 14.3, 7.1 ] ] ], [ [ [ 14.1, 7.3 ], [ 14.1, 7.4 ], [ 14.0, 7.4 ], [ 14.0, 7.5 ], [ 14.1, 7.5 ], [ 14.2, 7.5 ], [ 14.3, 7.5 ], [ 14.3, 7.4 ], [ 14.2, 7.4 ], [ 14.1, 7.3 ] ] ], [ [ [ 11.1, 7.4 ], [ 11.1, 7.5 ], [ 11.2, 7.5 ], [ 11.1, 7.4 ] ] ], [ [ [ 13.0, 7.6 ], [ 12.9, 7.6 ], [ 12.9, 7.5 ], [ 12.8, 7.4 ], [ 12.8, 7.3 ], [ 12.7, 7.3 ], [ 12.6, 7.4 ], [ 12.6, 7.5 ], [ 12.6, 7.6 ], [ 12.5, 7.7 ], [ 12.6, 7.7 ], [ 12.6, 7.8 ], [ 12.7, 7.8 ], [ 12.8, 7.8 ], [ 12.8, 7.9 ], [ 12.9, 7.9 ], [ 13.0, 7.8 ], [ 13.0, 7.7 ], [ 13.0, 7.6 ] ] ], [ [ [ 13.4, 8.4 ], [ 13.4, 8.3 ], [ 13.4, 8.2 ], [ 13.3, 8.3 ], [ 13.2, 8.3 ], [ 13.1, 8.3 ], [ 13.1, 8.4 ], [ 13.1, 8.5 ], [ 13.2, 8.4 ], [ 13.3, 8.4 ], [ 13.4, 8.4 ] ] ], [ [ [ 12.2, 8.4 ], [ 12.2, 8.5 ], [ 12.3, 8.4 ], [ 12.3, 8.3 ], [ 12.2, 8.3 ], [ 12.2, 8.4 ] ] ], [ [ [ 12.0, 8.4 ], [ 12.0, 8.3 ], [ 12.0, 8.2 ], [ 11.9, 8.2 ], [ 11.9, 8.1 ], [ 12.0, 8.0 ], [ 11.9, 8.0 ], [ 11.8, 8.0 ], [ 11.7, 8.1 ], [ 11.7, 8.2 ], [ 11.7, 8.3 ], [ 11.7, 8.4 ], [ 11.7, 8.5 ], [ 11.7, 8.6 ], [ 11.7, 8.7 ], [ 11.6, 8.7 ], [ 11.6, 8.8 ], [ 11.7, 8.8 ], [ 11.8, 8.7 ], [ 11.8, 8.6 ], [ 11.9, 8.6 ], [ 11.9, 8.5 ], [ 11.9, 8.4 ], [ 12.0, 8.4 ] ] ], [ [ [ 12.9, 8.8 ], [ 12.8, 8.7 ], [ 12.7, 8.6 ], [ 12.6, 8.6 ], [ 12.6, 8.5 ], [ 12.5, 8.6 ], [ 12.5, 8.7 ], [ 12.6, 8.7 ], [ 12.7, 8.8 ], [ 12.7, 8.7 ], [ 12.8, 8.8 ], [ 12.8, 8.9 ], [ 12.9, 8.9 ], [ 12.9, 8.8 ] ] ], [ [ [ 29.9, -31.2 ], [ 29.9, -31.1 ], [ 30.0, -31.1 ], [ 30.0, -31.0 ], [ 30.1, -31.0 ], [ 30.1, -30.9 ], [ 30.2, -30.9 ], [ 30.2, -30.8 ], [ 30.2, -30.7 ], [ 30.3, -30.7 ], [ 30.3, -30.6 ], [ 30.2, -30.6 ], [ 30.2, -30.5 ], [ 30.3, -30.5 ], [ 30.4, -30.5 ], [ 30.3, -30.4 ], [ 30.4, -30.4 ], [ 30.4, -30.3 ], [ 30.5, -30.3 ], [ 30.5, -30.2 ], [ 30.6, -30.2 ], [ 30.6, -30.1 ], [ 30.6, -30.0 ], [ 30.7, -30.0 ], [ 30.7, -29.9 ], [ 30.8, -29.9 ], [ 30.8, -29.8 ], [ 30.9, -29.8 ], [ 30.9, -29.9 ], [ 31.0, -29.9 ], [ 31.0, -30.0 ], [ 30.9, -30.0 ], [ 30.9, -30.1 ], [ 30.8, -30.1 ], [ 30.8, -30.2 ], [ 30.8, -30.3 ], [ 30.7, -30.3 ], [ 30.7, -30.4 ], [ 30.7, -30.5 ], [ 30.6, -30.5 ], [ 30.6, -30.6 ], [ 30.5, -30.6 ], [ 30.5, -30.7 ], [ 30.5, -30.8 ], [ 30.4, -30.8 ], [ 30.4, -30.9 ], [ 30.3, -30.9 ], [ 30.3, -31.0 ], [ 30.2, -31.0 ], [ 30.2, -31.1 ], [ 30.1, -31.1 ], [ 30.1, -31.2 ], [ 30.0, -31.2 ], [ 30.0, -31.3 ], [ 29.9, -31.3 ], [ 29.9, -31.4 ], [ 29.8, -31.4 ], [ 29.8, -31.5 ], [ 29.7, -31.5 ], [ 29.7, -31.6 ], [ 29.6, -31.6 ], [ 29.5, -31.6 ], [ 29.5, -31.7 ], [ 29.4, -31.7 ], [ 29.4, -31.8 ], [ 29.3, -31.8 ], [ 29.3, -31.9 ], [ 29.2, -31.9 ], [ 29.2, -31.8 ], [ 29.2, -31.7 ], [ 29.2, -31.6 ], [ 29.3, -31.6 ], [ 29.4, -31.6 ], [ 29.4, -31.5 ], [ 29.5, -31.5 ], [ 29.6, -31.5 ], [ 29.6, -31.4 ], [ 29.7, -31.4 ], [ 29.7, -31.3 ], [ 29.8, -31.3 ], [ 29.8, -31.2 ], [ 29.9, -31.2 ] ] ], [ [ [ 31.3, -29.2 ], [ 31.3, -29.1 ], [ 31.3, -29.0 ], [ 31.3, -28.9 ], [ 31.4, -28.9 ], [ 31.5, -28.9 ], [ 31.5, -28.8 ], [ 31.6, -28.8 ], [ 31.7, -28.8 ], [ 31.8, -28.8 ], [ 31.8, -28.7 ], [ 31.9, -28.7 ], [ 32.0, -28.7 ], [ 32.0, -28.8 ], [ 32.0, -28.9 ], [ 31.9, -28.9 ], [ 31.8, -28.9 ], [ 31.8, -29.0 ], [ 31.7, -29.0 ], [ 31.7, -29.1 ], [ 31.6, -29.1 ], [ 31.6, -29.2 ], [ 31.5, -29.2 ], [ 31.5, -29.3 ], [ 31.4, -29.3 ], [ 31.4, -29.4 ], [ 31.3, -29.4 ], [ 31.3, -29.5 ], [ 31.2, -29.5 ], [ 31.2, -29.6 ], [ 31.1, -29.6 ], [ 31.1, -29.7 ], [ 31.0, -29.7 ], [ 31.0, -29.8 ], [ 30.9, -29.8 ], [ 30.9, -29.7 ], [ 30.8, -29.7 ], [ 30.8, -29.6 ], [ 30.8, -29.5 ], [ 30.9, -29.5 ], [ 31.0, -29.5 ], [ 31.0, -29.4 ], [ 31.1, -29.4 ], [ 31.1, -29.3 ], [ 31.2, -29.3 ], [ 31.2, -29.2 ], [ 31.3, -29.2 ] ] ], [ [ [ 31.1, -29.2 ], [ 31.1, -29.3 ], [ 31.0, -29.3 ], [ 31.0, -29.2 ], [ 31.1, -29.2 ] ] ], [ [ [ 32.3, -27.8 ], [ 32.3, -27.7 ], [ 32.3, -27.6 ], [ 32.2, -27.6 ], [ 32.2, -27.5 ], [ 32.1, -27.5 ], [ 32.1, -27.4 ], [ 32.0, -27.4 ], [ 32.0, -27.3 ], [ 31.9, -27.3 ], [ 31.8, -27.2 ], [ 31.8, -26.7 ], [ 31.8, -26.4 ], [ 31.9, -26.3 ], [ 31.9, -26.1 ], [ 32.0, -26.0 ], [ 32.0, -25.9 ], [ 32.1, -25.8 ], [ 32.1, -25.7 ], [ 32.3, -25.6 ], [ 32.3, -25.5 ], [ 32.3, -25.4 ], [ 32.4, -25.3 ], [ 32.5, -25.2 ], [ 32.6, -25.1 ], [ 32.8, -25.0 ], [ 32.8, -24.9 ], [ 32.9, -24.8 ], [ 33.1, -24.7 ], [ 33.2, -24.7 ], [ 33.2, -24.6 ], [ 33.2, -24.5 ], [ 33.1, -24.4 ], [ 33.2, -24.4 ], [ 33.2, -24.3 ], [ 33.3, -24.4 ], [ 33.3, -24.5 ], [ 33.3, -24.6 ], [ 33.3, -24.7 ], [ 33.4, -24.7 ], [ 33.5, -24.8 ], [ 33.5, -24.7 ], [ 33.5, -24.6 ], [ 33.6, -24.6 ], [ 33.7, -24.6 ], [ 33.9, -24.5 ], [ 34.0, -24.4 ], [ 34.1, -24.4 ], [ 34.1, -24.3 ], [ 34.2, -24.3 ], [ 34.3, -24.2 ], [ 34.3, -24.1 ], [ 34.2, -24.0 ], [ 34.2, -23.9 ], [ 34.2, -23.8 ], [ 34.3, -23.8 ], [ 34.4, -23.9 ], [ 34.4, -24.0 ], [ 34.5, -24.0 ], [ 34.6, -24.0 ], [ 34.7, -23.9 ], [ 34.7, -23.8 ], [ 34.7, -23.7 ], [ 34.8, -23.6 ], [ 34.8, -23.4 ], [ 34.8, -23.2 ], [ 34.8, -23.1 ], [ 34.7, -22.8 ], [ 34.7, -22.7 ], [ 34.7, -22.6 ], [ 34.6, -22.5 ], [ 34.5, -22.6 ], [ 34.4, -22.6 ], [ 34.3, -22.6 ], [ 34.3, -22.5 ], [ 34.3, -22.4 ], [ 34.4, -22.3 ], [ 34.5, -22.2 ], [ 34.6, -22.1 ], [ 34.5, -22.0 ], [ 34.5, -21.9 ], [ 34.5, -21.8 ], [ 34.5, -21.6 ], [ 34.6, -21.5 ], [ 34.6, -21.4 ], [ 34.6, -21.3 ], [ 34.7, -21.3 ], [ 34.8, -21.2 ], [ 34.9, -21.1 ], [ 35.0, -21.2 ], [ 35.0, -21.3 ], [ 35.1, -21.3 ], [ 35.1, -21.4 ], [ 35.2, -21.5 ], [ 35.3, -21.6 ], [ 35.3, -21.7 ], [ 35.3, -21.8 ], [ 35.3, -21.9 ], [ 35.3, -22.1 ], [ 35.3, -22.3 ], [ 35.3, -22.4 ], [ 35.3, -22.5 ], [ 35.4, -22.5 ], [ 35.5, -22.4 ], [ 35.5, -22.5 ], [ 35.5, -22.6 ], [ 35.5, -22.7 ], [ 35.5, -22.8 ], [ 35.5, -22.9 ], [ 35.6, -22.9 ], [ 35.6, -23.0 ], [ 35.5, -23.0 ], [ 35.5, -23.1 ], [ 35.5, -23.2 ], [ 35.5, -23.3 ], [ 35.5, -23.4 ], [ 35.4, -23.4 ], [ 35.4, -23.5 ], [ 35.4, -23.6 ], [ 35.3, -23.6 ], [ 35.3, -23.7 ], [ 35.3, -23.8 ], [ 35.3, -23.9 ], [ 35.3, -24.0 ], [ 35.4, -24.0 ], [ 35.4, -23.9 ], [ 35.5, -23.9 ], [ 35.5, -24.0 ], [ 35.5, -24.1 ], [ 35.5, -24.2 ], [ 35.4, -24.2 ], [ 35.4, -24.3 ], [ 35.3, -24.3 ], [ 35.3, -24.4 ], [ 35.2, -24.5 ], [ 35.2, -24.6 ], [ 35.1, -24.6 ], [ 35.0, -24.7 ], [ 34.9, -24.7 ], [ 34.8, -24.8 ], [ 34.7, -24.8 ], [ 34.6, -24.8 ], [ 34.5, -24.8 ], [ 34.5, -24.9 ], [ 34.4, -24.9 ], [ 34.3, -24.9 ], [ 34.2, -24.9 ], [ 34.2, -25.0 ], [ 34.1, -25.0 ], [ 34.0, -25.0 ], [ 33.9, -25.0 ], [ 33.9, -25.1 ], [ 33.8, -25.1 ], [ 33.7, -25.1 ], [ 33.7, -25.2 ], [ 33.6, -25.2 ], [ 33.5, -25.2 ], [ 33.4, -25.2 ], [ 33.4, -25.3 ], [ 33.3, -25.3 ], [ 33.2, -25.3 ], [ 33.2, -25.4 ], [ 33.1, -25.4 ], [ 33.0, -25.4 ], [ 33.0, -25.5 ], [ 32.9, -25.5 ], [ 32.9, -25.6 ], [ 32.8, -25.6 ], [ 32.8, -25.7 ], [ 32.7, -25.8 ], [ 32.8, -25.9 ], [ 32.7, -25.9 ], [ 32.6, -25.9 ], [ 32.6, -26.0 ], [ 32.6, -26.1 ], [ 32.7, -26.1 ], [ 32.7, -26.2 ], [ 32.8, -26.2 ], [ 32.8, -26.3 ], [ 32.9, -26.3 ], [ 32.9, -26.4 ], [ 32.9, -26.5 ], [ 32.9, -26.6 ], [ 32.9, -26.7 ], [ 32.9, -26.8 ], [ 32.8, -26.8 ], [ 32.8, -26.9 ], [ 32.8, -27.0 ], [ 32.9, -27.0 ], [ 32.9, -27.1 ], [ 32.8, -27.1 ], [ 32.8, -27.2 ], [ 32.8, -27.3 ], [ 32.7, -27.4 ], [ 32.6, -27.4 ], [ 32.6, -27.5 ], [ 32.7, -27.5 ], [ 32.7, -27.6 ], [ 32.7, -27.7 ], [ 32.6, -27.7 ], [ 32.6, -27.8 ], [ 32.6, -27.9 ], [ 32.6, -28.0 ], [ 32.6, -28.1 ], [ 32.6, -28.2 ], [ 32.5, -28.2 ], [ 32.5, -28.3 ], [ 32.4, -28.4 ], [ 32.4, -28.5 ], [ 32.3, -28.5 ], [ 32.3, -28.6 ], [ 32.3, -28.7 ], [ 32.2, -28.7 ], [ 32.1, -28.7 ], [ 32.0, -28.7 ], [ 32.0, -28.6 ], [ 32.1, -28.6 ], [ 32.1, -28.5 ], [ 32.2, -28.5 ], [ 32.2, -28.4 ], [ 32.2, -28.3 ], [ 32.1, -28.3 ], [ 32.1, -28.2 ], [ 32.1, -28.1 ], [ 32.2, -28.1 ], [ 32.3, -27.9 ], [ 32.3, -27.8 ] ], [ [ 32.5, -25.9 ], [ 32.5, -26.0 ], [ 32.6, -26.0 ], [ 32.5, -25.9 ] ], [ [ 32.4, -26.1 ], [ 32.5, -26.1 ], [ 32.5, -26.0 ], [ 32.4, -26.1 ] ] ], [ [ [ 33.0, -26.1 ], [ 32.9, -26.2 ], [ 32.9, -26.1 ], [ 33.0, -26.1 ] ] ], [ [ [ 33.0, -26.0 ], [ 33.0, -26.1 ], [ 32.9, -26.0 ], [ 33.0, -26.0 ] ] ], [ [ [ 34.7, -20.5 ], [ 34.8, -20.6 ], [ 34.7, -20.7 ], [ 34.8, -20.7 ], [ 34.8, -20.8 ], [ 34.9, -20.8 ], [ 34.9, -20.9 ], [ 35.0, -20.9 ], [ 35.0, -21.0 ], [ 34.9, -21.0 ], [ 34.8, -21.0 ], [ 34.7, -21.0 ], [ 34.6, -20.9 ], [ 34.6, -20.8 ], [ 34.5, -20.8 ], [ 34.5, -20.7 ], [ 34.4, -20.7 ], [ 34.4, -20.6 ], [ 34.4, -20.5 ], [ 34.4, -20.4 ], [ 34.4, -20.3 ], [ 34.4, -20.2 ], [ 34.4, -20.1 ], [ 34.4, -20.0 ], [ 34.4, -19.9 ], [ 34.6, -19.9 ], [ 34.7, -19.9 ], [ 34.7, -20.0 ], [ 34.7, -20.1 ], [ 34.6, -20.1 ], [ 34.6, -20.2 ], [ 34.7, -20.2 ], [ 34.7, -20.3 ], [ 34.6, -20.3 ], [ 34.6, -20.4 ], [ 34.6, -20.5 ], [ 34.7, -20.5 ] ] ], [ [ [ 32.6, -20.7 ], [ 32.6, -20.6 ], [ 32.6, -20.5 ], [ 32.7, -20.5 ], [ 32.7, -20.4 ], [ 32.7, -20.3 ], [ 32.8, -20.3 ], [ 32.8, -20.2 ], [ 32.8, -20.1 ], [ 32.8, -20.0 ], [ 32.9, -20.0 ], [ 32.9, -19.9 ], [ 32.9, -19.8 ], [ 33.0, -19.8 ], [ 33.0, -19.7 ], [ 32.9, -19.7 ], [ 32.9, -19.6 ], [ 32.9, -19.5 ], [ 33.0, -19.6 ], [ 33.1, -19.6 ], [ 33.1, -19.7 ], [ 33.2, -19.7 ], [ 33.3, -19.7 ], [ 33.3, -19.6 ], [ 33.4, -19.5 ], [ 33.4, -19.4 ], [ 33.5, -19.4 ], [ 33.5, -19.3 ], [ 33.5, -19.2 ], [ 33.6, -19.2 ], [ 33.6, -19.1 ], [ 33.6, -19.0 ], [ 33.7, -19.0 ], [ 33.7, -19.1 ], [ 33.7, -19.2 ], [ 33.8, -19.2 ], [ 33.8, -19.3 ], [ 33.7, -19.3 ], [ 33.7, -19.4 ], [ 33.7, -19.5 ], [ 33.6, -19.5 ], [ 33.6, -19.6 ], [ 33.5, -19.6 ], [ 33.4, -19.7 ], [ 33.4, -19.8 ], [ 33.3, -19.8 ], [ 33.3, -19.9 ], [ 33.2, -19.9 ], [ 33.2, -20.0 ], [ 33.1, -20.0 ], [ 33.1, -20.1 ], [ 33.2, -20.1 ], [ 33.3, -20.1 ], [ 33.3, -20.2 ], [ 33.2, -20.2 ], [ 33.2, -20.3 ], [ 33.1, -20.3 ], [ 33.1, -20.4 ], [ 33.1, -20.5 ], [ 33.0, -20.5 ], [ 33.0, -20.6 ], [ 32.9, -20.6 ], [ 32.8, -20.6 ], [ 32.7, -20.7 ], [ 32.6, -20.7 ] ] ], [ [ [ 29.4, -7.0 ], [ 29.5, -7.0 ], [ 29.6, -7.0 ], [ 29.6, -6.9 ], [ 29.7, -6.9 ], [ 29.7, -7.0 ], [ 29.8, -7.0 ], [ 29.8, -7.1 ], [ 29.9, -7.1 ], [ 30.0, -7.1 ], [ 30.0, -7.2 ], [ 30.1, -7.2 ], [ 30.1, -7.3 ], [ 30.2, -7.3 ], [ 30.2, -7.4 ], [ 30.2, -7.5 ], [ 30.2, -7.6 ], [ 30.2, -7.7 ], [ 30.3, -7.7 ], [ 30.3, -7.8 ], [ 30.2, -7.8 ], [ 30.1, -7.8 ], [ 30.1, -7.9 ], [ 30.1, -8.0 ], [ 30.0, -8.0 ], [ 29.9, -8.0 ], [ 29.9, -7.9 ], [ 29.8, -8.0 ], [ 29.7, -8.0 ], [ 29.6, -8.1 ], [ 29.6, -8.0 ], [ 29.6, -7.9 ], [ 29.6, -7.8 ], [ 29.5, -7.8 ], [ 29.4, -7.8 ], [ 29.4, -7.9 ], [ 29.3, -7.9 ], [ 29.3, -8.0 ], [ 29.2, -8.0 ], [ 29.1, -8.0 ], [ 29.1, -7.9 ], [ 29.0, -7.9 ], [ 29.0, -7.8 ], [ 28.9, -7.8 ], [ 28.8, -7.8 ], [ 28.7, -7.7 ], [ 28.7, -7.6 ], [ 28.7, -7.5 ], [ 28.7, -7.4 ], [ 28.7, -7.3 ], [ 28.8, -7.2 ], [ 28.9, -7.1 ], [ 28.9, -7.0 ], [ 28.9, -6.9 ], [ 28.9, -6.7 ], [ 28.9, -6.6 ], [ 28.9, -6.5 ], [ 28.9, -6.4 ], [ 28.8, -6.3 ], [ 28.8, -6.2 ], [ 28.8, -6.1 ], [ 28.9, -6.1 ], [ 29.0, -6.1 ], [ 29.1, -6.1 ], [ 29.2, -6.1 ], [ 29.3, -6.1 ], [ 29.3, -6.2 ], [ 29.3, -6.3 ], [ 29.4, -6.3 ], [ 29.4, -6.4 ], [ 29.4, -6.5 ], [ 29.5, -6.5 ], [ 29.5, -6.6 ], [ 29.5, -6.7 ], [ 29.4, -6.7 ], [ 29.4, -6.8 ], [ 29.4, -6.9 ], [ 29.4, -7.0 ] ] ], [ [ [ 30.0, -6.3 ], [ 30.0, -6.4 ], [ 29.9, -6.4 ], [ 29.9, -6.3 ], [ 30.0, -6.3 ] ] ], [ [ [ 29.9, -6.2 ], [ 29.9, -6.3 ], [ 29.8, -6.3 ], [ 29.8, -6.2 ], [ 29.9, -6.2 ] ] ], [ [ [ 30.5, -6.2 ], [ 30.5, -6.3 ], [ 30.4, -6.3 ], [ 30.4, -6.2 ], [ 30.5, -6.2 ] ] ], [ [ [ 29.7, -6.2 ], [ 29.7, -6.1 ], [ 29.8, -6.1 ], [ 29.8, -6.2 ], [ 29.7, -6.2 ] ] ], [ [ [ 30.5, -6.0 ], [ 30.6, -6.0 ], [ 30.6, -6.1 ], [ 30.6, -6.2 ], [ 30.5, -6.2 ], [ 30.5, -6.1 ], [ 30.5, -6.0 ] ] ], [ [ [ 30.2, -6.0 ], [ 30.2, -6.1 ], [ 30.1, -6.1 ], [ 30.1, -6.0 ], [ 30.2, -6.0 ] ] ], [ [ [ 30.2, -5.8 ], [ 30.1, -5.8 ], [ 30.1, -5.7 ], [ 30.2, -5.7 ], [ 30.2, -5.8 ] ] ], [ [ [ 30.4, -5.5 ], [ 30.4, -5.4 ], [ 30.5, -5.4 ], [ 30.5, -5.5 ], [ 30.4, -5.5 ] ] ], [ [ [ 30.0, -4.7 ], [ 30.0, -4.6 ], [ 30.0, -4.5 ], [ 29.9, -4.5 ], [ 29.9, -4.4 ], [ 30.0, -4.4 ], [ 30.0, -4.3 ], [ 30.1, -4.3 ], [ 30.2, -4.3 ], [ 30.2, -4.4 ], [ 30.2, -4.5 ], [ 30.1, -4.5 ], [ 30.1, -4.6 ], [ 30.1, -4.7 ], [ 30.0, -4.7 ] ] ], [ [ [ 29.3, -4.2 ], [ 29.2, -4.2 ], [ 29.2, -4.1 ], [ 29.3, -4.1 ], [ 29.3, -4.2 ] ] ], [ [ [ 30.1, -3.4 ], [ 30.2, -3.4 ], [ 30.2, -3.5 ], [ 30.1, -3.5 ], [ 30.1, -3.4 ] ] ], [ [ [ 30.3, -3.4 ], [ 30.3, -3.3 ], [ 30.4, -3.3 ], [ 30.4, -3.4 ], [ 30.4, -3.5 ], [ 30.3, -3.5 ], [ 30.3, -3.4 ] ] ], [ [ [ 30.6, -3.2 ], [ 30.6, -3.3 ], [ 30.5, -3.3 ], [ 30.4, -3.3 ], [ 30.4, -3.2 ], [ 30.5, -3.2 ], [ 30.6, -3.2 ] ] ], [ [ [ 30.2, -3.2 ], [ 30.2, -3.3 ], [ 30.1, -3.3 ], [ 30.1, -3.2 ], [ 30.1, -3.1 ], [ 30.2, -3.1 ], [ 30.2, -3.2 ] ] ], [ [ [ 30.8, -3.1 ], [ 30.8, -3.2 ], [ 30.7, -3.2 ], [ 30.6, -3.2 ], [ 30.6, -3.1 ], [ 30.6, -3.0 ], [ 30.7, -3.0 ], [ 30.7, -3.1 ], [ 30.8, -3.1 ] ] ], [ [ [ 30.1, -3.1 ], [ 30.0, -3.1 ], [ 30.0, -3.0 ], [ 30.1, -3.0 ], [ 30.1, -3.1 ] ] ], [ [ [ 30.3, -3.1 ], [ 30.2, -3.1 ], [ 30.2, -3.0 ], [ 30.3, -3.0 ], [ 30.3, -3.1 ] ] ], [ [ [ 30.3, -2.9 ], [ 30.3, -2.8 ], [ 30.4, -2.8 ], [ 30.4, -2.9 ], [ 30.3, -2.9 ] ] ], [ [ [ 30.0, -2.9 ], [ 30.0, -2.8 ], [ 30.0, -2.7 ], [ 30.1, -2.7 ], [ 30.1, -2.8 ], [ 30.1, -2.9 ], [ 30.0, -2.9 ] ] ], [ [ [ 30.1, -2.6 ], [ 30.2, -2.6 ], [ 30.2, -2.7 ], [ 30.1, -2.7 ], [ 30.1, -2.6 ] ] ], [ [ [ 30.3, -2.6 ], [ 30.2, -2.6 ], [ 30.2, -2.5 ], [ 30.3, -2.5 ], [ 30.3, -2.6 ] ] ], [ [ [ 30.7, -2.4 ], [ 30.6, -2.4 ], [ 30.6, -2.3 ], [ 30.7, -2.3 ], [ 30.7, -2.4 ] ] ], [ [ [ 29.1, -2.3 ], [ 29.0, -2.3 ], [ 29.0, -2.2 ], [ 29.0, -2.1 ], [ 29.1, -2.1 ], [ 29.1, -2.2 ], [ 29.1, -2.3 ] ] ], [ [ [ 30.7, -2.2 ], [ 30.6, -2.2 ], [ 30.5, -2.2 ], [ 30.5, -2.1 ], [ 30.6, -2.1 ], [ 30.7, -2.1 ], [ 30.8, -2.1 ], [ 30.8, -2.2 ], [ 30.7, -2.2 ] ] ], [ [ [ 30.6, -1.0 ], [ 30.7, -0.9 ], [ 30.7, -1.0 ], [ 30.6, -1.0 ] ] ], [ [ [ 34.0, 1.0 ], [ 33.9, 1.0 ], [ 33.8, 1.0 ], [ 33.8, 1.1 ], [ 33.9, 1.1 ], [ 34.0, 1.1 ], [ 34.0, 1.0 ] ] ], [ [ [ 34.7, 0.8 ], [ 34.6, 0.8 ], [ 34.5, 0.8 ], [ 34.5, 0.9 ], [ 34.4, 0.9 ], [ 34.3, 0.9 ], [ 34.3, 1.0 ], [ 34.2, 1.0 ], [ 34.2, 1.1 ], [ 34.2, 1.2 ], [ 34.3, 1.2 ], [ 34.3, 1.3 ], [ 34.4, 1.3 ], [ 34.4, 1.4 ], [ 34.5, 1.4 ], [ 34.6, 1.4 ], [ 34.7, 1.4 ], [ 34.7, 1.3 ], [ 34.7, 1.2 ], [ 34.8, 1.2 ], [ 34.8, 1.1 ], [ 34.8, 1.0 ], [ 34.8, 0.9 ], [ 34.8, 0.8 ], [ 34.7, 0.8 ] ], [ [ 34.6, 1.2 ], [ 34.6, 1.3 ], [ 34.5, 1.3 ], [ 34.5, 1.2 ], [ 34.4, 1.2 ], [ 34.4, 1.1 ], [ 34.5, 1.1 ], [ 34.5, 1.0 ], [ 34.6, 1.0 ], [ 34.7, 1.0 ], [ 34.7, 1.1 ], [ 34.7, 1.2 ], [ 34.6, 1.2 ] ] ], [ [ [ 34.2, 1.9 ], [ 34.2, 2.0 ], [ 34.2, 2.1 ], [ 34.3, 2.1 ], [ 34.4, 2.1 ], [ 34.4, 2.0 ], [ 34.3, 2.0 ], [ 34.3, 1.9 ], [ 34.2, 1.9 ] ] ], [ [ [ 30.9, 2.5 ], [ 31.0, 2.5 ], [ 31.0, 2.4 ], [ 31.0, 2.3 ], [ 31.1, 2.2 ], [ 31.0, 2.1 ], [ 30.9, 2.0 ], [ 30.8, 1.9 ], [ 30.8, 1.8 ], [ 30.7, 1.8 ], [ 30.6, 1.6 ], [ 30.5, 1.6 ], [ 30.4, 1.6 ], [ 30.4, 1.7 ], [ 30.4, 1.8 ], [ 30.3, 1.8 ], [ 30.3, 1.9 ], [ 30.3, 2.0 ], [ 30.3, 2.1 ], [ 30.3, 2.2 ], [ 30.3, 2.3 ], [ 30.4, 2.3 ], [ 30.5, 2.4 ], [ 30.6, 2.4 ], [ 30.6, 2.5 ], [ 30.6, 2.6 ], [ 30.7, 2.6 ], [ 30.8, 2.6 ], [ 30.8, 2.7 ], [ 30.8, 2.8 ], [ 30.9, 2.8 ], [ 30.9, 2.7 ], [ 30.9, 2.6 ], [ 30.9, 2.5 ] ] ], [ [ [ 34.5, 3.1 ], [ 34.4, 3.1 ], [ 34.4, 3.2 ], [ 34.5, 3.2 ], [ 34.5, 3.1 ] ] ], [ [ [ 34.3, 3.4 ], [ 34.3, 3.5 ], [ 34.4, 3.5 ], [ 34.4, 3.4 ], [ 34.4, 3.3 ], [ 34.3, 3.3 ], [ 34.3, 3.4 ] ] ], [ [ [ 34.0, 3.5 ], [ 33.9, 3.5 ], [ 33.9, 3.6 ], [ 34.0, 3.6 ], [ 34.0, 3.5 ] ] ], [ [ [ 34.4, 3.7 ], [ 34.4, 3.6 ], [ 34.3, 3.6 ], [ 34.2, 3.6 ], [ 34.2, 3.7 ], [ 34.3, 3.7 ], [ 34.4, 3.7 ] ] ], [ [ [ 34.2, 3.8 ], [ 34.2, 3.7 ], [ 34.1, 3.7 ], [ 34.1, 3.8 ], [ 34.2, 3.8 ] ] ], [ [ [ 33.5, 3.9 ], [ 33.6, 3.8 ], [ 33.5, 3.8 ], [ 33.4, 3.8 ], [ 33.4, 3.9 ], [ 33.5, 3.9 ] ] ], [ [ [ 33.0, 4.0 ], [ 33.1, 4.0 ], [ 33.1, 3.9 ], [ 33.1, 3.8 ], [ 33.0, 3.8 ], [ 33.0, 3.7 ], [ 32.9, 3.7 ], [ 32.8, 3.7 ], [ 32.8, 3.8 ], [ 32.8, 3.9 ], [ 32.7, 3.9 ], [ 32.6, 3.9 ], [ 32.6, 4.0 ], [ 32.5, 4.0 ], [ 32.5, 4.1 ], [ 32.6, 4.1 ], [ 32.7, 4.1 ], [ 32.7, 4.0 ], [ 32.8, 4.0 ], [ 32.8, 4.1 ], [ 32.9, 4.1 ], [ 33.0, 4.1 ], [ 33.0, 4.0 ] ] ], [ [ [ 33.3, 4.2 ], [ 33.3, 4.3 ], [ 33.3, 4.4 ], [ 33.3, 4.5 ], [ 33.3, 4.6 ], [ 33.4, 4.6 ], [ 33.5, 4.6 ], [ 33.5, 4.5 ], [ 33.6, 4.5 ], [ 33.6, 4.4 ], [ 33.7, 4.4 ], [ 33.7, 4.5 ], [ 33.8, 4.5 ], [ 33.8, 4.4 ], [ 33.9, 4.4 ], [ 33.9, 4.3 ], [ 33.9, 4.2 ], [ 34.0, 4.2 ], [ 34.1, 4.2 ], [ 34.1, 4.1 ], [ 34.1, 4.0 ], [ 34.1, 3.9 ], [ 34.1, 3.8 ], [ 34.0, 3.8 ], [ 34.0, 3.9 ], [ 34.0, 4.0 ], [ 33.9, 4.0 ], [ 33.9, 4.1 ], [ 33.8, 4.1 ], [ 33.7, 4.1 ], [ 33.6, 4.1 ], [ 33.5, 4.1 ], [ 33.5, 4.2 ], [ 33.4, 4.2 ], [ 33.3, 4.2 ] ] ], [ [ [ 33.0, 4.4 ], [ 33.1, 4.4 ], [ 33.2, 4.4 ], [ 33.2, 4.3 ], [ 33.2, 4.2 ], [ 33.2, 4.1 ], [ 33.1, 4.1 ], [ 33.0, 4.1 ], [ 33.0, 4.2 ], [ 33.0, 4.3 ], [ 33.0, 4.4 ] ] ], [ [ [ 34.6, 9.3 ], [ 34.6, 9.2 ], [ 34.5, 9.2 ], [ 34.5, 9.3 ], [ 34.6, 9.3 ] ] ], [ [ [ 34.6, 9.4 ], [ 34.6, 9.5 ], [ 34.7, 9.5 ], [ 34.7, 9.4 ], [ 34.6, 9.4 ] ] ], [ [ [ 35.5, -23.9 ], [ 35.5, -23.8 ], [ 35.6, -23.8 ], [ 35.6, -23.9 ], [ 35.5, -23.9 ] ] ], [ [ [ 35.4, -22.2 ], [ 35.5, -22.2 ], [ 35.5, -22.3 ], [ 35.5, -22.4 ], [ 35.4, -22.3 ], [ 35.4, -22.2 ] ] ], [ [ [ 35.5, -21.9 ], [ 35.4, -21.9 ], [ 35.4, -21.8 ], [ 35.4, -21.7 ], [ 35.5, -21.6 ], [ 35.5, -21.7 ], [ 35.5, -21.8 ], [ 35.5, -21.9 ] ] ], [ [ [ 35.2, -18.3 ], [ 35.3, -18.2 ], [ 35.4, -18.1 ], [ 35.4, -18.2 ], [ 35.5, -18.4 ], [ 35.5, -18.6 ], [ 35.5, -18.7 ], [ 35.6, -18.8 ], [ 35.6, -19.0 ], [ 35.7, -19.0 ], [ 35.2, -19.5 ], [ 35.0, -19.7 ], [ 34.9, -19.7 ], [ 34.9, -19.6 ], [ 34.8, -19.5 ], [ 34.8, -19.4 ], [ 34.7, -19.3 ], [ 34.7, -19.2 ], [ 34.7, -19.0 ], [ 34.8, -18.9 ], [ 34.8, -18.8 ], [ 34.9, -18.8 ], [ 35.0, -18.6 ], [ 35.1, -18.4 ], [ 35.2, -18.3 ] ] ], [ [ [ 35.4, -17.6 ], [ 35.3, -17.6 ], [ 35.2, -17.5 ], [ 35.3, -17.4 ], [ 35.4, -17.4 ], [ 35.4, -17.5 ], [ 35.4, -17.6 ] ] ], [ [ [ 35.8, -16.5 ], [ 35.8, -16.6 ], [ 35.7, -16.6 ], [ 35.7, -16.5 ], [ 35.6, -16.5 ], [ 35.6, -16.4 ], [ 35.7, -16.4 ], [ 35.8, -16.4 ], [ 35.8, -16.5 ] ] ], [ [ [ 36.8, -16.5 ], [ 36.8, -16.6 ], [ 36.7, -16.6 ], [ 36.7, -16.5 ], [ 36.6, -16.5 ], [ 36.5, -16.5 ], [ 36.4, -16.4 ], [ 36.4, -16.5 ], [ 36.3, -16.5 ], [ 36.3, -16.4 ], [ 36.2, -16.3 ], [ 36.3, -16.3 ], [ 36.3, -16.2 ], [ 36.3, -16.1 ], [ 36.4, -16.1 ], [ 36.4, -16.2 ], [ 36.5, -16.2 ], [ 36.6, -16.2 ], [ 36.6, -16.3 ], [ 36.7, -16.3 ], [ 36.8, -16.3 ], [ 36.8, -16.4 ], [ 36.8, -16.5 ] ] ], [ [ [ 35.5, -16.2 ], [ 35.5, -16.1 ], [ 35.6, -16.1 ], [ 35.7, -16.1 ], [ 35.7, -16.2 ], [ 35.7, -16.3 ], [ 35.6, -16.3 ], [ 35.5, -16.3 ], [ 35.4, -16.2 ], [ 35.5, -16.2 ] ] ], [ [ [ 36.6, -8.8 ], [ 36.6, -8.9 ], [ 36.6, -9.0 ], [ 36.5, -9.0 ], [ 36.5, -8.9 ], [ 36.5, -8.8 ], [ 36.5, -8.7 ], [ 36.6, -8.7 ], [ 36.6, -8.8 ] ] ], [ [ [ 35.2, -8.7 ], [ 35.1, -8.7 ], [ 35.1, -8.6 ], [ 35.2, -8.6 ], [ 35.2, -8.7 ] ] ], [ [ [ 36.7, -8.6 ], [ 36.7, -8.7 ], [ 36.6, -8.7 ], [ 36.6, -8.6 ], [ 36.7, -8.6 ] ] ], [ [ [ 35.9, -7.8 ], [ 36.0, -7.8 ], [ 36.0, -7.9 ], [ 36.1, -7.9 ], [ 36.2, -7.9 ], [ 36.2, -8.0 ], [ 36.1, -8.0 ], [ 36.1, -8.1 ], [ 36.0, -8.1 ], [ 36.0, -8.2 ], [ 36.0, -8.3 ], [ 35.9, -8.3 ], [ 35.9, -8.4 ], [ 35.9, -8.5 ], [ 35.8, -8.5 ], [ 35.8, -8.6 ], [ 35.7, -8.6 ], [ 35.7, -8.7 ], [ 35.6, -8.7 ], [ 35.6, -8.6 ], [ 35.5, -8.6 ], [ 35.5, -8.7 ], [ 35.4, -8.7 ], [ 35.3, -8.7 ], [ 35.3, -8.6 ], [ 35.3, -8.5 ], [ 35.3, -8.4 ], [ 35.4, -8.4 ], [ 35.5, -8.4 ], [ 35.5, -8.3 ], [ 35.6, -8.3 ], [ 35.7, -8.3 ], [ 35.7, -8.2 ], [ 35.8, -8.2 ], [ 35.9, -8.2 ], [ 35.9, -8.1 ], [ 35.9, -8.0 ], [ 35.9, -7.9 ], [ 35.9, -7.8 ] ] ], [ [ [ 36.2, -7.8 ], [ 36.3, -7.8 ], [ 36.4, -7.8 ], [ 36.4, -7.9 ], [ 36.3, -7.9 ], [ 36.2, -7.9 ], [ 36.2, -7.8 ] ] ], [ [ [ 36.8, -7.9 ], [ 36.8, -7.8 ], [ 36.8, -7.7 ], [ 36.9, -7.7 ], [ 36.9, -7.8 ], [ 36.9, -7.9 ], [ 36.8, -7.9 ] ] ], [ [ [ 36.4, -7.7 ], [ 36.5, -7.7 ], [ 36.6, -7.7 ], [ 36.6, -7.8 ], [ 36.5, -7.8 ], [ 36.4, -7.8 ], [ 36.4, -7.7 ] ] ], [ [ [ 36.3, -7.1 ], [ 36.4, -7.1 ], [ 36.5, -7.1 ], [ 36.5, -7.2 ], [ 36.4, -7.2 ], [ 36.3, -7.2 ], [ 36.3, -7.1 ] ] ], [ [ [ 36.5, -6.8 ], [ 36.6, -6.8 ], [ 36.6, -6.9 ], [ 36.7, -6.9 ], [ 36.7, -7.0 ], [ 36.7, -7.1 ], [ 36.7, -7.2 ], [ 36.6, -7.2 ], [ 36.6, -7.1 ], [ 36.5, -7.1 ], [ 36.5, -7.0 ], [ 36.5, -6.9 ], [ 36.5, -6.8 ] ] ], [ [ [ 36.7, -6.4 ], [ 36.7, -6.3 ], [ 36.8, -6.3 ], [ 36.8, -6.4 ], [ 36.7, -6.4 ] ] ], [ [ [ 36.7, -3.3 ], [ 36.8, -3.3 ], [ 36.8, -3.4 ], [ 36.7, -3.4 ], [ 36.6, -3.4 ], [ 36.6, -3.3 ], [ 36.6, -3.2 ], [ 36.7, -3.2 ], [ 36.7, -3.3 ] ] ], [ [ [ 36.7, -3.2 ], [ 36.7, -3.1 ], [ 36.8, -3.1 ], [ 36.8, -3.2 ], [ 36.7, -3.2 ] ] ], [ [ [ 35.6, -2.2 ], [ 35.6, -2.1 ], [ 35.6, -2.0 ], [ 35.6, -1.9 ], [ 35.7, -1.9 ], [ 35.7, -2.0 ], [ 35.7, -2.1 ], [ 35.7, -2.2 ], [ 35.6, -2.2 ] ] ], [ [ [ 36.0, -1.9 ], [ 36.0, -2.0 ], [ 35.9, -2.0 ], [ 35.8, -2.0 ], [ 35.8, -1.9 ], [ 35.8, -1.8 ], [ 35.8, -1.7 ], [ 35.9, -1.7 ], [ 36.0, -1.7 ], [ 36.0, -1.8 ], [ 36.0, -1.9 ] ] ], [ [ [ 35.7, -1.5 ], [ 35.8, -1.5 ], [ 35.8, -1.6 ], [ 35.8, -1.7 ], [ 35.7, -1.7 ], [ 35.7, -1.6 ], [ 35.6, -1.6 ], [ 35.6, -1.5 ], [ 35.6, -1.4 ], [ 35.7, -1.4 ], [ 35.7, -1.5 ] ] ], [ [ [ 35.0, -0.5 ], [ 35.1, -0.5 ], [ 35.1, -0.4 ], [ 35.2, -0.4 ], [ 35.2, -0.3 ], [ 35.3, -0.3 ], [ 35.4, -0.3 ], [ 35.4, -0.2 ], [ 35.3, -0.2 ], [ 35.3, -0.1 ], [ 35.3, 0.0 ], [ 35.3, 0.1 ], [ 35.2, 0.1 ], [ 35.2, 0.0 ], [ 35.1, 0.0 ], [ 35.0, 0.0 ], [ 34.9, 0.0 ], [ 34.8, 0.0 ], [ 34.7, 0.0 ], [ 34.7, 0.1 ], [ 34.8, 0.1 ], [ 34.8, 0.2 ], [ 34.8, 0.3 ], [ 34.9, 0.3 ], [ 34.9, 0.4 ], [ 34.9, 0.5 ], [ 35.0, 0.5 ], [ 35.1, 0.5 ], [ 35.1, 0.6 ], [ 35.2, 0.6 ], [ 35.2, 0.5 ], [ 35.2, 0.4 ], [ 35.1, 0.4 ], [ 35.1, 0.3 ], [ 35.2, 0.3 ], [ 35.2, 0.2 ], [ 35.3, 0.2 ], [ 35.4, 0.2 ], [ 35.4, 0.3 ], [ 35.4, 0.4 ], [ 35.4, 0.5 ], [ 35.4, 0.6 ], [ 35.4, 0.7 ], [ 35.5, 0.7 ], [ 35.5, 0.6 ], [ 35.5, 0.5 ], [ 35.6, 0.5 ], [ 35.6, 0.4 ], [ 35.6, 0.3 ], [ 35.6, 0.2 ], [ 35.7, 0.2 ], [ 35.7, 0.3 ], [ 35.8, 0.3 ], [ 35.8, 0.2 ], [ 35.8, 0.1 ], [ 35.8, 0.0 ], [ 35.8, -0.1 ], [ 35.8, -0.2 ], [ 35.8, -0.3 ], [ 35.9, -0.3 ], [ 35.9, -0.2 ], [ 36.0, -0.2 ], [ 36.1, -0.2 ], [ 36.1, -0.1 ], [ 36.2, -0.1 ], [ 36.2, 0.0 ], [ 36.3, 0.0 ], [ 36.3, 0.1 ], [ 36.3, 0.2 ], [ 36.2, 0.2 ], [ 36.2, 0.3 ], [ 36.2, 0.4 ], [ 36.3, 0.4 ], [ 36.4, 0.4 ], [ 36.4, 0.3 ], [ 36.4, 0.2 ], [ 36.5, 0.2 ], [ 36.5, 0.1 ], [ 36.5, 0.0 ], [ 36.6, 0.0 ], [ 36.6, -0.1 ], [ 36.7, -0.1 ], [ 36.8, -0.1 ], [ 36.8, -0.2 ], [ 36.9, -0.2 ], [ 36.9, -0.3 ], [ 37.0, -0.3 ], [ 37.0, -0.2 ], [ 37.0, -0.1 ], [ 37.0, 0.0 ], [ 37.1, 0.0 ], [ 37.1, 0.1 ], [ 37.1, 0.2 ], [ 37.2, 0.2 ], [ 37.2, 0.3 ], [ 37.2, 0.4 ], [ 37.3, 0.4 ], [ 37.3, 0.3 ], [ 37.3, 0.2 ], [ 37.4, 0.2 ], [ 37.4, 0.1 ], [ 37.5, 0.1 ], [ 37.5, 0.2 ], [ 37.6, 0.2 ], [ 37.7, 0.2 ], [ 37.8, 0.2 ], [ 37.8, 0.3 ], [ 37.9, 0.3 ], [ 37.9, 0.4 ], [ 38.0, 0.4 ], [ 38.0, 0.3 ], [ 38.0, 0.2 ], [ 38.0, 0.1 ], [ 37.9, 0.1 ], [ 37.8, 0.1 ], [ 37.8, 0.0 ], [ 37.7, 0.0 ], [ 37.7, -0.1 ], [ 37.7, -0.2 ], [ 37.7, -0.3 ], [ 37.7, -0.4 ], [ 37.6, -0.4 ], [ 37.6, -0.5 ], [ 37.5, -0.5 ], [ 37.4, -0.5 ], [ 37.3, -0.5 ], [ 37.3, -0.6 ], [ 37.2, -0.6 ], [ 37.2, -0.7 ], [ 37.1, -0.7 ], [ 37.1, -0.8 ], [ 37.1, -0.9 ], [ 37.1, -1.0 ], [ 37.1, -1.1 ], [ 37.0, -1.1 ], [ 36.9, -1.1 ], [ 36.9, -1.2 ], [ 36.9, -1.3 ], [ 36.8, -1.3 ], [ 36.8, -1.4 ], [ 36.7, -1.4 ], [ 36.6, -1.4 ], [ 36.6, -1.3 ], [ 36.6, -1.2 ], [ 36.6, -1.1 ], [ 36.6, -1.0 ], [ 36.6, -0.9 ], [ 36.5, -0.9 ], [ 36.5, -0.8 ], [ 36.5, -0.7 ], [ 36.4, -0.7 ], [ 36.4, -0.6 ], [ 36.4, -0.5 ], [ 36.3, -0.5 ], [ 36.3, -0.4 ], [ 36.2, -0.4 ], [ 36.2, -0.3 ], [ 36.1, -0.3 ], [ 36.0, -0.3 ], [ 36.0, -0.4 ], [ 36.0, -0.5 ], [ 36.1, -0.5 ], [ 36.1, -0.6 ], [ 36.2, -0.6 ], [ 36.3, -0.6 ], [ 36.3, -0.7 ], [ 36.2, -0.7 ], [ 36.2, -0.8 ], [ 36.2, -0.9 ], [ 36.2, -1.0 ], [ 36.2, -1.1 ], [ 36.2, -1.2 ], [ 36.1, -1.2 ], [ 36.0, -1.2 ], [ 36.0, -1.3 ], [ 35.9, -1.3 ], [ 35.9, -1.2 ], [ 35.9, -1.1 ], [ 35.8, -1.1 ], [ 35.8, -1.0 ], [ 35.7, -1.0 ], [ 35.6, -1.0 ], [ 35.5, -1.0 ], [ 35.5, -0.9 ], [ 35.4, -0.9 ], [ 35.4, -1.0 ], [ 35.3, -1.0 ], [ 35.2, -1.0 ], [ 35.2, -0.9 ], [ 35.1, -0.9 ], [ 35.0, -0.9 ], [ 35.0, -1.0 ], [ 34.9, -1.0 ], [ 34.9, -1.1 ], [ 35.0, -1.1 ], [ 35.0, -1.2 ], [ 35.0, -1.3 ], [ 34.9, -1.3 ], [ 34.9, -1.4 ], [ 34.8, -1.4 ], [ 34.7, -1.4 ], [ 34.7, -1.5 ], [ 34.6, -1.5 ], [ 34.6, -1.4 ], [ 34.5, -1.4 ], [ 34.4, -1.4 ], [ 34.4, -1.3 ], [ 34.4, -1.2 ], [ 34.5, -1.2 ], [ 34.6, -1.2 ], [ 34.6, -1.1 ], [ 34.6, -1.0 ], [ 34.5, -1.0 ], [ 34.5, -0.9 ], [ 34.6, -0.9 ], [ 34.7, -0.9 ], [ 34.7, -0.8 ], [ 34.6, -0.8 ], [ 34.6, -0.7 ], [ 34.7, -0.7 ], [ 34.7, -0.6 ], [ 34.8, -0.6 ], [ 34.8, -0.5 ], [ 34.9, -0.5 ], [ 35.0, -0.5 ] ], [ [ 34.9, 0.2 ], [ 35.0, 0.2 ], [ 35.0, 0.3 ], [ 34.9, 0.3 ], [ 34.9, 0.2 ] ], [ [ 36.7, -0.5 ], [ 36.7, -0.4 ], [ 36.7, -0.3 ], [ 36.6, -0.3 ], [ 36.6, -0.4 ], [ 36.6, -0.5 ], [ 36.7, -0.5 ] ], [ [ 37.4, -0.2 ], [ 37.5, -0.2 ], [ 37.5, -0.1 ], [ 37.6, -0.1 ], [ 37.6, 0.0 ], [ 37.5, 0.0 ], [ 37.4, 0.0 ], [ 37.3, 0.0 ], [ 37.2, 0.0 ], [ 37.2, -0.1 ], [ 37.2, -0.2 ], [ 37.3, -0.2 ], [ 37.4, -0.2 ] ] ], [ [ [ 35.8, 0.5 ], [ 35.8, 0.4 ], [ 35.7, 0.4 ], [ 35.7, 0.5 ], [ 35.7, 0.6 ], [ 35.8, 0.6 ], [ 35.8, 0.5 ] ] ], [ [ [ 35.6, 0.8 ], [ 35.5, 0.8 ], [ 35.5, 0.9 ], [ 35.4, 0.9 ], [ 35.4, 1.0 ], [ 35.3, 1.0 ], [ 35.2, 1.0 ], [ 35.2, 1.1 ], [ 35.1, 1.1 ], [ 35.1, 1.2 ], [ 35.1, 1.3 ], [ 35.2, 1.3 ], [ 35.3, 1.3 ], [ 35.4, 1.3 ], [ 35.4, 1.2 ], [ 35.5, 1.2 ], [ 35.5, 1.1 ], [ 35.6, 1.1 ], [ 35.6, 1.0 ], [ 35.6, 0.9 ], [ 35.6, 0.8 ] ] ], [ [ [ 36.6, 1.1 ], [ 36.6, 1.2 ], [ 36.6, 1.3 ], [ 36.7, 1.3 ], [ 36.8, 1.3 ], [ 36.8, 1.2 ], [ 36.9, 1.2 ], [ 36.9, 1.1 ], [ 36.9, 1.0 ], [ 36.8, 1.0 ], [ 36.8, 1.1 ], [ 36.7, 1.1 ], [ 36.6, 1.1 ] ] ], [ [ [ 35.4, 1.3 ], [ 35.4, 1.4 ], [ 35.5, 1.4 ], [ 35.6, 1.4 ], [ 35.6, 1.3 ], [ 35.5, 1.3 ], [ 35.4, 1.3 ] ] ], [ [ [ 35.9, 1.3 ], [ 35.9, 1.4 ], [ 36.0, 1.4 ], [ 36.0, 1.3 ], [ 35.9, 1.3 ] ] ], [ [ [ 35.3, 1.7 ], [ 35.4, 1.7 ], [ 35.4, 1.6 ], [ 35.3, 1.6 ], [ 35.3, 1.7 ] ] ], [ [ [ 34.8, 1.7 ], [ 34.7, 1.7 ], [ 34.7, 1.8 ], [ 34.8, 1.8 ], [ 34.8, 1.7 ] ] ], [ [ [ 34.8, 1.9 ], [ 34.9, 1.9 ], [ 34.9, 1.8 ], [ 34.8, 1.8 ], [ 34.8, 1.9 ] ] ], [ [ [ 35.1, 2.3 ], [ 35.0, 2.3 ], [ 35.0, 2.4 ], [ 35.0, 2.5 ], [ 35.1, 2.5 ], [ 35.2, 2.5 ], [ 35.2, 2.4 ], [ 35.2, 2.3 ], [ 35.2, 2.2 ], [ 35.3, 2.2 ], [ 35.3, 2.1 ], [ 35.3, 2.0 ], [ 35.3, 1.9 ], [ 35.2, 1.9 ], [ 35.1, 1.9 ], [ 35.1, 2.0 ], [ 35.1, 2.1 ], [ 35.1, 2.2 ], [ 35.1, 2.3 ] ] ], [ [ [ 34.8, 2.6 ], [ 34.8, 2.5 ], [ 34.7, 2.5 ], [ 34.7, 2.6 ], [ 34.8, 2.6 ] ] ], [ [ [ 36.7, 6.5 ], [ 36.7, 6.4 ], [ 36.6, 6.4 ], [ 36.6, 6.5 ], [ 36.7, 6.5 ] ] ], [ [ [ 36.8, 6.6 ], [ 36.8, 6.5 ], [ 36.7, 6.5 ], [ 36.7, 6.6 ], [ 36.8, 6.6 ] ] ], [ [ [ 36.5, 6.7 ], [ 36.5, 6.6 ], [ 36.4, 6.6 ], [ 36.4, 6.7 ], [ 36.5, 6.7 ] ] ], [ [ [ 36.0, 6.8 ], [ 36.0, 6.7 ], [ 35.9, 6.7 ], [ 35.9, 6.8 ], [ 36.0, 6.8 ] ] ], [ [ [ 35.6, 6.8 ], [ 35.7, 6.8 ], [ 35.7, 6.7 ], [ 35.6, 6.7 ], [ 35.6, 6.8 ] ] ], [ [ [ 35.9, 6.9 ], [ 35.9, 6.8 ], [ 35.8, 6.8 ], [ 35.8, 6.9 ], [ 35.9, 6.9 ] ] ], [ [ [ 36.4, 7.0 ], [ 36.4, 6.9 ], [ 36.3, 6.9 ], [ 36.3, 7.0 ], [ 36.4, 7.0 ] ] ], [ [ [ 36.7, 7.1 ], [ 36.6, 7.1 ], [ 36.6, 7.2 ], [ 36.7, 7.2 ], [ 36.7, 7.1 ] ] ], [ [ [ 36.6, 7.0 ], [ 36.5, 7.0 ], [ 36.4, 7.0 ], [ 36.4, 7.1 ], [ 36.3, 7.1 ], [ 36.3, 7.2 ], [ 36.3, 7.3 ], [ 36.3, 7.4 ], [ 36.4, 7.4 ], [ 36.5, 7.4 ], [ 36.5, 7.3 ], [ 36.6, 7.3 ], [ 36.6, 7.2 ], [ 36.5, 7.2 ], [ 36.5, 7.1 ], [ 36.6, 7.1 ], [ 36.6, 7.0 ] ] ], [ [ [ 34.4, 7.1 ], [ 34.3, 7.1 ], [ 34.3, 7.2 ], [ 34.4, 7.2 ], [ 34.4, 7.3 ], [ 34.4, 7.4 ], [ 34.5, 7.4 ], [ 34.6, 7.4 ], [ 34.6, 7.5 ], [ 34.5, 7.5 ], [ 34.4, 7.5 ], [ 34.4, 7.6 ], [ 34.5, 7.6 ], [ 34.5, 7.7 ], [ 34.5, 7.8 ], [ 34.6, 7.8 ], [ 34.6, 7.9 ], [ 34.6, 8.0 ], [ 34.5, 8.0 ], [ 34.5, 8.1 ], [ 34.5, 8.2 ], [ 34.6, 8.2 ], [ 34.6, 8.1 ], [ 34.7, 8.1 ], [ 34.8, 8.1 ], [ 34.8, 8.2 ], [ 34.9, 8.2 ], [ 34.9, 8.3 ], [ 34.9, 8.4 ], [ 34.9, 8.5 ], [ 34.9, 8.6 ], [ 35.0, 8.6 ], [ 35.0, 8.7 ], [ 34.9, 8.7 ], [ 34.9, 8.8 ], [ 35.0, 8.8 ], [ 35.0, 8.9 ], [ 35.1, 8.9 ], [ 35.1, 8.8 ], [ 35.2, 8.8 ], [ 35.2, 8.9 ], [ 35.3, 8.9 ], [ 35.3, 8.8 ], [ 35.3, 8.7 ], [ 35.4, 8.7 ], [ 35.4, 8.8 ], [ 35.4, 8.9 ], [ 35.5, 8.9 ], [ 35.5, 9.0 ], [ 35.5, 9.1 ], [ 35.5, 9.2 ], [ 35.5, 9.3 ], [ 35.5, 9.4 ], [ 35.6, 9.4 ], [ 35.6, 9.5 ], [ 35.7, 9.5 ], [ 35.7, 9.4 ], [ 35.7, 9.3 ], [ 35.7, 9.2 ], [ 35.8, 9.2 ], [ 35.8, 9.3 ], [ 35.9, 9.3 ], [ 35.9, 9.2 ], [ 35.9, 9.1 ], [ 35.9, 9.0 ], [ 35.8, 9.0 ], [ 35.8, 8.9 ], [ 35.8, 8.8 ], [ 35.9, 8.8 ], [ 36.0, 8.8 ], [ 36.0, 8.7 ], [ 36.1, 8.7 ], [ 36.2, 8.7 ], [ 36.2, 8.8 ], [ 36.3, 8.8 ], [ 36.3, 8.7 ], [ 36.3, 8.6 ], [ 36.4, 8.6 ], [ 36.4, 8.5 ], [ 36.5, 8.5 ], [ 36.5, 8.4 ], [ 36.6, 8.4 ], [ 36.6, 8.3 ], [ 36.6, 8.2 ], [ 36.6, 8.1 ], [ 36.5, 8.1 ], [ 36.4, 8.1 ], [ 36.4, 8.0 ], [ 36.5, 8.0 ], [ 36.5, 7.9 ], [ 36.6, 7.9 ], [ 36.6, 7.8 ], [ 36.7, 7.8 ], [ 36.8, 7.8 ], [ 36.8, 7.9 ], [ 36.7, 7.9 ], [ 36.7, 8.0 ], [ 36.8, 8.0 ], [ 36.8, 8.1 ], [ 36.9, 8.1 ], [ 36.9, 8.0 ], [ 36.9, 7.9 ], [ 37.0, 7.9 ], [ 37.1, 7.9 ], [ 37.1, 7.8 ], [ 37.0, 7.8 ], [ 37.0, 7.7 ], [ 36.9, 7.7 ], [ 36.8, 7.7 ], [ 36.8, 7.6 ], [ 36.8, 7.5 ], [ 36.9, 7.5 ], [ 36.9, 7.4 ], [ 36.8, 7.4 ], [ 36.8, 7.3 ], [ 36.7, 7.3 ], [ 36.7, 7.4 ], [ 36.6, 7.4 ], [ 36.6, 7.5 ], [ 36.5, 7.5 ], [ 36.5, 7.6 ], [ 36.4, 7.6 ], [ 36.3, 7.6 ], [ 36.2, 7.6 ], [ 36.1, 7.6 ], [ 36.0, 7.6 ], [ 35.9, 7.6 ], [ 35.9, 7.5 ], [ 36.0, 7.5 ], [ 36.1, 7.5 ], [ 36.1, 7.4 ], [ 36.0, 7.4 ], [ 36.0, 7.3 ], [ 36.1, 7.3 ], [ 36.2, 7.3 ], [ 36.2, 7.2 ], [ 36.2, 7.1 ], [ 36.2, 7.0 ], [ 36.1, 7.0 ], [ 36.1, 7.1 ], [ 36.1, 7.2 ], [ 36.0, 7.2 ], [ 35.9, 7.2 ], [ 35.9, 7.1 ], [ 35.8, 7.1 ], [ 35.8, 7.0 ], [ 35.8, 6.9 ], [ 35.7, 6.9 ], [ 35.6, 6.9 ], [ 35.5, 6.9 ], [ 35.4, 6.9 ], [ 35.4, 6.8 ], [ 35.3, 6.8 ], [ 35.2, 6.8 ], [ 35.1, 6.8 ], [ 35.1, 6.7 ], [ 35.0, 6.7 ], [ 35.0, 6.8 ], [ 35.0, 6.9 ], [ 34.9, 6.9 ], [ 34.9, 7.0 ], [ 34.8, 7.0 ], [ 34.7, 7.0 ], [ 34.6, 7.0 ], [ 34.6, 7.1 ], [ 34.5, 7.1 ], [ 34.4, 7.1 ] ] ], [ [ [ 36.8, 8.5 ], [ 36.9, 8.5 ], [ 36.9, 8.4 ], [ 36.8, 8.4 ], [ 36.8, 8.5 ] ] ], [ [ [ 34.8, 8.5 ], [ 34.7, 8.5 ], [ 34.7, 8.6 ], [ 34.6, 8.6 ], [ 34.6, 8.7 ], [ 34.6, 8.8 ], [ 34.6, 8.9 ], [ 34.6, 9.0 ], [ 34.7, 9.0 ], [ 34.7, 8.9 ], [ 34.8, 8.9 ], [ 34.8, 9.0 ], [ 34.9, 9.0 ], [ 34.9, 8.9 ], [ 34.9, 8.8 ], [ 34.8, 8.8 ], [ 34.8, 8.7 ], [ 34.9, 8.7 ], [ 34.9, 8.6 ], [ 34.8, 8.6 ], [ 34.8, 8.5 ] ] ], [ [ [ 36.7, 9.0 ], [ 36.6, 9.0 ], [ 36.6, 8.9 ], [ 36.7, 8.9 ], [ 36.7, 8.8 ], [ 36.7, 8.7 ], [ 36.7, 8.6 ], [ 36.6, 8.6 ], [ 36.6, 8.7 ], [ 36.5, 8.7 ], [ 36.5, 8.8 ], [ 36.4, 8.8 ], [ 36.4, 8.9 ], [ 36.4, 9.0 ], [ 36.4, 9.1 ], [ 36.4, 9.2 ], [ 36.5, 9.2 ], [ 36.6, 9.2 ], [ 36.7, 9.2 ], [ 36.8, 9.2 ], [ 36.9, 9.2 ], [ 36.9, 9.1 ], [ 36.8, 9.1 ], [ 36.7, 9.1 ], [ 36.7, 9.0 ] ] ], [ [ [ 34.9, 9.1 ], [ 35.0, 9.1 ], [ 35.0, 9.0 ], [ 34.9, 9.0 ], [ 34.9, 9.1 ] ] ], [ [ [ 34.9, 9.5 ], [ 34.9, 9.4 ], [ 34.8, 9.4 ], [ 34.8, 9.5 ], [ 34.9, 9.5 ] ] ], [ [ [ 35.6, 9.5 ], [ 35.5, 9.5 ], [ 35.4, 9.5 ], [ 35.4, 9.6 ], [ 35.4, 9.7 ], [ 35.5, 9.7 ], [ 35.6, 9.7 ], [ 35.6, 9.6 ], [ 35.6, 9.5 ] ] ], [ [ [ 36.7, 9.8 ], [ 36.7, 9.7 ], [ 36.6, 9.7 ], [ 36.5, 9.7 ], [ 36.4, 9.7 ], [ 36.4, 9.8 ], [ 36.3, 9.8 ], [ 36.3, 9.7 ], [ 36.2, 9.7 ], [ 36.2, 9.8 ], [ 36.2, 9.9 ], [ 36.1, 9.9 ], [ 36.1, 10.0 ], [ 36.2, 10.0 ], [ 36.2, 10.1 ], [ 36.3, 10.1 ], [ 36.4, 10.1 ], [ 36.4, 10.2 ], [ 36.5, 10.2 ], [ 36.5, 10.1 ], [ 36.5, 10.0 ], [ 36.6, 10.0 ], [ 36.7, 10.0 ], [ 36.7, 9.9 ], [ 36.7, 9.8 ] ] ], [ [ [ 35.8, 10.7 ], [ 35.8, 10.6 ], [ 35.8, 10.5 ], [ 35.7, 10.5 ], [ 35.7, 10.4 ], [ 35.6, 10.4 ], [ 35.6, 10.5 ], [ 35.6, 10.6 ], [ 35.6, 10.7 ], [ 35.7, 10.7 ], [ 35.8, 10.7 ] ] ], [ [ [ 37.6, -17.5 ], [ 37.6, -17.6 ], [ 37.5, -17.6 ], [ 37.6, -17.5 ] ] ], [ [ [ 36.8, -15.3 ], [ 36.9, -15.3 ], [ 36.9, -15.2 ], [ 36.9, -15.1 ], [ 37.0, -15.1 ], [ 37.1, -15.1 ], [ 37.2, -15.1 ], [ 37.3, -15.2 ], [ 37.3, -15.3 ], [ 37.4, -15.3 ], [ 37.4, -15.4 ], [ 37.4, -15.5 ], [ 37.3, -15.5 ], [ 37.3, -15.4 ], [ 37.2, -15.5 ], [ 37.1, -15.5 ], [ 37.0, -15.5 ], [ 36.9, -15.4 ], [ 36.8, -15.4 ], [ 36.8, -15.3 ] ] ], [ [ [ 38.2, -11.3 ], [ 38.3, -11.3 ], [ 38.3, -11.4 ], [ 38.2, -11.4 ], [ 38.2, -11.3 ] ] ], [ [ [ 38.2, -8.6 ], [ 38.3, -8.6 ], [ 38.3, -8.7 ], [ 38.2, -8.7 ], [ 38.2, -8.6 ] ] ], [ [ [ 38.1, -8.6 ], [ 38.1, -8.7 ], [ 38.0, -8.7 ], [ 38.0, -8.6 ], [ 38.1, -8.6 ] ] ], [ [ [ 37.0, -7.8 ], [ 37.0, -7.7 ], [ 37.1, -7.7 ], [ 37.1, -7.8 ], [ 37.0, -7.8 ] ] ], [ [ [ 37.5, -7.6 ], [ 37.6, -7.6 ], [ 37.6, -7.7 ], [ 37.5, -7.7 ], [ 37.5, -7.6 ] ] ], [ [ [ 37.5, -7.4 ], [ 37.5, -7.5 ], [ 37.4, -7.5 ], [ 37.4, -7.4 ], [ 37.5, -7.4 ] ] ], [ [ [ 37.6, -7.3 ], [ 37.6, -7.2 ], [ 37.5, -7.2 ], [ 37.5, -7.1 ], [ 37.5, -7.0 ], [ 37.6, -7.0 ], [ 37.6, -6.9 ], [ 37.7, -6.9 ], [ 37.7, -6.8 ], [ 37.8, -6.8 ], [ 37.8, -6.9 ], [ 37.8, -7.0 ], [ 37.7, -7.0 ], [ 37.7, -7.1 ], [ 37.7, -7.2 ], [ 37.7, -7.3 ], [ 37.6, -7.3 ] ] ], [ [ [ 38.1, -6.9 ], [ 38.1, -7.0 ], [ 38.0, -7.0 ], [ 38.0, -6.9 ], [ 38.1, -6.9 ] ] ], [ [ [ 36.9, -6.7 ], [ 36.8, -6.7 ], [ 36.8, -6.6 ], [ 36.9, -6.6 ], [ 36.9, -6.7 ] ] ], [ [ [ 38.2, -6.5 ], [ 38.2, -6.6 ], [ 38.1, -6.6 ], [ 38.1, -6.5 ], [ 38.2, -6.5 ] ] ], [ [ [ 36.8, -6.4 ], [ 36.9, -6.4 ], [ 36.9, -6.3 ], [ 36.9, -6.2 ], [ 36.9, -6.1 ], [ 37.0, -6.1 ], [ 37.1, -6.1 ], [ 37.1, -6.2 ], [ 37.0, -6.2 ], [ 37.0, -6.3 ], [ 37.0, -6.4 ], [ 37.0, -6.5 ], [ 36.9, -6.5 ], [ 36.8, -6.5 ], [ 36.8, -6.4 ] ] ], [ [ [ 37.5, -6.2 ], [ 37.4, -6.2 ], [ 37.4, -6.1 ], [ 37.5, -6.1 ], [ 37.5, -6.2 ] ] ], [ [ [ 37.5, -6.0 ], [ 37.6, -6.0 ], [ 37.6, -6.1 ], [ 37.5, -6.1 ], [ 37.5, -6.0 ] ] ], [ [ [ 37.2, -5.7 ], [ 37.2, -5.6 ], [ 37.3, -5.6 ], [ 37.3, -5.7 ], [ 37.2, -5.7 ] ] ], [ [ [ 37.4, -5.6 ], [ 37.4, -5.5 ], [ 37.5, -5.5 ], [ 37.5, -5.6 ], [ 37.6, -5.6 ], [ 37.6, -5.7 ], [ 37.5, -5.7 ], [ 37.4, -5.7 ], [ 37.4, -5.6 ] ] ], [ [ [ 38.2, -5.6 ], [ 38.1, -5.6 ], [ 38.1, -5.5 ], [ 38.2, -5.5 ], [ 38.3, -5.5 ], [ 38.3, -5.6 ], [ 38.2, -5.6 ] ] ], [ [ [ 38.4, -5.3 ], [ 38.4, -5.4 ], [ 38.3, -5.4 ], [ 38.2, -5.4 ], [ 38.1, -5.4 ], [ 38.1, -5.3 ], [ 38.2, -5.3 ], [ 38.3, -5.3 ], [ 38.4, -5.3 ] ] ], [ [ [ 38.6, -5.0 ], [ 38.7, -5.0 ], [ 38.7, -5.1 ], [ 38.8, -5.1 ], [ 38.8, -5.0 ], [ 38.9, -5.0 ], [ 38.9, -4.9 ], [ 38.8, -4.9 ], [ 38.8, -4.8 ], [ 38.9, -4.8 ], [ 38.9, -4.7 ], [ 38.9, -4.6 ], [ 38.9, -4.5 ], [ 39.0, -4.5 ], [ 39.0, -4.4 ], [ 39.0, -4.3 ], [ 39.1, -4.3 ], [ 39.1, -4.2 ], [ 39.2, -4.2 ], [ 39.3, -4.2 ], [ 39.4, -4.2 ], [ 39.4, -4.1 ], [ 39.4, -4.0 ], [ 39.4, -3.9 ], [ 39.4, -3.8 ], [ 39.4, -3.7 ], [ 39.4, -3.6 ], [ 39.5, -3.6 ], [ 39.5, -3.5 ], [ 39.5, -3.4 ], [ 39.5, -3.3 ], [ 39.6, -3.3 ], [ 39.6, -3.2 ], [ 39.7, -3.2 ], [ 39.7, -3.1 ], [ 39.6, -3.1 ], [ 39.5, -3.1 ], [ 39.5, -3.0 ], [ 39.6, -3.0 ], [ 39.7, -3.0 ], [ 39.8, -3.0 ], [ 39.8, -2.9 ], [ 39.9, -2.9 ], [ 39.9, -2.8 ], [ 39.9, -2.7 ], [ 40.0, -2.7 ], [ 40.1, -2.7 ], [ 40.1, -2.6 ], [ 40.1, -2.5 ], [ 40.1, -2.4 ], [ 40.1, -2.3 ], [ 40.1, -2.2 ], [ 40.0, -2.2 ], [ 40.0, -2.1 ], [ 40.0, -2.0 ], [ 40.1, -2.0 ], [ 40.1, -1.9 ], [ 40.2, -1.9 ], [ 40.2, -1.8 ], [ 40.3, -1.8 ], [ 40.4, -1.8 ], [ 40.5, -1.8 ], [ 40.5, -1.7 ], [ 40.6, -1.7 ], [ 40.7, -1.7 ], [ 40.8, -1.7 ], [ 40.8, -1.6 ], [ 40.9, -1.6 ], [ 41.0, -1.6 ], [ 41.0, -1.5 ], [ 40.9, -1.5 ], [ 40.8, -1.5 ], [ 40.8, -1.4 ], [ 40.8, -1.3 ], [ 40.9, -1.3 ], [ 41.0, -1.3 ], [ 41.1, -1.3 ], [ 41.1, -1.2 ], [ 41.2, -1.2 ], [ 41.2, -1.3 ], [ 41.2, -1.4 ], [ 41.3, -1.4 ], [ 41.3, -1.3 ], [ 41.4, -1.3 ], [ 41.4, -1.2 ], [ 41.3, -1.1 ], [ 41.3, -1.0 ], [ 41.3, -0.9 ], [ 41.4, -0.9 ], [ 41.5, -0.9 ], [ 41.6, -0.9 ], [ 41.6, -0.8 ], [ 41.5, -0.8 ], [ 41.5, -0.7 ], [ 41.5, -0.6 ], [ 41.5, -0.5 ], [ 41.6, -0.5 ], [ 41.6, -0.4 ], [ 41.6, -0.3 ], [ 41.7, -0.3 ], [ 41.7, -0.2 ], [ 41.7, -0.1 ], [ 41.8, 0.0 ], [ 41.9, 0.0 ], [ 42.0, 0.0 ], [ 42.0, 0.1 ], [ 42.1, 0.2 ], [ 42.1, 0.3 ], [ 42.2, 0.3 ], [ 42.3, 0.3 ], [ 42.4, 0.3 ], [ 42.4, 0.4 ], [ 42.4, 0.5 ], [ 42.5, 0.5 ], [ 42.5, 0.6 ], [ 42.5, 0.7 ], [ 42.6, 0.7 ], [ 42.6, 0.8 ], [ 42.7, 0.8 ], [ 42.8, 0.8 ], [ 42.8, 0.9 ], [ 42.8, 1.0 ], [ 42.7, 1.0 ], [ 42.7, 1.1 ], [ 42.8, 1.1 ], [ 42.9, 1.1 ], [ 42.9, 1.2 ], [ 42.9, 1.3 ], [ 42.9, 1.4 ], [ 42.9, 1.5 ], [ 43.0, 1.5 ], [ 43.1, 1.5 ], [ 43.1, 1.6 ], [ 43.2, 1.7 ], [ 43.2, 1.8 ], [ 43.3, 1.8 ], [ 43.4, 1.8 ], [ 43.5, 1.8 ], [ 43.6, 1.8 ], [ 43.6, 1.9 ], [ 43.7, 2.0 ], [ 43.7, 2.1 ], [ 43.8, 2.1 ], [ 43.9, 2.1 ], [ 44.0, 2.1 ], [ 44.0, 2.0 ], [ 44.1, 2.0 ], [ 44.2, 2.0 ], [ 44.3, 2.0 ], [ 44.4, 2.1 ], [ 44.4, 2.2 ], [ 44.5, 2.2 ], [ 44.5, 2.1 ], [ 44.6, 2.1 ], [ 44.7, 2.1 ], [ 44.8, 2.2 ], [ 44.9, 2.3 ], [ 45.0, 2.3 ], [ 45.1, 2.3 ], [ 45.2, 2.3 ], [ 45.2, 2.4 ], [ 45.3, 2.4 ], [ 45.4, 2.5 ], [ 45.4, 2.6 ], [ 45.4, 2.7 ], [ 45.4, 2.8 ], [ 45.4, 2.9 ], [ 45.4, 3.0 ], [ 45.4, 3.1 ], [ 45.5, 3.2 ], [ 45.5, 3.3 ], [ 45.6, 3.3 ], [ 45.6, 3.2 ], [ 45.7, 3.2 ], [ 45.7, 3.1 ], [ 45.7, 3.0 ], [ 45.7, 2.9 ], [ 45.7, 2.8 ], [ 45.7, 2.7 ], [ 45.7, 2.6 ], [ 45.8, 2.6 ], [ 45.8, 2.7 ], [ 45.8, 2.8 ], [ 45.9, 2.9 ], [ 45.9, 3.0 ], [ 46.0, 3.0 ], [ 46.0, 3.1 ], [ 46.0, 3.2 ], [ 46.1, 3.2 ], [ 46.2, 3.3 ], [ 46.2, 3.4 ], [ 46.1, 3.4 ], [ 46.2, 3.5 ], [ 46.3, 3.5 ], [ 46.3, 3.6 ], [ 46.4, 3.6 ], [ 46.5, 3.5 ], [ 46.6, 3.5 ], [ 46.6, 3.6 ], [ 46.6, 3.7 ], [ 46.7, 3.7 ], [ 46.8, 3.7 ], [ 46.8, 3.8 ], [ 46.8, 3.9 ], [ 46.9, 3.9 ], [ 47.0, 3.9 ], [ 47.0, 4.0 ], [ 47.1, 4.1 ], [ 47.1, 4.2 ], [ 47.2, 4.2 ], [ 47.2, 4.3 ], [ 47.3, 4.3 ], [ 47.3, 4.4 ], [ 47.4, 4.4 ], [ 47.5, 4.4 ], [ 47.5, 4.5 ], [ 47.6, 4.5 ], [ 47.7, 4.6 ], [ 47.7, 4.7 ], [ 47.7, 4.8 ], [ 47.8, 4.9 ], [ 47.8, 5.0 ], [ 47.9, 5.0 ], [ 48.0, 5.0 ], [ 48.0, 5.1 ], [ 48.1, 5.1 ], [ 48.2, 5.1 ], [ 48.2, 5.0 ], [ 48.1, 5.0 ], [ 48.1, 4.9 ], [ 48.1, 4.8 ], [ 48.0, 4.8 ], [ 48.0, 4.7 ], [ 47.9, 4.7 ], [ 47.8, 4.7 ], [ 47.8, 4.6 ], [ 47.8, 4.5 ], [ 47.7, 4.4 ], [ 47.6, 4.4 ], [ 47.6, 4.3 ], [ 47.5, 4.3 ], [ 47.4, 4.2 ], [ 47.3, 4.1 ], [ 47.2, 4.0 ], [ 47.2, 3.9 ], [ 47.2, 3.8 ], [ 47.1, 3.8 ], [ 47.1, 3.7 ], [ 47.0, 3.7 ], [ 46.9, 3.6 ], [ 46.8, 3.5 ], [ 46.7, 3.4 ], [ 46.7, 3.3 ], [ 46.6, 3.2 ], [ 46.5, 3.1 ], [ 46.4, 3.1 ], [ 46.4, 3.0 ], [ 46.3, 2.9 ], [ 46.3, 2.8 ], [ 46.2, 2.8 ], [ 46.2, 2.7 ], [ 46.1, 2.7 ], [ 46.1, 2.6 ], [ 46.0, 2.6 ], [ 45.9, 2.5 ], [ 45.8, 2.4 ], [ 45.7, 2.3 ], [ 45.6, 2.3 ], [ 45.6, 2.2 ], [ 45.5, 2.2 ], [ 45.4, 2.2 ], [ 45.3, 2.1 ], [ 45.3, 2.0 ], [ 45.2, 2.0 ], [ 45.2, 1.9 ], [ 45.1, 1.9 ], [ 45.0, 1.9 ], [ 45.0, 1.8 ], [ 44.9, 1.8 ], [ 44.8, 1.7 ], [ 44.7, 1.7 ], [ 44.7, 1.6 ], [ 44.6, 1.6 ], [ 44.6, 1.5 ], [ 44.5, 1.5 ], [ 44.4, 1.4 ], [ 44.3, 1.4 ], [ 44.3, 1.3 ], [ 44.2, 1.3 ], [ 44.2, 1.2 ], [ 44.1, 1.2 ], [ 44.1, 1.1 ], [ 44.0, 1.1 ], [ 44.0, 1.0 ], [ 43.9, 1.0 ], [ 43.8, 1.0 ], [ 43.8, 0.9 ], [ 43.7, 0.9 ], [ 43.7, 0.8 ], [ 43.6, 0.8 ], [ 43.6, 0.7 ], [ 43.5, 0.7 ], [ 43.5, 0.6 ], [ 43.4, 0.6 ], [ 43.4, 0.5 ], [ 43.3, 0.5 ], [ 43.3, 0.4 ], [ 43.2, 0.4 ], [ 43.2, 0.3 ], [ 43.1, 0.3 ], [ 43.1, 0.2 ], [ 43.0, 0.2 ], [ 43.0, 0.1 ], [ 42.9, 0.0 ], [ 42.8, -0.1 ], [ 42.7, -0.2 ], [ 42.6, -0.3 ], [ 42.6, -0.4 ], [ 42.5, -0.4 ], [ 42.4, -0.5 ], [ 42.4, -0.6 ], [ 42.3, -0.6 ], [ 42.2, -0.7 ], [ 42.1, -0.8 ], [ 42.1, -0.9 ], [ 42.0, -0.9 ], [ 42.0, -1.0 ], [ 42.0, -1.1 ], [ 41.9, -1.1 ], [ 41.8, -1.1 ], [ 41.7, -1.1 ], [ 41.7, -1.2 ], [ 41.8, -1.2 ], [ 41.8, -1.3 ], [ 41.8, -1.4 ], [ 41.7, -1.4 ], [ 41.7, -1.5 ], [ 41.6, -1.6 ], [ 41.6, -1.7 ], [ 41.5, -1.7 ], [ 41.5, -1.8 ], [ 41.4, -1.8 ], [ 41.4, -1.9 ], [ 41.3, -1.9 ], [ 41.3, -2.0 ], [ 41.2, -2.0 ], [ 41.1, -2.0 ], [ 41.0, -2.0 ], [ 41.0, -2.1 ], [ 40.9, -2.1 ], [ 40.9, -2.2 ], [ 40.8, -2.2 ], [ 40.8, -2.3 ], [ 40.8, -2.4 ], [ 40.7, -2.4 ], [ 40.7, -2.5 ], [ 40.6, -2.5 ], [ 40.5, -2.5 ], [ 40.4, -2.5 ], [ 40.3, -2.5 ], [ 40.3, -2.6 ], [ 40.3, -2.7 ], [ 40.2, -2.7 ], [ 40.2, -2.8 ], [ 40.2, -2.9 ], [ 40.2, -3.0 ], [ 40.1, -3.0 ], [ 40.1, -3.1 ], [ 40.1, -3.2 ], [ 40.1, -3.3 ], [ 40.0, -3.3 ], [ 39.9, -3.3 ], [ 39.9, -3.4 ], [ 39.9, -3.5 ], [ 39.9, -3.6 ], [ 39.9, -3.7 ], [ 39.8, -3.7 ], [ 39.8, -3.8 ], [ 39.8, -3.9 ], [ 39.7, -3.9 ], [ 39.7, -4.0 ], [ 39.6, -4.0 ], [ 39.6, -4.1 ], [ 39.6, -4.2 ], [ 39.6, -4.3 ], [ 39.6, -4.4 ], [ 39.5, -4.4 ], [ 39.5, -4.5 ], [ 39.4, -4.5 ], [ 39.4, -4.6 ], [ 39.3, -4.6 ], [ 39.2, -4.6 ], [ 39.2, -4.7 ], [ 39.2, -4.8 ], [ 39.2, -4.9 ], [ 39.1, -4.9 ], [ 39.1, -5.0 ], [ 39.1, -5.1 ], [ 39.1, -5.2 ], [ 39.1, -5.3 ], [ 39.0, -5.3 ], [ 39.0, -5.4 ], [ 39.0, -5.5 ], [ 39.0, -5.6 ], [ 38.9, -5.6 ], [ 38.9, -5.7 ], [ 38.9, -5.8 ], [ 38.8, -5.8 ], [ 38.8, -5.9 ], [ 38.8, -6.0 ], [ 38.8, -6.1 ], [ 38.8, -6.2 ], [ 38.9, -6.2 ], [ 38.9, -6.3 ], [ 38.8, -6.3 ], [ 38.8, -6.4 ], [ 38.9, -6.4 ], [ 38.9, -6.5 ], [ 39.0, -6.5 ], [ 39.1, -6.5 ], [ 39.1, -6.6 ], [ 39.2, -6.6 ], [ 39.2, -6.7 ], [ 39.2, -6.8 ], [ 39.3, -6.8 ], [ 39.4, -6.8 ], [ 39.4, -6.9 ], [ 39.5, -6.9 ], [ 39.5, -7.0 ], [ 39.5, -7.1 ], [ 39.5, -7.2 ], [ 39.4, -7.2 ], [ 39.4, -7.3 ], [ 39.3, -7.3 ], [ 39.3, -7.4 ], [ 39.3, -7.5 ], [ 39.3, -7.6 ], [ 39.3, -7.7 ], [ 39.3, -7.8 ], [ 39.2, -7.8 ], [ 39.2, -7.9 ], [ 39.3, -7.9 ], [ 39.4, -7.9 ], [ 39.4, -8.0 ], [ 39.4, -8.1 ], [ 39.3, -8.1 ], [ 39.3, -8.2 ], [ 39.2, -8.2 ], [ 39.2, -8.3 ], [ 39.3, -8.3 ], [ 39.3, -8.4 ], [ 39.3, -8.5 ], [ 39.3, -8.6 ], [ 39.4, -8.6 ], [ 39.4, -8.7 ], [ 39.4, -8.8 ], [ 39.5, -8.8 ], [ 39.5, -8.9 ], [ 39.4, -8.9 ], [ 39.4, -9.0 ], [ 39.5, -9.0 ], [ 39.5, -9.1 ], [ 39.6, -9.1 ], [ 39.6, -9.2 ], [ 39.6, -9.3 ], [ 39.7, -9.3 ], [ 39.7, -9.4 ], [ 39.6, -9.4 ], [ 39.6, -9.5 ], [ 39.7, -9.5 ], [ 39.7, -9.6 ], [ 39.7, -9.7 ], [ 39.7, -9.8 ], [ 39.8, -9.8 ], [ 39.8, -9.9 ], [ 39.7, -9.9 ], [ 39.7, -10.0 ], [ 39.8, -10.0 ], [ 39.9, -10.0 ], [ 39.9, -10.1 ], [ 40.0, -10.1 ], [ 40.1, -10.1 ], [ 40.1, -10.2 ], [ 40.1, -10.3 ], [ 40.2, -10.3 ], [ 40.2, -10.2 ], [ 40.3, -10.2 ], [ 40.3, -10.3 ], [ 40.3, -10.4 ], [ 40.4, -10.4 ], [ 40.4, -10.5 ], [ 40.5, -10.5 ], [ 40.5, -10.6 ], [ 40.6, -10.6 ], [ 40.6, -10.7 ], [ 40.5, -10.7 ], [ 40.5, -10.8 ], [ 40.6, -10.8 ], [ 40.7, -10.8 ], [ 40.7, -10.9 ], [ 40.6, -10.9 ], [ 40.5, -10.9 ], [ 40.5, -11.0 ], [ 40.6, -11.0 ], [ 40.6, -11.1 ], [ 40.5, -11.1 ], [ 40.5, -11.2 ], [ 40.4, -11.2 ], [ 40.4, -11.3 ], [ 40.4, -11.4 ], [ 40.5, -11.4 ], [ 40.5, -11.5 ], [ 40.4, -11.5 ], [ 40.4, -11.6 ], [ 40.4, -11.7 ], [ 40.5, -11.7 ], [ 40.5, -11.8 ], [ 40.5, -11.9 ], [ 40.5, -12.0 ], [ 40.5, -12.1 ], [ 40.5, -12.2 ], [ 40.5, -12.3 ], [ 40.5, -12.4 ], [ 40.5, -12.5 ], [ 40.6, -12.5 ], [ 40.5, -12.6 ], [ 40.6, -12.6 ], [ 40.6, -12.7 ], [ 40.6, -12.8 ], [ 40.5, -12.8 ], [ 40.5, -12.9 ], [ 40.4, -12.9 ], [ 40.4, -13.0 ], [ 40.5, -13.0 ], [ 40.6, -13.0 ], [ 40.6, -13.1 ], [ 40.6, -13.2 ], [ 40.6, -13.3 ], [ 40.6, -13.4 ], [ 40.5, -13.4 ], [ 40.5, -13.5 ], [ 40.6, -13.6 ], [ 40.5, -13.6 ], [ 40.5, -13.7 ], [ 40.6, -13.7 ], [ 40.6, -13.8 ], [ 40.6, -13.9 ], [ 40.6, -14.0 ], [ 40.6, -14.1 ], [ 40.5, -14.2 ], [ 40.6, -14.2 ], [ 40.7, -14.2 ], [ 40.7, -14.3 ], [ 40.6, -14.3 ], [ 40.6, -14.4 ], [ 40.7, -14.4 ], [ 40.8, -14.4 ], [ 40.8, -14.5 ], [ 40.8, -14.6 ], [ 40.8, -14.7 ], [ 40.8, -14.8 ], [ 40.8, -14.9 ], [ 40.7, -14.9 ], [ 40.8, -15.0 ], [ 40.7, -15.0 ], [ 40.7, -15.1 ], [ 40.6, -15.1 ], [ 40.5, -15.1 ], [ 40.5, -15.2 ], [ 40.6, -15.2 ], [ 40.7, -15.2 ], [ 40.7, -15.3 ], [ 40.6, -15.3 ], [ 40.6, -15.4 ], [ 40.6, -15.5 ], [ 40.5, -15.5 ], [ 40.5, -15.6 ], [ 40.4, -15.6 ], [ 40.4, -15.7 ], [ 40.3, -15.7 ], [ 40.3, -15.8 ], [ 40.2, -15.9 ], [ 40.1, -15.9 ], [ 40.1, -16.0 ], [ 40.0, -16.1 ], [ 40.0, -16.2 ], [ 39.9, -16.2 ], [ 39.9, -16.3 ], [ 39.9, -16.4 ], [ 39.8, -16.5 ], [ 39.7, -16.5 ], [ 39.7, -16.6 ], [ 39.6, -16.6 ], [ 39.5, -16.6 ], [ 39.5, -16.7 ], [ 39.4, -16.7 ], [ 39.3, -16.7 ], [ 39.3, -16.8 ], [ 39.2, -16.8 ], [ 39.1, -16.9 ], [ 39.0, -17.0 ], [ 38.9, -17.0 ], [ 38.9, -17.1 ], [ 38.8, -17.1 ], [ 38.7, -17.1 ], [ 38.6, -17.1 ], [ 38.5, -17.1 ], [ 38.4, -17.2 ], [ 38.3, -17.2 ], [ 38.2, -17.2 ], [ 38.2, -17.3 ], [ 38.1, -17.3 ], [ 38.0, -17.3 ], [ 37.9, -17.3 ], [ 37.9, -17.4 ], [ 37.8, -17.4 ], [ 37.7, -17.5 ], [ 37.6, -17.5 ], [ 37.5, -17.5 ], [ 37.5, -17.6 ], [ 37.4, -17.6 ], [ 37.4, -17.7 ], [ 37.3, -17.7 ], [ 37.2, -17.7 ], [ 37.1, -17.7 ], [ 37.0, -17.6 ], [ 36.9, -17.6 ], [ 36.8, -17.6 ], [ 36.8, -17.5 ], [ 36.7, -17.5 ], [ 36.6, -17.5 ], [ 36.8, -17.4 ], [ 36.9, -17.4 ], [ 37.0, -17.3 ], [ 37.2, -17.3 ], [ 37.3, -17.2 ], [ 37.4, -17.2 ], [ 37.5, -17.2 ], [ 37.6, -17.2 ], [ 37.7, -17.1 ], [ 37.9, -17.0 ], [ 38.0, -17.0 ], [ 38.1, -16.9 ], [ 38.3, -16.8 ], [ 38.4, -16.7 ], [ 38.6, -16.6 ], [ 38.7, -16.6 ], [ 38.8, -16.6 ], [ 38.9, -16.5 ], [ 39.0, -16.4 ], [ 39.1, -16.3 ], [ 39.2, -16.2 ], [ 39.2, -16.1 ], [ 39.3, -16.0 ], [ 39.3, -15.9 ], [ 39.4, -15.9 ], [ 39.4, -15.8 ], [ 39.5, -15.8 ], [ 39.5, -15.7 ], [ 39.6, -15.7 ], [ 39.6, -15.6 ], [ 39.7, -15.6 ], [ 39.7, -15.5 ], [ 39.7, -15.4 ], [ 39.8, -15.4 ], [ 39.8, -15.3 ], [ 39.9, -15.3 ], [ 39.9, -15.2 ], [ 39.9, -15.1 ], [ 40.0, -15.1 ], [ 40.0, -15.0 ], [ 40.0, -14.9 ], [ 40.0, -14.8 ], [ 40.1, -14.8 ], [ 40.1, -14.7 ], [ 40.1, -14.6 ], [ 40.1, -14.5 ], [ 40.1, -14.4 ], [ 40.2, -14.4 ], [ 40.2, -14.3 ], [ 40.2, -14.2 ], [ 40.1, -14.2 ], [ 40.1, -14.1 ], [ 40.1, -14.0 ], [ 40.1, -13.9 ], [ 40.0, -13.9 ], [ 40.0, -13.8 ], [ 39.9, -13.8 ], [ 39.8, -13.8 ], [ 39.7, -13.8 ], [ 39.6, -13.8 ], [ 39.5, -13.8 ], [ 39.4, -13.8 ], [ 39.3, -13.8 ], [ 39.3, -13.7 ], [ 39.4, -13.7 ], [ 39.4, -13.6 ], [ 39.5, -13.6 ], [ 39.6, -13.6 ], [ 39.6, -13.5 ], [ 39.7, -13.5 ], [ 39.8, -13.5 ], [ 39.8, -13.4 ], [ 39.9, -13.4 ], [ 39.9, -13.3 ], [ 40.0, -13.3 ], [ 40.0, -13.2 ], [ 40.0, -13.1 ], [ 40.0, -13.0 ], [ 40.0, -12.9 ], [ 40.0, -12.8 ], [ 40.0, -12.7 ], [ 40.0, -12.6 ], [ 40.0, -12.5 ], [ 39.9, -12.5 ], [ 39.9, -12.4 ], [ 39.8, -12.4 ], [ 39.7, -12.4 ], [ 39.7, -12.3 ], [ 39.6, -12.3 ], [ 39.6, -12.2 ], [ 39.6, -12.1 ], [ 39.6, -12.0 ], [ 39.5, -12.0 ], [ 39.5, -11.9 ], [ 39.4, -11.9 ], [ 39.4, -11.8 ], [ 39.3, -11.8 ], [ 39.2, -11.7 ], [ 39.1, -11.7 ], [ 39.0, -11.7 ], [ 39.0, -11.6 ], [ 38.9, -11.5 ], [ 38.8, -11.5 ], [ 38.8, -11.4 ], [ 38.7, -11.4 ], [ 38.6, -11.4 ], [ 38.6, -11.3 ], [ 38.7, -11.3 ], [ 38.8, -11.3 ], [ 38.8, -11.2 ], [ 38.9, -11.2 ], [ 38.9, -11.1 ], [ 38.9, -11.0 ], [ 38.9, -10.9 ], [ 38.9, -10.8 ], [ 38.9, -10.7 ], [ 39.0, -10.7 ], [ 39.0, -10.6 ], [ 39.1, -10.6 ], [ 39.1, -10.5 ], [ 39.2, -10.5 ], [ 39.2, -10.4 ], [ 39.1, -10.4 ], [ 39.1, -10.3 ], [ 39.0, -10.3 ], [ 39.0, -10.2 ], [ 39.1, -10.2 ], [ 39.1, -10.1 ], [ 39.2, -10.1 ], [ 39.2, -10.0 ], [ 39.3, -10.0 ], [ 39.3, -9.9 ], [ 39.2, -9.9 ], [ 39.2, -9.8 ], [ 39.2, -9.7 ], [ 39.2, -9.6 ], [ 39.3, -9.6 ], [ 39.4, -9.6 ], [ 39.5, -9.6 ], [ 39.5, -9.5 ], [ 39.4, -9.5 ], [ 39.4, -9.4 ], [ 39.4, -9.3 ], [ 39.4, -9.2 ], [ 39.3, -9.2 ], [ 39.3, -9.1 ], [ 39.2, -9.1 ], [ 39.2, -9.0 ], [ 39.2, -8.9 ], [ 39.2, -8.8 ], [ 39.1, -8.8 ], [ 39.1, -8.9 ], [ 39.0, -8.9 ], [ 38.9, -8.9 ], [ 38.8, -8.9 ], [ 38.8, -8.8 ], [ 38.7, -8.8 ], [ 38.6, -8.8 ], [ 38.6, -8.9 ], [ 38.6, -9.0 ], [ 38.5, -9.0 ], [ 38.5, -8.9 ], [ 38.4, -8.9 ], [ 38.4, -8.8 ], [ 38.4, -8.7 ], [ 38.4, -8.6 ], [ 38.3, -8.6 ], [ 38.3, -8.5 ], [ 38.2, -8.5 ], [ 38.2, -8.6 ], [ 38.1, -8.6 ], [ 38.1, -8.5 ], [ 38.0, -8.5 ], [ 37.9, -8.5 ], [ 37.9, -8.4 ], [ 38.0, -8.4 ], [ 38.0, -8.3 ], [ 37.9, -8.3 ], [ 37.9, -8.2 ], [ 38.0, -8.2 ], [ 38.0, -8.1 ], [ 38.1, -8.1 ], [ 38.1, -8.0 ], [ 38.1, -7.9 ], [ 38.2, -7.9 ], [ 38.2, -7.8 ], [ 38.1, -7.8 ], [ 38.1, -7.7 ], [ 38.1, -7.6 ], [ 38.1, -7.5 ], [ 38.0, -7.5 ], [ 37.9, -7.5 ], [ 37.8, -7.5 ], [ 37.8, -7.4 ], [ 37.8, -7.3 ], [ 37.8, -7.2 ], [ 37.9, -7.2 ], [ 37.9, -7.1 ], [ 37.9, -7.0 ], [ 38.0, -7.0 ], [ 38.0, -7.1 ], [ 38.1, -7.1 ], [ 38.1, -7.0 ], [ 38.2, -7.0 ], [ 38.2, -6.9 ], [ 38.1, -6.9 ], [ 38.1, -6.8 ], [ 38.2, -6.8 ], [ 38.3, -6.8 ], [ 38.3, -6.7 ], [ 38.3, -6.6 ], [ 38.4, -6.6 ], [ 38.4, -6.5 ], [ 38.4, -6.4 ], [ 38.4, -6.3 ], [ 38.4, -6.2 ], [ 38.5, -6.2 ], [ 38.6, -6.2 ], [ 38.6, -6.1 ], [ 38.5, -6.1 ], [ 38.5, -6.0 ], [ 38.6, -6.0 ], [ 38.6, -5.9 ], [ 38.5, -5.9 ], [ 38.5, -5.8 ], [ 38.4, -5.8 ], [ 38.3, -5.8 ], [ 38.3, -5.7 ], [ 38.4, -5.7 ], [ 38.5, -5.7 ], [ 38.5, -5.6 ], [ 38.4, -5.6 ], [ 38.4, -5.5 ], [ 38.5, -5.5 ], [ 38.5, -5.4 ], [ 38.5, -5.3 ], [ 38.4, -5.3 ], [ 38.4, -5.2 ], [ 38.3, -5.2 ], [ 38.3, -5.1 ], [ 38.4, -5.1 ], [ 38.4, -5.0 ], [ 38.4, -4.9 ], [ 38.3, -4.9 ], [ 38.3, -4.8 ], [ 38.2, -4.8 ], [ 38.2, -4.7 ], [ 38.2, -4.6 ], [ 38.2, -4.5 ], [ 38.3, -4.5 ], [ 38.4, -4.5 ], [ 38.4, -4.6 ], [ 38.5, -4.6 ], [ 38.5, -4.7 ], [ 38.5, -4.8 ], [ 38.6, -4.8 ], [ 38.6, -4.9 ], [ 38.5, -4.9 ], [ 38.5, -5.0 ], [ 38.6, -5.0 ] ], [ [ 41.1, -1.4 ], [ 41.1, -1.5 ], [ 41.2, -1.5 ], [ 41.2, -1.4 ], [ 41.1, -1.4 ] ], [ [ 40.6, -14.8 ], [ 40.6, -14.9 ], [ 40.7, -14.9 ], [ 40.6, -14.8 ] ], [ [ 39.8, -16.2 ], [ 39.8, -16.3 ], [ 39.9, -16.2 ], [ 39.8, -16.2 ] ], [ [ 40.7, -14.6 ], [ 40.7, -14.5 ], [ 40.6, -14.5 ], [ 40.6, -14.6 ], [ 40.7, -14.6 ] ], [ [ 40.8, -1.9 ], [ 40.8, -2.0 ], [ 40.9, -2.0 ], [ 40.9, -1.9 ], [ 40.8, -1.9 ] ] ], [ [ [ 38.3, -5.0 ], [ 38.3, -5.1 ], [ 38.2, -5.1 ], [ 38.1, -5.1 ], [ 38.1, -5.0 ], [ 38.1, -4.9 ], [ 38.1, -4.8 ], [ 38.2, -4.8 ], [ 38.2, -4.9 ], [ 38.2, -5.0 ], [ 38.3, -5.0 ] ] ], [ [ [ 38.0, -4.5 ], [ 37.9, -4.5 ], [ 37.9, -4.4 ], [ 38.0, -4.4 ], [ 38.0, -4.5 ] ] ], [ [ [ 38.0, -4.3 ], [ 37.9, -4.3 ], [ 37.9, -4.2 ], [ 38.0, -4.2 ], [ 38.0, -4.3 ] ] ], [ [ [ 37.7, -4.0 ], [ 37.8, -4.0 ], [ 37.8, -4.1 ], [ 37.7, -4.1 ], [ 37.7, -4.0 ] ] ], [ [ [ 37.7, -3.7 ], [ 37.7, -3.8 ], [ 37.6, -3.8 ], [ 37.6, -3.7 ], [ 37.6, -3.6 ], [ 37.7, -3.6 ], [ 37.7, -3.7 ] ] ], [ [ [ 38.4, -3.3 ], [ 38.5, -3.3 ], [ 38.5, -3.4 ], [ 38.4, -3.4 ], [ 38.3, -3.4 ], [ 38.3, -3.3 ], [ 38.4, -3.3 ] ] ], [ [ [ 37.3, -3.1 ], [ 37.4, -3.1 ], [ 37.4, -3.2 ], [ 37.5, -3.2 ], [ 37.5, -3.1 ], [ 37.5, -3.0 ], [ 37.6, -3.0 ], [ 37.6, -3.1 ], [ 37.6, -3.2 ], [ 37.6, -3.3 ], [ 37.5, -3.3 ], [ 37.4, -3.3 ], [ 37.3, -3.3 ], [ 37.2, -3.3 ], [ 37.2, -3.2 ], [ 37.1, -3.2 ], [ 37.0, -3.2 ], [ 37.0, -3.3 ], [ 36.9, -3.3 ], [ 36.8, -3.3 ], [ 36.8, -3.2 ], [ 36.9, -3.2 ], [ 36.9, -3.1 ], [ 36.9, -3.0 ], [ 37.0, -3.0 ], [ 37.1, -3.0 ], [ 37.1, -2.9 ], [ 37.2, -2.9 ], [ 37.2, -3.0 ], [ 37.2, -3.1 ], [ 37.3, -3.1 ] ] ], [ [ [ 37.4, -3.0 ], [ 37.3, -3.0 ], [ 37.3, -2.9 ], [ 37.4, -2.9 ], [ 37.5, -2.9 ], [ 37.5, -3.0 ], [ 37.4, -3.0 ] ] ], [ [ [ 37.5, -1.7 ], [ 37.4, -1.7 ], [ 37.4, -1.6 ], [ 37.5, -1.6 ], [ 37.5, -1.7 ] ] ], [ [ [ 38.3, -1.4 ], [ 38.2, -1.4 ], [ 38.1, -1.4 ], [ 38.1, -1.3 ], [ 38.2, -1.3 ], [ 38.3, -1.3 ], [ 38.4, -1.3 ], [ 38.5, -1.3 ], [ 38.5, -1.2 ], [ 38.6, -1.2 ], [ 38.6, -1.3 ], [ 38.6, -1.4 ], [ 38.5, -1.4 ], [ 38.4, -1.4 ], [ 38.4, -1.5 ], [ 38.3, -1.5 ], [ 38.3, -1.4 ] ] ], [ [ [ 37.4, -1.2 ], [ 37.4, -1.3 ], [ 37.3, -1.3 ], [ 37.3, -1.2 ], [ 37.4, -1.2 ] ] ], [ [ [ 37.3, -1.2 ], [ 37.2, -1.2 ], [ 37.2, -1.1 ], [ 37.3, -1.1 ], [ 37.3, -1.2 ] ] ], [ [ [ 38.4, -1.1 ], [ 38.3, -1.1 ], [ 38.3, -1.0 ], [ 38.4, -1.0 ], [ 38.4, -1.1 ] ] ], [ [ [ 38.1, -1.1 ], [ 38.1, -1.0 ], [ 38.1, -0.9 ], [ 38.1, -0.8 ], [ 38.0, -0.8 ], [ 38.0, -0.7 ], [ 38.1, -0.7 ], [ 38.2, -0.7 ], [ 38.2, -0.8 ], [ 38.2, -0.9 ], [ 38.2, -1.0 ], [ 38.2, -1.1 ], [ 38.2, -1.2 ], [ 38.1, -1.2 ], [ 38.1, -1.1 ] ] ], [ [ [ 37.1, 0.4 ], [ 37.1, 0.5 ], [ 37.2, 0.5 ], [ 37.2, 0.4 ], [ 37.1, 0.4 ] ] ], [ [ [ 37.0, 0.6 ], [ 37.1, 0.6 ], [ 37.1, 0.5 ], [ 37.0, 0.5 ], [ 37.0, 0.6 ] ] ], [ [ [ 36.9, 0.7 ], [ 37.0, 0.7 ], [ 37.0, 0.6 ], [ 36.9, 0.6 ], [ 36.9, 0.7 ] ] ], [ [ [ 37.3, 1.0 ], [ 37.3, 1.1 ], [ 37.3, 1.2 ], [ 37.2, 1.2 ], [ 37.2, 1.3 ], [ 37.3, 1.3 ], [ 37.4, 1.3 ], [ 37.4, 1.2 ], [ 37.4, 1.1 ], [ 37.4, 1.0 ], [ 37.3, 1.0 ] ] ], [ [ [ 37.3, 1.4 ], [ 37.2, 1.4 ], [ 37.2, 1.5 ], [ 37.3, 1.5 ], [ 37.3, 1.4 ] ] ], [ [ [ 37.3, 1.6 ], [ 37.2, 1.6 ], [ 37.2, 1.7 ], [ 37.3, 1.7 ], [ 37.3, 1.6 ] ] ], [ [ [ 36.9, 2.1 ], [ 36.9, 2.0 ], [ 36.8, 2.0 ], [ 36.8, 2.1 ], [ 36.8, 2.2 ], [ 36.9, 2.2 ], [ 36.9, 2.1 ] ] ], [ [ [ 37.9, 2.3 ], [ 38.0, 2.3 ], [ 38.0, 2.2 ], [ 37.9, 2.2 ], [ 37.9, 2.3 ] ] ], [ [ [ 37.0, 2.6 ], [ 36.9, 2.6 ], [ 36.9, 2.7 ], [ 36.9, 2.8 ], [ 37.0, 2.8 ], [ 37.0, 2.7 ], [ 37.0, 2.6 ] ] ], [ [ [ 37.7, 3.3 ], [ 37.7, 3.4 ], [ 37.8, 3.4 ], [ 37.8, 3.3 ], [ 37.7, 3.3 ] ] ], [ [ [ 37.2, 8.1 ], [ 37.1, 8.1 ], [ 37.1, 8.0 ], [ 37.0, 8.0 ], [ 37.0, 8.1 ], [ 37.0, 8.2 ], [ 37.1, 8.2 ], [ 37.2, 8.2 ], [ 37.2, 8.1 ] ] ], [ [ [ 36.9, 8.4 ], [ 37.0, 8.4 ], [ 37.0, 8.3 ], [ 36.9, 8.3 ], [ 36.9, 8.4 ] ] ], [ [ [ 37.1, 9.3 ], [ 37.0, 9.3 ], [ 37.0, 9.4 ], [ 37.0, 9.5 ], [ 36.9, 9.5 ], [ 36.9, 9.6 ], [ 37.0, 9.6 ], [ 37.0, 9.7 ], [ 37.0, 9.8 ], [ 37.1, 9.8 ], [ 37.1, 9.7 ], [ 37.2, 9.7 ], [ 37.2, 9.6 ], [ 37.1, 9.6 ], [ 37.1, 9.5 ], [ 37.1, 9.4 ], [ 37.1, 9.3 ] ] ], [ [ [ 37.0, 9.9 ], [ 36.9, 9.9 ], [ 36.9, 10.0 ], [ 37.0, 10.0 ], [ 37.0, 9.9 ] ] ], [ [ [ 45.2, -22.8 ], [ 45.2, -22.9 ], [ 45.1, -22.9 ], [ 45.1, -23.0 ], [ 45.0, -23.0 ], [ 45.0, -23.1 ], [ 44.9, -23.1 ], [ 44.9, -23.0 ], [ 44.9, -22.9 ], [ 44.9, -22.8 ], [ 45.0, -22.8 ], [ 45.0, -22.7 ], [ 45.1, -22.7 ], [ 45.1, -22.8 ], [ 45.2, -22.8 ] ] ], [ [ [ 44.2, -22.6 ], [ 44.3, -22.6 ], [ 44.2, -22.7 ], [ 44.2, -22.8 ], [ 44.1, -22.8 ], [ 44.1, -22.7 ], [ 44.0, -22.6 ], [ 44.0, -22.5 ], [ 44.1, -22.5 ], [ 44.2, -22.4 ], [ 44.2, -22.5 ], [ 44.2, -22.6 ] ] ], [ [ [ 45.4, -22.5 ], [ 45.4, -22.6 ], [ 45.3, -22.6 ], [ 45.2, -22.6 ], [ 45.2, -22.5 ], [ 45.3, -22.5 ], [ 45.3, -22.4 ], [ 45.3, -22.3 ], [ 45.4, -22.3 ], [ 45.4, -22.4 ], [ 45.4, -22.5 ] ] ], [ [ [ 45.2, -21.3 ], [ 45.2, -21.4 ], [ 45.1, -21.4 ], [ 45.1, -21.3 ], [ 45.0, -21.3 ], [ 45.1, -21.2 ], [ 45.1, -21.1 ], [ 45.2, -21.0 ], [ 45.3, -20.9 ], [ 45.3, -21.0 ], [ 45.4, -21.0 ], [ 45.4, -20.9 ], [ 45.4, -20.8 ], [ 45.5, -20.8 ], [ 45.6, -20.8 ], [ 45.6, -20.9 ], [ 45.6, -21.0 ], [ 45.7, -21.0 ], [ 45.7, -21.1 ], [ 45.6, -21.1 ], [ 45.6, -21.2 ], [ 45.5, -21.2 ], [ 45.4, -21.2 ], [ 45.3, -21.2 ], [ 45.3, -21.3 ], [ 45.2, -21.3 ] ] ], [ [ [ 45.8, -20.9 ], [ 45.8, -21.0 ], [ 45.7, -21.0 ], [ 45.7, -20.9 ], [ 45.8, -20.8 ], [ 45.8, -20.9 ] ] ], [ [ [ 46.7, -24.2 ], [ 46.6, -24.1 ], [ 46.5, -24.1 ], [ 46.4, -24.1 ], [ 46.4, -24.0 ], [ 46.3, -24.0 ], [ 46.2, -24.0 ], [ 46.1, -24.0 ], [ 46.0, -24.0 ], [ 46.0, -24.1 ], [ 45.9, -24.1 ], [ 45.9, -24.2 ], [ 45.8, -24.2 ], [ 45.8, -24.3 ], [ 45.7, -24.3 ], [ 45.7, -24.2 ], [ 45.7, -24.1 ], [ 45.7, -24.0 ], [ 45.8, -24.0 ], [ 45.8, -23.9 ], [ 45.8, -23.8 ], [ 45.9, -23.8 ], [ 46.0, -23.8 ], [ 46.0, -23.7 ], [ 46.0, -23.6 ], [ 46.0, -23.5 ], [ 46.1, -23.5 ], [ 46.1, -23.6 ], [ 46.1, -23.7 ], [ 46.2, -23.7 ], [ 46.2, -23.6 ], [ 46.2, -23.5 ], [ 46.2, -23.4 ], [ 46.2, -23.3 ], [ 46.1, -23.3 ], [ 46.1, -23.2 ], [ 46.0, -23.2 ], [ 46.0, -23.1 ], [ 46.0, -23.0 ], [ 45.9, -23.0 ], [ 45.9, -22.9 ], [ 45.8, -22.9 ], [ 45.8, -22.8 ], [ 45.7, -22.8 ], [ 45.7, -22.7 ], [ 45.6, -22.7 ], [ 45.5, -22.7 ], [ 45.5, -22.6 ], [ 45.6, -22.6 ], [ 45.6, -22.5 ], [ 45.5, -22.5 ], [ 45.5, -22.4 ], [ 45.5, -22.3 ], [ 45.6, -22.3 ], [ 45.6, -22.2 ], [ 45.5, -22.1 ], [ 45.5, -22.0 ], [ 45.5, -21.9 ], [ 45.5, -21.8 ], [ 45.5, -21.7 ], [ 45.5, -21.6 ], [ 45.6, -21.6 ], [ 45.6, -21.5 ], [ 45.6, -21.4 ], [ 45.6, -21.3 ], [ 45.7, -21.3 ], [ 45.8, -21.3 ], [ 45.8, -21.2 ], [ 45.9, -21.2 ], [ 45.9, -21.1 ], [ 45.8, -21.1 ], [ 45.8, -21.0 ], [ 45.9, -21.0 ], [ 45.8, -20.9 ], [ 45.9, -20.8 ], [ 45.9, -20.7 ], [ 45.8, -20.7 ], [ 45.8, -20.6 ], [ 45.8, -20.5 ], [ 45.8, -20.4 ], [ 45.8, -20.3 ], [ 45.9, -20.3 ], [ 45.9, -20.2 ], [ 45.9, -20.1 ], [ 45.8, -20.1 ], [ 45.8, -20.0 ], [ 45.9, -20.0 ], [ 46.0, -20.0 ], [ 46.1, -20.0 ], [ 46.1, -19.9 ], [ 46.1, -19.8 ], [ 46.0, -19.8 ], [ 46.0, -19.9 ], [ 45.9, -19.9 ], [ 45.9, -19.8 ], [ 45.8, -19.8 ], [ 45.8, -19.7 ], [ 45.7, -19.7 ], [ 45.6, -19.7 ], [ 45.6, -19.6 ], [ 45.7, -19.5 ], [ 45.8, -19.5 ], [ 45.9, -19.5 ], [ 46.0, -19.5 ], [ 46.0, -19.4 ], [ 45.9, -19.4 ], [ 45.9, -19.3 ], [ 45.8, -19.3 ], [ 45.7, -19.3 ], [ 45.7, -19.4 ], [ 45.6, -19.3 ], [ 45.6, -19.4 ], [ 45.5, -19.4 ], [ 45.5, -19.3 ], [ 45.5, -19.2 ], [ 45.5, -19.1 ], [ 45.5, -19.0 ], [ 45.4, -18.9 ], [ 45.4, -18.8 ], [ 45.5, -18.8 ], [ 45.5, -18.7 ], [ 45.5, -18.6 ], [ 45.4, -18.6 ], [ 45.4, -18.5 ], [ 45.4, -18.4 ], [ 45.3, -18.3 ], [ 45.3, -18.2 ], [ 45.2, -18.2 ], [ 45.1, -18.2 ], [ 45.1, -18.1 ], [ 45.0, -18.1 ], [ 44.9, -18.1 ], [ 44.8, -18.1 ], [ 44.8, -18.0 ], [ 44.7, -17.9 ], [ 44.7, -17.8 ], [ 44.7, -17.7 ], [ 44.8, -17.7 ], [ 44.9, -17.7 ], [ 45.0, -17.7 ], [ 45.1, -17.7 ], [ 45.2, -17.8 ], [ 45.3, -17.9 ], [ 45.4, -18.0 ], [ 45.4, -18.1 ], [ 45.5, -18.0 ], [ 45.6, -18.0 ], [ 45.6, -17.9 ], [ 45.5, -17.9 ], [ 45.5, -17.8 ], [ 45.6, -17.8 ], [ 45.7, -17.8 ], [ 45.7, -17.7 ], [ 45.8, -17.7 ], [ 45.8, -17.6 ], [ 45.9, -17.6 ], [ 45.9, -17.7 ], [ 45.9, -17.8 ], [ 45.9, -17.9 ], [ 46.0, -17.9 ], [ 46.1, -17.9 ], [ 46.1, -17.8 ], [ 46.0, -17.8 ], [ 46.0, -17.7 ], [ 46.1, -17.7 ], [ 46.2, -17.7 ], [ 46.3, -17.7 ], [ 46.3, -17.6 ], [ 46.4, -17.6 ], [ 46.5, -17.6 ], [ 46.6, -17.6 ], [ 46.6, -17.5 ], [ 46.7, -17.5 ], [ 46.8, -17.5 ], [ 46.8, -17.6 ], [ 46.8, -17.7 ], [ 46.9, -17.7 ], [ 46.9, -17.6 ], [ 46.9, -17.5 ], [ 47.0, -17.5 ], [ 47.0, -17.4 ], [ 47.0, -17.3 ], [ 47.1, -17.3 ], [ 47.0, -17.2 ], [ 47.1, -17.1 ], [ 47.1, -17.2 ], [ 47.2, -17.3 ], [ 47.2, -17.4 ], [ 47.2, -17.5 ], [ 47.3, -17.5 ], [ 47.3, -17.6 ], [ 47.4, -17.6 ], [ 47.4, -17.5 ], [ 47.4, -17.4 ], [ 47.4, -17.3 ], [ 47.3, -17.3 ], [ 47.3, -17.2 ], [ 47.2, -17.2 ], [ 47.2, -17.1 ], [ 47.3, -17.1 ], [ 47.3, -17.0 ], [ 47.2, -17.0 ], [ 47.2, -16.9 ], [ 47.3, -16.9 ], [ 47.4, -16.9 ], [ 47.4, -16.8 ], [ 47.5, -16.8 ], [ 47.6, -16.8 ], [ 47.6, -16.9 ], [ 47.7, -16.9 ], [ 47.7, -16.8 ], [ 47.7, -16.7 ], [ 47.6, -16.7 ], [ 47.6, -16.6 ], [ 47.7, -16.6 ], [ 47.7, -16.5 ], [ 47.7, -16.4 ], [ 47.8, -16.4 ], [ 47.8, -16.3 ], [ 47.9, -16.3 ], [ 47.9, -16.4 ], [ 47.9, -16.5 ], [ 48.0, -16.5 ], [ 48.0, -16.4 ], [ 48.1, -16.4 ], [ 48.1, -16.5 ], [ 48.2, -16.5 ], [ 48.2, -16.4 ], [ 48.2, -16.3 ], [ 48.1, -16.3 ], [ 48.0, -16.3 ], [ 48.0, -16.2 ], [ 48.0, -16.1 ], [ 48.1, -16.1 ], [ 48.1, -16.0 ], [ 48.2, -16.0 ], [ 48.2, -15.9 ], [ 48.3, -15.9 ], [ 48.4, -15.9 ], [ 48.4, -15.8 ], [ 48.5, -15.8 ], [ 48.6, -15.8 ], [ 48.6, -15.9 ], [ 48.7, -15.9 ], [ 48.8, -15.9 ], [ 48.8, -15.8 ], [ 48.8, -15.7 ], [ 48.7, -15.7 ], [ 48.7, -15.6 ], [ 48.7, -15.5 ], [ 48.7, -15.4 ], [ 48.6, -15.4 ], [ 48.5, -15.4 ], [ 48.5, -15.3 ], [ 48.6, -15.3 ], [ 48.6, -15.2 ], [ 48.5, -15.2 ], [ 48.5, -15.1 ], [ 48.6, -15.1 ], [ 48.6, -15.0 ], [ 48.5, -15.0 ], [ 48.5, -14.9 ], [ 48.5, -14.8 ], [ 48.5, -14.7 ], [ 48.5, -14.6 ], [ 48.4, -14.6 ], [ 48.4, -14.5 ], [ 48.5, -14.5 ], [ 48.5, -14.4 ], [ 48.5, -14.3 ], [ 48.4, -14.3 ], [ 48.4, -14.2 ], [ 48.3, -14.2 ], [ 48.3, -14.1 ], [ 48.4, -14.1 ], [ 48.4, -14.0 ], [ 48.3, -14.0 ], [ 48.3, -13.9 ], [ 48.2, -13.8 ], [ 48.3, -13.8 ], [ 48.3, -13.7 ], [ 48.4, -13.7 ], [ 48.4, -13.6 ], [ 48.4, -13.5 ], [ 48.5, -13.5 ], [ 48.5, -13.4 ], [ 48.6, -13.4 ], [ 48.7, -13.4 ], [ 48.8, -13.4 ], [ 48.8, -13.3 ], [ 48.9, -13.3 ], [ 48.9, -13.4 ], [ 48.9, -13.5 ], [ 48.9, -13.6 ], [ 49.0, -13.6 ], [ 49.0, -13.7 ], [ 49.1, -13.7 ], [ 49.2, -13.7 ], [ 49.2, -13.6 ], [ 49.3, -13.6 ], [ 49.3, -13.5 ], [ 49.3, -13.4 ], [ 49.3, -13.3 ], [ 49.3, -13.2 ], [ 49.4, -13.2 ], [ 49.4, -13.3 ], [ 49.5, -13.3 ], [ 49.5, -13.4 ], [ 49.6, -13.4 ], [ 49.6, -13.5 ], [ 49.6, -13.6 ], [ 49.6, -13.7 ], [ 49.7, -13.7 ], [ 49.7, -13.8 ], [ 49.8, -13.7 ], [ 49.8, -13.6 ], [ 49.9, -13.5 ], [ 49.9, -13.4 ], [ 49.9, -13.2 ], [ 50.0, -13.3 ], [ 50.0, -13.4 ], [ 50.0, -13.5 ], [ 50.1, -13.6 ], [ 50.1, -13.7 ], [ 50.1, -13.8 ], [ 50.1, -13.9 ], [ 50.1, -14.0 ], [ 50.2, -14.0 ], [ 50.2, -14.1 ], [ 50.2, -14.2 ], [ 50.2, -14.3 ], [ 50.2, -14.4 ], [ 50.2, -14.5 ], [ 50.2, -14.6 ], [ 50.2, -14.7 ], [ 50.2, -14.8 ], [ 50.3, -14.8 ], [ 50.3, -14.9 ], [ 50.3, -15.0 ], [ 50.4, -15.1 ], [ 50.4, -15.2 ], [ 50.5, -15.2 ], [ 50.5, -15.3 ], [ 50.5, -15.4 ], [ 50.5, -15.5 ], [ 50.4, -15.5 ], [ 50.4, -15.6 ], [ 50.4, -15.7 ], [ 50.3, -15.7 ], [ 50.3, -15.8 ], [ 50.3, -15.9 ], [ 50.2, -15.9 ], [ 50.2, -16.0 ], [ 50.1, -16.0 ], [ 50.1, -15.9 ], [ 50.0, -15.9 ], [ 50.0, -15.8 ], [ 50.0, -15.7 ], [ 50.0, -15.6 ], [ 49.9, -15.6 ], [ 49.9, -15.5 ], [ 49.9, -15.4 ], [ 49.8, -15.4 ], [ 49.8, -15.5 ], [ 49.7, -15.4 ], [ 49.7, -15.5 ], [ 49.6, -15.5 ], [ 49.6, -15.6 ], [ 49.6, -15.7 ], [ 49.7, -15.7 ], [ 49.7, -15.8 ], [ 49.7, -15.9 ], [ 49.7, -16.0 ], [ 49.7, -16.1 ], [ 49.7, -16.2 ], [ 49.8, -16.2 ], [ 49.9, -16.2 ], [ 49.9, -16.3 ], [ 49.8, -16.3 ], [ 49.8, -16.4 ], [ 49.9, -16.4 ], [ 49.9, -16.5 ], [ 49.8, -16.5 ], [ 49.8, -16.6 ], [ 49.8, -16.7 ], [ 49.7, -16.7 ], [ 49.7, -16.8 ], [ 49.8, -16.8 ], [ 49.8, -16.9 ], [ 49.7, -16.9 ], [ 49.6, -16.8 ], [ 49.6, -16.9 ], [ 49.6, -17.0 ], [ 49.5, -17.0 ], [ 49.5, -17.1 ], [ 49.5, -17.2 ], [ 49.4, -17.2 ], [ 49.4, -17.3 ], [ 49.4, -17.4 ], [ 49.5, -17.4 ], [ 49.4, -17.5 ], [ 49.5, -17.5 ], [ 49.5, -17.6 ], [ 49.5, -17.7 ], [ 49.5, -17.8 ], [ 49.5, -17.9 ], [ 49.4, -17.9 ], [ 49.4, -18.0 ], [ 49.4, -18.1 ], [ 49.4, -18.2 ], [ 49.4, -18.3 ], [ 49.3, -18.3 ], [ 49.3, -18.4 ], [ 49.3, -18.5 ], [ 49.3, -18.6 ], [ 49.2, -18.6 ], [ 49.2, -18.7 ], [ 49.2, -18.8 ], [ 49.2, -18.9 ], [ 49.1, -18.9 ], [ 49.1, -19.0 ], [ 49.1, -19.1 ], [ 49.0, -19.1 ], [ 49.0, -19.2 ], [ 49.0, -19.3 ], [ 49.0, -19.4 ], [ 48.9, -19.4 ], [ 48.9, -19.5 ], [ 48.9, -19.6 ], [ 48.9, -19.7 ], [ 48.8, -19.7 ], [ 48.8, -19.8 ], [ 48.8, -19.9 ], [ 48.8, -20.0 ], [ 48.8, -20.1 ], [ 48.7, -20.1 ], [ 48.7, -20.2 ], [ 48.7, -20.3 ], [ 48.6, -20.3 ], [ 48.6, -20.4 ], [ 48.6, -20.5 ], [ 48.6, -20.6 ], [ 48.5, -20.6 ], [ 48.5, -20.7 ], [ 48.5, -20.8 ], [ 48.5, -20.9 ], [ 48.4, -21.0 ], [ 48.4, -21.1 ], [ 48.4, -21.2 ], [ 48.4, -21.3 ], [ 48.3, -21.3 ], [ 48.3, -21.4 ], [ 48.3, -21.5 ], [ 48.3, -21.6 ], [ 48.2, -21.6 ], [ 48.2, -21.7 ], [ 48.2, -21.8 ], [ 48.1, -21.9 ], [ 48.1, -22.0 ], [ 48.1, -22.1 ], [ 48.0, -22.1 ], [ 48.0, -22.2 ], [ 48.0, -22.3 ], [ 47.9, -22.3 ], [ 47.9, -22.4 ], [ 47.9, -22.5 ], [ 47.9, -22.6 ], [ 47.9, -22.7 ], [ 47.9, -22.8 ], [ 47.8, -22.8 ], [ 47.8, -22.9 ], [ 47.8, -23.0 ], [ 47.8, -23.1 ], [ 47.8, -23.2 ], [ 47.7, -23.2 ], [ 47.7, -23.3 ], [ 47.7, -23.4 ], [ 47.7, -23.5 ], [ 47.6, -23.5 ], [ 47.6, -23.6 ], [ 47.6, -23.7 ], [ 47.6, -23.8 ], [ 47.6, -23.9 ], [ 47.5, -23.9 ], [ 47.5, -24.0 ], [ 47.5, -24.1 ], [ 47.4, -24.1 ], [ 47.4, -24.2 ], [ 47.4, -24.3 ], [ 47.3, -24.3 ], [ 47.3, -24.4 ], [ 47.3, -24.5 ], [ 47.3, -24.6 ], [ 47.2, -24.6 ], [ 47.2, -24.7 ], [ 47.2, -24.8 ], [ 47.1, -24.8 ], [ 47.1, -24.9 ], [ 47.1, -25.0 ], [ 47.0, -25.0 ], [ 47.0, -25.1 ], [ 46.9, -25.1 ], [ 46.8, -25.1 ], [ 46.7, -25.1 ], [ 46.7, -25.0 ], [ 46.7, -24.9 ], [ 46.7, -24.8 ], [ 46.7, -24.7 ], [ 46.6, -24.7 ], [ 46.6, -24.6 ], [ 46.6, -24.5 ], [ 46.6, -24.4 ], [ 46.6, -24.3 ], [ 46.6, -24.2 ], [ 46.7, -24.2 ] ], [ [ 45.9, -23.9 ], [ 46.0, -23.9 ], [ 45.9, -23.8 ], [ 45.9, -23.9 ] ], [ [ 46.0, -21.0 ], [ 46.0, -20.9 ], [ 45.9, -20.9 ], [ 45.9, -21.0 ], [ 46.0, -21.0 ] ], [ [ 46.0, -20.4 ], [ 46.0, -20.3 ], [ 45.9, -20.3 ], [ 46.0, -20.4 ] ], [ [ 46.1, -20.1 ], [ 46.2, -20.1 ], [ 46.3, -20.1 ], [ 46.3, -20.0 ], [ 46.2, -20.0 ], [ 46.1, -20.0 ], [ 46.1, -20.1 ] ], [ [ 46.1, -19.4 ], [ 46.1, -19.3 ], [ 46.0, -19.3 ], [ 46.0, -19.4 ], [ 46.1, -19.4 ] ], [ [ 47.5, -16.9 ], [ 47.5, -17.0 ], [ 47.6, -17.0 ], [ 47.6, -16.9 ], [ 47.5, -16.9 ] ], [ [ 48.4, -16.0 ], [ 48.5, -16.0 ], [ 48.5, -15.9 ], [ 48.4, -15.9 ], [ 48.4, -16.0 ] ], [ [ 48.8, -15.4 ], [ 48.8, -15.3 ], [ 48.8, -15.2 ], [ 48.7, -15.3 ], [ 48.7, -15.4 ], [ 48.8, -15.4 ] ], [ [ 48.6, -13.5 ], [ 48.7, -13.5 ], [ 48.7, -13.4 ], [ 48.6, -13.5 ] ], [ [ 49.1, -14.2 ], [ 49.1, -14.3 ], [ 49.2, -14.3 ], [ 49.2, -14.2 ], [ 49.1, -14.2 ] ], [ [ 49.4, -14.6 ], [ 49.4, -14.7 ], [ 49.5, -14.7 ], [ 49.4, -14.6 ] ], [ [ 46.1, -22.4 ], [ 46.1, -22.5 ], [ 46.2, -22.5 ], [ 46.2, -22.4 ], [ 46.1, -22.4 ] ], [ [ 47.2, -19.4 ], [ 47.2, -19.3 ], [ 47.1, -19.3 ], [ 47.1, -19.4 ], [ 47.0, -19.4 ], [ 47.0, -19.5 ], [ 47.0, -19.6 ], [ 46.9, -19.6 ], [ 46.9, -19.7 ], [ 47.0, -19.7 ], [ 47.1, -19.7 ], [ 47.1, -19.6 ], [ 47.1, -19.5 ], [ 47.2, -19.4 ] ], [ [ 47.9, -18.7 ], [ 48.0, -18.6 ], [ 48.0, -18.5 ], [ 47.9, -18.6 ], [ 47.9, -18.7 ] ], [ [ 48.6, -16.1 ], [ 48.7, -16.1 ], [ 48.7, -16.0 ], [ 48.6, -16.0 ], [ 48.6, -16.1 ] ], [ [ 49.0, -14.1 ], [ 49.0, -14.0 ], [ 49.0, -13.9 ], [ 48.9, -14.0 ], [ 48.9, -14.1 ], [ 48.9, -14.2 ], [ 49.0, -14.2 ], [ 49.0, -14.1 ] ] ], [ [ [ 48.3, -15.8 ], [ 48.3, -15.7 ], [ 48.4, -15.7 ], [ 48.4, -15.8 ], [ 48.3, -15.8 ] ] ], [ [ [ 48.5, -15.5 ], [ 48.4, -15.5 ], [ 48.4, -15.4 ], [ 48.5, -15.4 ], [ 48.5, -15.5 ] ] ], [ [ [ 48.2, -13.7 ], [ 48.2, -13.8 ], [ 48.1, -13.8 ], [ 48.0, -13.7 ], [ 48.0, -13.6 ], [ 48.0, -13.5 ], [ 48.1, -13.5 ], [ 48.1, -13.6 ], [ 48.1, -13.7 ], [ 48.2, -13.7 ] ] ], [ [ [ 48.3, -13.5 ], [ 48.3, -13.4 ], [ 48.4, -13.4 ], [ 48.4, -13.5 ], [ 48.3, -13.5 ] ] ], [ [ [ 48.3, -13.3 ], [ 48.3, -13.4 ], [ 48.2, -13.4 ], [ 48.2, -13.3 ], [ 48.3, -13.3 ] ] ], [ [ [ 49.2, -12.8 ], [ 49.3, -12.8 ], [ 49.4, -12.8 ], [ 49.5, -12.8 ], [ 49.4, -12.9 ], [ 49.2, -13.0 ], [ 49.2, -12.9 ], [ 49.2, -12.8 ] ] ], [ [ [ 49.2, -12.6 ], [ 49.2, -12.7 ], [ 49.1, -12.7 ], [ 49.1, -12.6 ], [ 49.1, -12.5 ], [ 49.2, -12.4 ], [ 49.2, -12.5 ], [ 49.2, -12.6 ] ] ], [ [ [ 38.6, -11.5 ], [ 38.5, -11.5 ], [ 38.4, -11.5 ], [ 38.4, -11.4 ], [ 38.5, -11.4 ], [ 38.6, -11.4 ], [ 38.6, -11.5 ] ] ], [ [ [ 39.2, -9.2 ], [ 39.3, -9.2 ], [ 39.3, -9.3 ], [ 39.2, -9.3 ], [ 39.2, -9.2 ] ] ], [ [ [ 39.6, -8.0 ], [ 39.6, -7.9 ], [ 39.7, -7.9 ], [ 39.7, -8.0 ], [ 39.6, -8.0 ] ] ], [ [ [ 38.7, -5.0 ], [ 38.7, -4.9 ], [ 38.8, -4.9 ], [ 38.8, -5.0 ], [ 38.7, -5.0 ] ] ], [ [ [ 38.6, -4.7 ], [ 38.7, -4.7 ], [ 38.8, -4.7 ], [ 38.8, -4.8 ], [ 38.7, -4.8 ], [ 38.6, -4.8 ], [ 38.6, -4.7 ] ] ], [ [ [ 38.7, -3.9 ], [ 38.7, -3.8 ], [ 38.8, -3.8 ], [ 38.8, -3.9 ], [ 38.7, -3.9 ] ] ], [ [ [ 40.9, -2.2 ], [ 41.0, -2.2 ], [ 41.0, -2.3 ], [ 40.9, -2.3 ], [ 40.9, -2.2 ] ] ], [ [ [ 40.1, -1.7 ], [ 40.0, -1.7 ], [ 40.0, -1.6 ], [ 40.0, -1.5 ], [ 40.1, -1.5 ], [ 40.1, -1.6 ], [ 40.1, -1.7 ] ] ], [ [ [ 40.0, -1.3 ], [ 39.9, -1.3 ], [ 39.9, -1.2 ], [ 40.0, -1.2 ], [ 40.0, -1.3 ] ] ], [ [ [ 39.9, -1.2 ], [ 39.8, -1.2 ], [ 39.8, -1.1 ], [ 39.9, -1.1 ], [ 39.9, -1.2 ] ] ], [ [ [ 39.8, -0.9 ], [ 39.9, -0.9 ], [ 39.9, -1.0 ], [ 39.8, -1.0 ], [ 39.8, -0.9 ] ] ], [ [ [ 39.8, -0.6 ], [ 39.8, -0.7 ], [ 39.7, -0.7 ], [ 39.7, -0.6 ], [ 39.8, -0.6 ] ] ], [ [ [ 39.7, -0.5 ], [ 39.7, -0.6 ], [ 39.6, -0.6 ], [ 39.6, -0.5 ], [ 39.7, -0.5 ] ] ], [ [ [ 39.6, -0.3 ], [ 39.6, -0.4 ], [ 39.5, -0.4 ], [ 39.5, -0.3 ], [ 39.6, -0.3 ] ] ], [ [ [ 39.5, -0.3 ], [ 39.4, -0.3 ], [ 39.4, -0.2 ], [ 39.5, -0.2 ], [ 39.5, -0.3 ] ] ], [ [ [ 39.3, -0.1 ], [ 39.3, -0.2 ], [ 39.2, -0.2 ], [ 39.2, -0.1 ], [ 39.3, -0.1 ] ] ], [ [ [ 39.0, -0.1 ], [ 38.9, -0.1 ], [ 38.9, 0.0 ], [ 39.0, 0.0 ], [ 39.1, 0.0 ], [ 39.1, -0.1 ], [ 39.0, -0.1 ] ] ], [ [ [ 43.3, 2.9 ], [ 43.3, 2.8 ], [ 43.2, 2.8 ], [ 43.2, 2.7 ], [ 43.1, 2.7 ], [ 43.1, 2.8 ], [ 43.1, 2.9 ], [ 43.1, 3.0 ], [ 43.2, 3.0 ], [ 43.2, 3.1 ], [ 43.3, 3.1 ], [ 43.3, 3.2 ], [ 43.4, 3.2 ], [ 43.4, 3.1 ], [ 43.4, 3.0 ], [ 43.4, 2.9 ], [ 43.3, 2.9 ] ] ], [ [ [ 43.6, 3.5 ], [ 43.6, 3.6 ], [ 43.7, 3.6 ], [ 43.7, 3.7 ], [ 43.8, 3.7 ], [ 43.9, 3.7 ], [ 43.9, 3.8 ], [ 44.0, 3.8 ], [ 44.1, 3.8 ], [ 44.1, 3.7 ], [ 44.2, 3.7 ], [ 44.3, 3.7 ], [ 44.3, 3.6 ], [ 44.3, 3.5 ], [ 44.3, 3.4 ], [ 44.3, 3.3 ], [ 44.3, 3.2 ], [ 44.4, 3.2 ], [ 44.4, 3.1 ], [ 44.4, 3.0 ], [ 44.3, 3.0 ], [ 44.3, 2.9 ], [ 44.2, 2.9 ], [ 44.1, 2.9 ], [ 44.0, 2.9 ], [ 44.0, 3.0 ], [ 43.9, 3.0 ], [ 43.8, 3.0 ], [ 43.7, 3.0 ], [ 43.7, 3.1 ], [ 43.7, 3.2 ], [ 43.7, 3.3 ], [ 43.6, 3.3 ], [ 43.6, 3.4 ], [ 43.6, 3.5 ] ] ], [ [ [ 38.8, 6.5 ], [ 38.8, 6.6 ], [ 38.9, 6.6 ], [ 38.9, 6.7 ], [ 39.0, 6.7 ], [ 39.1, 6.7 ], [ 39.1, 6.8 ], [ 39.2, 6.8 ], [ 39.3, 6.8 ], [ 39.4, 6.8 ], [ 39.4, 6.7 ], [ 39.5, 6.7 ], [ 39.5, 6.8 ], [ 39.6, 6.8 ], [ 39.7, 6.8 ], [ 39.7, 6.7 ], [ 39.8, 6.7 ], [ 39.9, 6.7 ], [ 40.0, 6.7 ], [ 40.0, 6.6 ], [ 39.9, 6.6 ], [ 39.9, 6.5 ], [ 39.8, 6.5 ], [ 39.7, 6.5 ], [ 39.6, 6.5 ], [ 39.6, 6.4 ], [ 39.5, 6.4 ], [ 39.5, 6.3 ], [ 39.5, 6.2 ], [ 39.5, 6.1 ], [ 39.4, 6.1 ], [ 39.4, 6.2 ], [ 39.3, 6.2 ], [ 39.3, 6.1 ], [ 39.2, 6.1 ], [ 39.2, 6.2 ], [ 39.1, 6.2 ], [ 39.0, 6.2 ], [ 39.0, 6.3 ], [ 38.9, 6.3 ], [ 38.9, 6.2 ], [ 38.9, 6.1 ], [ 38.9, 6.0 ], [ 39.0, 6.0 ], [ 39.0, 6.1 ], [ 39.1, 6.1 ], [ 39.1, 6.0 ], [ 39.2, 6.0 ], [ 39.3, 6.0 ], [ 39.3, 5.9 ], [ 39.4, 5.9 ], [ 39.4, 5.8 ], [ 39.3, 5.8 ], [ 39.3, 5.7 ], [ 39.2, 5.7 ], [ 39.2, 5.6 ], [ 39.2, 5.5 ], [ 39.1, 5.5 ], [ 39.0, 5.5 ], [ 39.0, 5.6 ], [ 39.0, 5.7 ], [ 38.9, 5.7 ], [ 38.8, 5.7 ], [ 38.8, 5.6 ], [ 38.7, 5.6 ], [ 38.7, 5.7 ], [ 38.6, 5.7 ], [ 38.5, 5.7 ], [ 38.4, 5.7 ], [ 38.4, 5.6 ], [ 38.4, 5.5 ], [ 38.3, 5.5 ], [ 38.2, 5.5 ], [ 38.2, 5.6 ], [ 38.2, 5.7 ], [ 38.2, 5.8 ], [ 38.2, 5.9 ], [ 38.3, 5.9 ], [ 38.3, 6.0 ], [ 38.4, 6.0 ], [ 38.4, 6.1 ], [ 38.5, 6.1 ], [ 38.5, 6.2 ], [ 38.5, 6.3 ], [ 38.6, 6.3 ], [ 38.6, 6.4 ], [ 38.7, 6.4 ], [ 38.8, 6.4 ], [ 38.8, 6.5 ] ], [ [ 39.1, 6.4 ], [ 39.1, 6.3 ], [ 39.2, 6.3 ], [ 39.2, 6.4 ], [ 39.1, 6.4 ] ] ] ] } },
{ "type": "Feature", "properties": { "BIOME_NAME": "Flooded Grasslands & Savannas" }, "geometry": { "type": "MultiPolygon", "coordinates": [ [ [ [ 23.2, -18.8 ], [ 23.1, -18.8 ], [ 23.0, -18.8 ], [ 22.9, -18.8 ], [ 22.9, -18.9 ], [ 22.8, -18.9 ], [ 22.8, -19.0 ], [ 22.9, -19.0 ], [ 23.0, -19.0 ], [ 23.1, -19.0 ], [ 23.2, -19.0 ], [ 23.2, -19.1 ], [ 23.3, -19.1 ], [ 23.4, -19.1 ], [ 23.5, -19.1 ], [ 23.6, -19.1 ], [ 23.7, -19.1 ], [ 23.8, -19.1 ], [ 23.8, -19.2 ], [ 23.7, -19.2 ], [ 23.6, -19.2 ], [ 23.5, -19.2 ], [ 23.4, -19.2 ], [ 23.3, -19.2 ], [ 23.4, -19.3 ], [ 23.5, -19.3 ], [ 23.5, -19.4 ], [ 23.6, -19.4 ], [ 23.7, -19.4 ], [ 23.7, -19.5 ], [ 23.8, -19.6 ], [ 23.7, -19.6 ], [ 23.7, -19.7 ], [ 23.7, -19.8 ], [ 23.6, -19.8 ], [ 23.6, -19.9 ], [ 23.5, -19.9 ], [ 23.4, -19.9 ], [ 23.3, -19.9 ], [ 23.2, -19.9 ], [ 23.2, -20.0 ], [ 23.1, -20.0 ], [ 23.0, -20.0 ], [ 23.0, -20.1 ], [ 23.1, -20.1 ], [ 23.2, -20.1 ], [ 23.2, -20.2 ], [ 23.1, -20.2 ], [ 23.1, -20.3 ], [ 23.0, -20.3 ], [ 22.9, -20.3 ], [ 22.9, -20.2 ], [ 22.9, -20.1 ], [ 22.8, -20.1 ], [ 22.8, -20.0 ], [ 22.7, -20.0 ], [ 22.6, -20.0 ], [ 22.6, -19.9 ], [ 22.5, -19.9 ], [ 22.4, -19.9 ], [ 22.4, -20.0 ], [ 22.3, -20.0 ], [ 22.3, -19.9 ], [ 22.2, -19.9 ], [ 22.2, -19.8 ], [ 22.1, -19.8 ], [ 22.1, -19.7 ], [ 22.1, -19.6 ], [ 22.1, -19.5 ], [ 22.1, -19.4 ], [ 22.1, -19.3 ], [ 22.2, -19.3 ], [ 22.2, -19.2 ], [ 22.2, -19.1 ], [ 22.2, -19.0 ], [ 22.2, -18.9 ], [ 22.2, -18.8 ], [ 22.1, -18.8 ], [ 22.1, -18.7 ], [ 22.2, -18.7 ], [ 22.3, -18.7 ], [ 22.4, -18.7 ], [ 22.4, -18.8 ], [ 22.5, -18.8 ], [ 22.5, -18.9 ], [ 22.6, -18.9 ], [ 22.6, -18.8 ], [ 22.7, -18.8 ], [ 22.8, -18.7 ], [ 22.9, -18.7 ], [ 22.9, -18.6 ], [ 22.9, -18.5 ], [ 23.0, -18.5 ], [ 23.0, -18.6 ], [ 23.0, -18.7 ], [ 23.1, -18.7 ], [ 23.2, -18.7 ], [ 23.2, -18.8 ] ], [ [ 23.2, -19.8 ], [ 23.1, -19.8 ], [ 23.1, -19.9 ], [ 23.2, -19.9 ], [ 23.2, -19.8 ] ], [ [ 23.2, -19.5 ], [ 23.2, -19.6 ], [ 23.3, -19.6 ], [ 23.3, -19.5 ], [ 23.2, -19.5 ] ], [ [ 23.2, -19.4 ], [ 23.2, -19.3 ], [ 23.1, -19.3 ], [ 23.0, -19.3 ], [ 23.0, -19.4 ], [ 23.1, -19.4 ], [ 23.1, -19.5 ], [ 23.2, -19.5 ], [ 23.2, -19.4 ] ], [ [ 23.0, -19.2 ], [ 22.9, -19.2 ], [ 22.9, -19.3 ], [ 23.0, -19.3 ], [ 23.0, -19.2 ] ] ], [ [ [ 15.3, -19.1 ], [ 15.3, -19.2 ], [ 15.3, -19.3 ], [ 15.2, -19.3 ], [ 15.2, -19.2 ], [ 15.2, -19.1 ], [ 15.3, -19.1 ] ] ], [ [ [ 15.1, -19.1 ], [ 15.2, -19.1 ], [ 15.1, -19.2 ], [ 15.0, -19.2 ], [ 15.0, -19.1 ], [ 15.1, -19.1 ] ] ], [ [ [ 16.8, -18.8 ], [ 16.9, -18.8 ], [ 16.8, -18.9 ], [ 16.8, -18.8 ] ] ], [ [ [ 16.1, -18.6 ], [ 16.2, -18.6 ], [ 16.3, -18.5 ], [ 16.4, -18.5 ], [ 16.5, -18.5 ], [ 16.5, -18.4 ], [ 16.6, -18.4 ], [ 16.7, -18.4 ], [ 16.8, -18.4 ], [ 16.8, -18.5 ], [ 16.8, -18.6 ], [ 16.7, -18.6 ], [ 16.7, -18.7 ], [ 16.8, -18.7 ], [ 16.8, -18.8 ], [ 16.7, -18.8 ], [ 16.7, -18.9 ], [ 16.6, -19.0 ], [ 16.6, -18.9 ], [ 16.5, -19.0 ], [ 16.4, -19.0 ], [ 16.3, -19.0 ], [ 16.3, -19.1 ], [ 16.2, -19.1 ], [ 16.1, -19.1 ], [ 16.1, -19.2 ], [ 16.0, -19.2 ], [ 15.9, -19.2 ], [ 15.9, -19.1 ], [ 15.8, -19.1 ], [ 15.8, -19.2 ], [ 15.7, -19.2 ], [ 15.7, -19.1 ], [ 15.7, -19.0 ], [ 15.6, -19.1 ], [ 15.6, -19.2 ], [ 15.5, -19.2 ], [ 15.5, -19.1 ], [ 15.4, -19.1 ], [ 15.4, -19.0 ], [ 15.5, -19.0 ], [ 15.5, -18.9 ], [ 15.6, -18.9 ], [ 15.7, -18.9 ], [ 15.8, -18.9 ], [ 15.8, -18.8 ], [ 15.9, -18.8 ], [ 15.9, -18.7 ], [ 16.0, -18.7 ], [ 16.1, -18.7 ], [ 16.1, -18.6 ] ] ], [ [ [ 17.1, -18.8 ], [ 17.0, -18.8 ], [ 16.9, -18.8 ], [ 17.0, -18.7 ], [ 17.1, -18.7 ], [ 17.1, -18.8 ] ] ], [ [ [ 23.3, -18.7 ], [ 23.2, -18.7 ], [ 23.2, -18.6 ], [ 23.3, -18.6 ], [ 23.3, -18.7 ] ] ], [ [ [ 16.9, -18.6 ], [ 16.9, -18.7 ], [ 16.8, -18.7 ], [ 16.8, -18.6 ], [ 16.9, -18.6 ] ] ], [ [ [ 22.0, -18.7 ], [ 22.0, -18.6 ], [ 22.1, -18.6 ], [ 22.1, -18.7 ], [ 22.0, -18.7 ] ] ], [ [ [ 15.7, -18.5 ], [ 15.8, -18.5 ], [ 15.8, -18.6 ], [ 15.8, -18.7 ], [ 15.7, -18.7 ], [ 15.7, -18.6 ], [ 15.7, -18.5 ] ] ], [ [ [ 21.9, -18.5 ], [ 21.9, -18.4 ], [ 22.0, -18.4 ], [ 22.1, -18.4 ], [ 22.1, -18.5 ], [ 22.2, -18.5 ], [ 22.2, -18.6 ], [ 22.2, -18.7 ], [ 22.1, -18.6 ], [ 22.0, -18.5 ], [ 21.9, -18.5 ] ] ], [ [ [ 21.9, -18.5 ], [ 22.0, -18.6 ], [ 21.9, -18.6 ], [ 21.9, -18.5 ] ] ], [ [ [ 21.9, -18.3 ], [ 21.9, -18.4 ], [ 21.8, -18.3 ], [ 21.9, -18.3 ] ] ], [ [ [ 23.3, -18.1 ], [ 23.4, -18.1 ], [ 23.4, -18.2 ], [ 23.3, -18.2 ], [ 23.3, -18.1 ] ] ], [ [ [ 23.3, -18.0 ], [ 23.2, -18.0 ], [ 23.2, -17.9 ], [ 23.3, -17.9 ], [ 23.3, -18.0 ] ] ], [ [ [ 22.6, -16.8 ], [ 22.5, -16.8 ], [ 22.5, -16.7 ], [ 22.6, -16.7 ], [ 22.6, -16.8 ] ] ], [ [ [ 22.2, -16.6 ], [ 22.2, -16.5 ], [ 22.3, -16.5 ], [ 22.4, -16.5 ], [ 22.4, -16.6 ], [ 22.3, -16.6 ], [ 22.2, -16.6 ] ] ], [ [ [ 22.9, -16.2 ], [ 22.9, -16.1 ], [ 23.0, -16.1 ], [ 23.0, -16.2 ], [ 22.9, -16.2 ] ] ], [ [ [ 22.7, -15.9 ], [ 22.7, -16.0 ], [ 22.6, -16.0 ], [ 22.6, -15.9 ], [ 22.7, -15.9 ] ] ], [ [ [ 22.3, -15.5 ], [ 22.4, -15.5 ], [ 22.4, -15.6 ], [ 22.3, -15.6 ], [ 22.3, -15.5 ] ] ], [ [ [ 22.2, -15.4 ], [ 22.2, -15.5 ], [ 22.1, -15.5 ], [ 22.1, -15.4 ], [ 22.2, -15.4 ] ] ], [ [ [ 22.2, -15.3 ], [ 22.3, -15.3 ], [ 22.3, -15.4 ], [ 22.2, -15.4 ], [ 22.2, -15.3 ] ] ], [ [ [ 22.4, -15.3 ], [ 22.3, -15.3 ], [ 22.3, -15.2 ], [ 22.4, -15.2 ], [ 22.4, -15.3 ] ] ], [ [ [ 22.3, -15.1 ], [ 22.3, -15.0 ], [ 22.4, -15.0 ], [ 22.4, -15.1 ], [ 22.3, -15.1 ] ] ], [ [ [ 23.2, -14.2 ], [ 23.2, -14.1 ], [ 23.3, -14.1 ], [ 23.3, -14.2 ], [ 23.2, -14.2 ] ] ], [ [ [ 23.7, -14.6 ], [ 23.7, -14.5 ], [ 23.8, -14.5 ], [ 23.8, -14.6 ], [ 23.8, -14.7 ], [ 23.7, -14.7 ], [ 23.7, -14.8 ], [ 23.8, -14.8 ], [ 23.8, -14.9 ], [ 23.7, -14.9 ], [ 23.6, -14.9 ], [ 23.5, -14.9 ], [ 23.5, -14.8 ], [ 23.4, -14.8 ], [ 23.3, -14.8 ], [ 23.3, -14.9 ], [ 23.3, -15.0 ], [ 23.2, -15.0 ], [ 23.2, -15.1 ], [ 23.1, -15.1 ], [ 23.1, -15.2 ], [ 23.1, -15.3 ], [ 23.2, -15.3 ], [ 23.2, -15.4 ], [ 23.2, -15.5 ], [ 23.2, -15.6 ], [ 23.2, -15.7 ], [ 23.3, -15.7 ], [ 23.3, -15.8 ], [ 23.3, -15.9 ], [ 23.3, -16.0 ], [ 23.3, -16.1 ], [ 23.3, -16.2 ], [ 23.2, -16.2 ], [ 23.2, -16.1 ], [ 23.1, -16.1 ], [ 23.1, -16.0 ], [ 23.1, -15.9 ], [ 23.1, -15.8 ], [ 23.0, -15.8 ], [ 23.0, -15.7 ], [ 23.0, -15.6 ], [ 22.9, -15.6 ], [ 22.9, -15.5 ], [ 22.9, -15.4 ], [ 22.8, -15.4 ], [ 22.8, -15.5 ], [ 22.8, -15.6 ], [ 22.7, -15.6 ], [ 22.7, -15.7 ], [ 22.8, -15.7 ], [ 22.9, -15.7 ], [ 22.9, -15.8 ], [ 22.9, -15.9 ], [ 22.9, -16.0 ], [ 22.9, -16.1 ], [ 22.8, -16.1 ], [ 22.8, -16.2 ], [ 22.9, -16.2 ], [ 22.9, -16.3 ], [ 23.0, -16.3 ], [ 23.1, -16.3 ], [ 23.2, -16.3 ], [ 23.2, -16.4 ], [ 23.3, -16.4 ], [ 23.3, -16.5 ], [ 23.3, -16.6 ], [ 23.2, -16.6 ], [ 23.2, -16.7 ], [ 23.2, -16.8 ], [ 23.3, -16.8 ], [ 23.3, -16.9 ], [ 23.4, -16.9 ], [ 23.4, -17.0 ], [ 23.4, -17.1 ], [ 23.3, -17.1 ], [ 23.2, -17.1 ], [ 23.1, -17.1 ], [ 23.0, -17.1 ], [ 23.0, -17.0 ], [ 23.0, -16.9 ], [ 22.9, -16.9 ], [ 22.8, -16.9 ], [ 22.8, -16.8 ], [ 22.7, -16.8 ], [ 22.7, -16.7 ], [ 22.6, -16.7 ], [ 22.6, -16.6 ], [ 22.5, -16.6 ], [ 22.5, -16.5 ], [ 22.5, -16.4 ], [ 22.4, -16.4 ], [ 22.4, -16.3 ], [ 22.3, -16.3 ], [ 22.2, -16.3 ], [ 22.2, -16.2 ], [ 22.1, -16.2 ], [ 22.1, -16.1 ], [ 22.1, -16.0 ], [ 22.0, -16.0 ], [ 22.0, -16.1 ], [ 21.9, -16.0 ], [ 21.8, -16.0 ], [ 21.8, -15.9 ], [ 21.7, -15.8 ], [ 21.6, -15.7 ], [ 21.5, -15.6 ], [ 21.5, -15.5 ], [ 21.5, -15.4 ], [ 21.6, -15.3 ], [ 21.6, -15.2 ], [ 21.7, -15.2 ], [ 21.7, -15.1 ], [ 21.7, -15.0 ], [ 21.8, -15.0 ], [ 21.9, -15.0 ], [ 21.9, -14.9 ], [ 21.9, -14.8 ], [ 21.9, -14.7 ], [ 21.8, -14.7 ], [ 21.8, -14.6 ], [ 21.8, -14.5 ], [ 21.8, -14.4 ], [ 21.8, -14.3 ], [ 21.7, -14.3 ], [ 21.7, -14.2 ], [ 21.8, -14.2 ], [ 21.9, -14.2 ], [ 22.0, -14.2 ], [ 22.0, -14.1 ], [ 22.0, -14.0 ], [ 21.9, -13.9 ], [ 21.8, -13.8 ], [ 21.7, -13.8 ], [ 21.7, -13.7 ], [ 21.6, -13.7 ], [ 21.6, -13.6 ], [ 21.6, -13.5 ], [ 21.7, -13.5 ], [ 21.7, -13.4 ], [ 21.6, -13.4 ], [ 21.5, -13.4 ], [ 21.4, -13.4 ], [ 21.4, -13.3 ], [ 21.5, -13.3 ], [ 21.4, -13.2 ], [ 21.3, -13.1 ], [ 21.3, -13.0 ], [ 21.2, -12.9 ], [ 21.1, -12.8 ], [ 21.0, -12.8 ], [ 21.0, -12.7 ], [ 20.9, -12.7 ], [ 20.9, -12.6 ], [ 20.8, -12.6 ], [ 20.8, -12.5 ], [ 20.7, -12.5 ], [ 20.7, -12.4 ], [ 20.7, -12.3 ], [ 20.7, -12.2 ], [ 20.7, -12.1 ], [ 20.7, -12.0 ], [ 20.7, -11.9 ], [ 20.8, -11.8 ], [ 20.9, -11.8 ], [ 20.9, -11.7 ], [ 20.8, -11.6 ], [ 20.8, -11.5 ], [ 20.8, -11.4 ], [ 20.7, -11.4 ], [ 20.7, -11.3 ], [ 20.7, -11.2 ], [ 20.8, -11.1 ], [ 20.9, -11.1 ], [ 21.0, -11.1 ], [ 21.1, -11.1 ], [ 21.1, -11.2 ], [ 21.2, -11.2 ], [ 21.2, -11.1 ], [ 21.3, -11.1 ], [ 21.3, -11.0 ], [ 21.4, -10.9 ], [ 21.5, -11.0 ], [ 21.6, -11.0 ], [ 21.6, -11.1 ], [ 21.7, -11.1 ], [ 21.7, -11.0 ], [ 21.8, -11.0 ], [ 21.8, -11.1 ], [ 21.9, -11.1 ], [ 22.0, -11.1 ], [ 22.1, -11.1 ], [ 22.1, -11.2 ], [ 22.2, -11.2 ], [ 22.3, -11.2 ], [ 22.4, -11.1 ], [ 22.5, -11.1 ], [ 22.5, -11.0 ], [ 22.5, -10.9 ], [ 22.6, -10.9 ], [ 22.6, -11.0 ], [ 22.7, -11.0 ], [ 22.7, -11.1 ], [ 22.8, -11.1 ], [ 22.9, -11.1 ], [ 22.9, -11.2 ], [ 22.8, -11.3 ], [ 22.9, -11.4 ], [ 22.8, -11.4 ], [ 22.7, -11.4 ], [ 22.7, -11.5 ], [ 22.6, -11.5 ], [ 22.5, -11.5 ], [ 22.5, -11.6 ], [ 22.6, -11.6 ], [ 22.7, -11.6 ], [ 22.8, -11.6 ], [ 22.9, -11.6 ], [ 22.9, -11.5 ], [ 23.0, -11.5 ], [ 23.1, -11.5 ], [ 23.1, -11.6 ], [ 23.1, -11.7 ], [ 23.0, -11.8 ], [ 22.9, -11.9 ], [ 22.8, -12.0 ], [ 22.8, -12.1 ], [ 22.7, -12.2 ], [ 22.6, -12.2 ], [ 22.6, -12.3 ], [ 22.6, -12.4 ], [ 22.6, -12.5 ], [ 22.5, -12.5 ], [ 22.6, -12.6 ], [ 22.6, -12.7 ], [ 22.7, -12.8 ], [ 22.7, -12.9 ], [ 22.7, -13.0 ], [ 22.7, -13.1 ], [ 22.7, -13.2 ], [ 22.8, -13.2 ], [ 22.8, -13.3 ], [ 22.7, -13.3 ], [ 22.7, -13.4 ], [ 22.7, -13.5 ], [ 22.7, -13.6 ], [ 22.8, -13.6 ], [ 22.8, -13.7 ], [ 22.9, -13.7 ], [ 23.0, -13.7 ], [ 23.1, -13.7 ], [ 23.1, -13.8 ], [ 23.0, -13.8 ], [ 22.9, -13.8 ], [ 22.9, -13.9 ], [ 22.9, -14.0 ], [ 22.9, -14.1 ], [ 23.0, -14.1 ], [ 23.0, -14.2 ], [ 23.1, -14.2 ], [ 23.1, -14.3 ], [ 23.2, -14.3 ], [ 23.2, -14.4 ], [ 23.2, -14.5 ], [ 23.2, -14.6 ], [ 23.2, -14.7 ], [ 23.3, -14.7 ], [ 23.4, -14.7 ], [ 23.5, -14.7 ], [ 23.6, -14.7 ], [ 23.6, -14.6 ], [ 23.7, -14.6 ] ], [ [ 22.6, -15.7 ], [ 22.6, -15.6 ], [ 22.5, -15.6 ], [ 22.5, -15.5 ], [ 22.6, -15.5 ], [ 22.6, -15.4 ], [ 22.6, -15.3 ], [ 22.7, -15.3 ], [ 22.8, -15.3 ], [ 22.8, -15.2 ], [ 22.7, -15.2 ], [ 22.7, -15.1 ], [ 22.8, -15.1 ], [ 22.8, -15.0 ], [ 22.7, -15.0 ], [ 22.6, -15.0 ], [ 22.5, -15.0 ], [ 22.5, -14.9 ], [ 22.5, -14.8 ], [ 22.4, -14.8 ], [ 22.4, -14.9 ], [ 22.3, -14.9 ], [ 22.3, -15.0 ], [ 22.2, -15.0 ], [ 22.2, -15.1 ], [ 22.1, -15.1 ], [ 22.0, -15.1 ], [ 22.0, -15.2 ], [ 22.1, -15.2 ], [ 22.2, -15.2 ], [ 22.2, -15.3 ], [ 22.1, -15.3 ], [ 22.0, -15.3 ], [ 22.0, -15.5 ], [ 22.0, -15.6 ], [ 22.1, -15.6 ], [ 22.1, -15.7 ], [ 22.2, -15.7 ], [ 22.3, -15.7 ], [ 22.4, -15.7 ], [ 22.4, -15.8 ], [ 22.3, -15.8 ], [ 22.2, -15.8 ], [ 22.2, -15.9 ], [ 22.3, -15.9 ], [ 22.4, -15.9 ], [ 22.5, -15.9 ], [ 22.5, -16.0 ], [ 22.5, -16.1 ], [ 22.6, -16.1 ], [ 22.7, -16.1 ], [ 22.7, -16.0 ], [ 22.8, -16.0 ], [ 22.8, -15.9 ], [ 22.7, -15.9 ], [ 22.7, -15.8 ], [ 22.7, -15.7 ], [ 22.6, -15.7 ] ], [ [ 22.7, -13.7 ], [ 22.7, -13.8 ], [ 22.8, -13.8 ], [ 22.8, -13.7 ], [ 22.7, -13.7 ] ], [ [ 22.0, -14.8 ], [ 22.1, -14.8 ], [ 22.1, -14.7 ], [ 22.0, -14.7 ], [ 22.0, -14.8 ] ], [ [ 22.1, -14.6 ], [ 22.2, -14.6 ], [ 22.2, -14.5 ], [ 22.1, -14.5 ], [ 22.1, -14.6 ] ], [ [ 22.0, -14.4 ], [ 22.1, -14.4 ], [ 22.1, -14.3 ], [ 22.0, -14.3 ], [ 22.0, -14.4 ] ], [ [ 22.4, -13.1 ], [ 22.4, -13.2 ], [ 22.5, -13.2 ], [ 22.5, -13.1 ], [ 22.4, -13.1 ] ], [ [ 22.1, -13.0 ], [ 22.0, -13.0 ], [ 22.0, -13.1 ], [ 22.1, -13.1 ], [ 22.2, -13.1 ], [ 22.2, -13.0 ], [ 22.1, -13.0 ] ] ], [ [ [ 23.2, -13.7 ], [ 23.1, -13.7 ], [ 23.1, -13.6 ], [ 23.2, -13.6 ], [ 23.2, -13.7 ] ] ], [ [ [ 22.8, -13.6 ], [ 22.8, -13.5 ], [ 22.9, -13.5 ], [ 22.9, -13.6 ], [ 22.8, -13.6 ] ] ], [ [ [ 23.1, -13.5 ], [ 23.0, -13.5 ], [ 23.0, -13.4 ], [ 23.1, -13.4 ], [ 23.1, -13.5 ] ] ], [ [ [ 22.8, -13.3 ], [ 22.9, -13.3 ], [ 22.9, -13.4 ], [ 22.8, -13.4 ], [ 22.8, -13.3 ] ] ], [ [ [ 22.9, -13.1 ], [ 23.0, -13.1 ], [ 23.0, -13.2 ], [ 23.0, -13.3 ], [ 22.9, -13.3 ], [ 22.9, -13.2 ], [ 22.9, -13.1 ] ] ], [ [ [ 22.8, -13.0 ], [ 22.8, -12.9 ], [ 22.9, -12.9 ], [ 22.9, -12.8 ], [ 23.0, -12.8 ], [ 23.1, -12.7 ], [ 23.2, -12.7 ], [ 23.2, -12.8 ], [ 23.1, -12.8 ], [ 23.1, -12.9 ], [ 23.0, -12.9 ], [ 23.0, -13.0 ], [ 22.9, -13.0 ], [ 22.8, -13.0 ] ] ], [ [ [ 8.4, 11.3 ], [ 8.4, 11.2 ], [ 8.3, 11.2 ], [ 8.2, 11.2 ], [ 8.2, 11.3 ], [ 8.2, 11.4 ], [ 8.3, 11.4 ], [ 8.3, 11.5 ], [ 8.3, 11.6 ], [ 8.4, 11.6 ], [ 8.5, 11.6 ], [ 8.5, 11.5 ], [ 8.6, 11.5 ], [ 8.6, 11.4 ], [ 8.7, 11.4 ], [ 8.7, 11.3 ], [ 8.8, 11.3 ], [ 8.8, 11.2 ], [ 8.8, 11.1 ], [ 8.7, 11.1 ], [ 8.6, 11.1 ], [ 8.5, 11.1 ], [ 8.5, 11.2 ], [ 8.5, 11.3 ], [ 8.4, 11.3 ] ] ], [ [ [ 15.0, 12.0 ], [ 14.9, 12.0 ], [ 14.9, 12.1 ], [ 15.0, 12.1 ], [ 15.0, 12.0 ] ] ], [ [ [ 14.2, 13.9 ], [ 14.2, 13.8 ], [ 14.1, 13.7 ], [ 14.1, 13.6 ], [ 14.2, 13.6 ], [ 14.2, 13.5 ], [ 14.3, 13.5 ], [ 14.4, 13.5 ], [ 14.5, 13.5 ], [ 14.6, 13.5 ], [ 14.7, 13.5 ], [ 14.8, 13.5 ], [ 14.9, 13.5 ], [ 15.0, 13.5 ], [ 15.0, 13.4 ], [ 15.1, 13.4 ], [ 15.2, 13.4 ], [ 15.3, 13.4 ], [ 15.3, 13.3 ], [ 15.3, 13.2 ], [ 15.3, 13.1 ], [ 15.2, 13.1 ], [ 15.2, 13.0 ], [ 15.1, 13.0 ], [ 15.1, 12.9 ], [ 15.0, 12.9 ], [ 14.9, 12.9 ], [ 14.8, 12.9 ], [ 14.8, 12.8 ], [ 14.8, 12.7 ], [ 14.8, 12.6 ], [ 14.8, 12.5 ], [ 14.8, 12.4 ], [ 14.9, 12.4 ], [ 14.9, 12.3 ], [ 14.9, 12.2 ], [ 14.9, 12.1 ], [ 14.8, 12.1 ], [ 14.7, 12.1 ], [ 14.7, 12.2 ], [ 14.6, 12.2 ], [ 14.6, 12.3 ], [ 14.5, 12.3 ], [ 14.5, 12.4 ], [ 14.6, 12.4 ], [ 14.6, 12.5 ], [ 14.6, 12.6 ], [ 14.6, 12.7 ], [ 14.6, 12.8 ], [ 14.5, 12.8 ], [ 14.5, 12.7 ], [ 14.4, 12.7 ], [ 14.4, 12.6 ], [ 14.3, 12.6 ], [ 14.3, 12.5 ], [ 14.3, 12.4 ], [ 14.2, 12.4 ], [ 14.1, 12.4 ], [ 14.0, 12.4 ], [ 13.9, 12.4 ], [ 13.8, 12.4 ], [ 13.7, 12.4 ], [ 13.7, 12.5 ], [ 13.6, 12.5 ], [ 13.6, 12.6 ], [ 13.6, 12.7 ], [ 13.7, 12.7 ], [ 13.7, 12.8 ], [ 13.6, 12.8 ], [ 13.6, 12.9 ], [ 13.7, 12.9 ], [ 13.7, 13.0 ], [ 13.6, 13.0 ], [ 13.6, 13.1 ], [ 13.6, 13.2 ], [ 13.5, 13.2 ], [ 13.5, 13.3 ], [ 13.4, 13.4 ], [ 13.4, 13.5 ], [ 13.4, 13.6 ], [ 13.3, 13.7 ], [ 13.2, 13.7 ], [ 13.2, 13.8 ], [ 13.1, 13.8 ], [ 13.1, 13.9 ], [ 13.0, 13.9 ], [ 13.0, 14.0 ], [ 13.0, 14.1 ], [ 13.0, 14.2 ], [ 13.1, 14.2 ], [ 13.1, 14.3 ], [ 13.2, 14.3 ], [ 13.2, 14.4 ], [ 13.3, 14.4 ], [ 13.4, 14.5 ], [ 13.6, 14.4 ], [ 13.7, 14.4 ], [ 13.8, 14.3 ], [ 13.9, 14.3 ], [ 13.9, 14.2 ], [ 14.0, 14.2 ], [ 14.0, 14.3 ], [ 14.1, 14.2 ], [ 14.1, 14.1 ], [ 14.2, 14.1 ], [ 14.2, 14.0 ], [ 14.2, 13.9 ] ] ], [ [ [ -4.9, 14.7 ], [ -4.9, 14.8 ], [ -4.8, 14.9 ], [ -4.8, 15.0 ], [ -4.8, 15.1 ], [ -4.7, 15.2 ], [ -4.7, 15.3 ], [ -4.7, 15.4 ], [ -4.6, 15.5 ], [ -4.5, 15.5 ], [ -4.6, 15.6 ], [ -4.6, 15.7 ], [ -4.7, 15.7 ], [ -4.7, 15.6 ], [ -4.8, 15.6 ], [ -4.9, 15.6 ], [ -4.9, 15.7 ], [ -4.9, 15.8 ], [ -4.8, 15.8 ], [ -4.7, 15.8 ], [ -4.7, 15.9 ], [ -4.6, 15.9 ], [ -4.5, 16.0 ], [ -4.5, 16.1 ], [ -4.4, 16.0 ], [ -4.4, 16.1 ], [ -4.3, 16.1 ], [ -4.1, 16.1 ], [ -4.1, 16.2 ], [ -4.0, 16.2 ], [ -3.9, 16.3 ], [ -3.8, 16.3 ], [ -3.7, 16.3 ], [ -3.6, 16.4 ], [ -3.5, 16.5 ], [ -3.4, 16.5 ], [ -3.4, 16.6 ], [ -3.2, 16.7 ], [ -3.1, 16.7 ], [ -3.0, 16.7 ], [ -2.9, 16.7 ], [ -2.9, 16.8 ], [ -2.8, 16.8 ], [ -2.7, 16.8 ], [ -2.6, 16.9 ], [ -2.4, 16.9 ], [ -2.3, 16.9 ], [ -2.2, 17.0 ], [ -2.0, 17.0 ], [ -1.8, 17.0 ], [ -1.6, 17.1 ], [ -1.5, 17.2 ], [ -1.3, 17.2 ], [ -1.2, 17.2 ], [ -0.9, 17.1 ], [ -0.7, 17.1 ], [ -0.6, 17.0 ], [ -0.4, 17.1 ], [ -0.3, 17.0 ], [ -0.2, 16.9 ], [ -0.2, 16.8 ], [ -0.2, 16.7 ], [ -0.3, 16.7 ], [ -0.4, 16.8 ], [ -0.4, 16.9 ], [ -0.6, 16.9 ], [ -0.7, 16.9 ], [ -1.0, 17.0 ], [ -1.1, 17.0 ], [ -1.3, 16.9 ], [ -1.5, 16.9 ], [ -1.6, 16.9 ], [ -1.7, 16.9 ], [ -1.9, 16.8 ], [ -2.0, 16.8 ], [ -2.1, 16.8 ], [ -2.2, 16.7 ], [ -2.3, 16.7 ], [ -2.4, 16.7 ], [ -2.5, 16.6 ], [ -2.7, 16.6 ], [ -2.8, 16.6 ], [ -3.0, 16.5 ], [ -3.0, 16.4 ], [ -3.0, 16.3 ], [ -3.1, 16.3 ], [ -3.1, 16.2 ], [ -3.0, 16.2 ], [ -2.9, 16.2 ], [ -2.8, 16.2 ], [ -2.7, 16.2 ], [ -2.6, 16.2 ], [ -2.5, 16.2 ], [ -2.3, 16.2 ], [ -2.3, 16.3 ], [ -2.2, 16.3 ], [ -2.1, 16.3 ], [ -2.1, 16.2 ], [ -2.2, 16.2 ], [ -2.3, 16.1 ], [ -2.4, 16.0 ], [ -2.5, 15.9 ], [ -2.5, 15.8 ], [ -2.6, 15.8 ], [ -2.7, 15.8 ], [ -2.8, 15.8 ], [ -2.9, 15.8 ], [ -3.0, 15.8 ], [ -3.1, 15.8 ], [ -3.1, 15.7 ], [ -3.2, 15.6 ], [ -3.3, 15.6 ], [ -3.4, 15.7 ], [ -3.5, 15.7 ], [ -3.6, 15.8 ], [ -3.6, 15.7 ], [ -3.5, 15.6 ], [ -3.5, 15.5 ], [ -3.6, 15.5 ], [ -3.6, 15.4 ], [ -3.6, 15.3 ], [ -3.7, 15.3 ], [ -3.8, 15.3 ], [ -3.8, 15.2 ], [ -3.8, 15.1 ], [ -3.8, 15.0 ], [ -3.9, 15.0 ], [ -3.9, 14.9 ], [ -3.9, 14.8 ], [ -4.0, 14.8 ], [ -4.0, 14.7 ], [ -4.0, 14.6 ], [ -4.0, 14.5 ], [ -4.1, 14.4 ], [ -4.1, 14.2 ], [ -4.1, 14.1 ], [ -4.2, 14.0 ], [ -4.3, 13.8 ], [ -4.3, 13.7 ], [ -4.5, 13.6 ], [ -4.6, 13.6 ], [ -4.7, 13.5 ], [ -4.7, 13.4 ], [ -4.7, 13.3 ], [ -4.8, 13.2 ], [ -4.9, 13.3 ], [ -5.0, 13.3 ], [ -5.2, 13.2 ], [ -5.3, 13.3 ], [ -5.2, 13.4 ], [ -5.1, 13.4 ], [ -5.0, 13.5 ], [ -4.9, 13.5 ], [ -4.8, 13.6 ], [ -4.7, 13.6 ], [ -4.7, 13.7 ], [ -4.6, 13.7 ], [ -4.5, 13.8 ], [ -4.6, 13.8 ], [ -4.6, 13.9 ], [ -4.7, 14.0 ], [ -4.8, 14.0 ], [ -4.9, 14.0 ], [ -5.0, 14.0 ], [ -5.1, 14.0 ], [ -5.2, 14.0 ], [ -5.2, 14.1 ], [ -5.1, 14.2 ], [ -5.0, 14.3 ], [ -5.0, 14.4 ], [ -5.0, 14.5 ], [ -5.0, 14.6 ], [ -4.9, 14.6 ], [ -4.9, 14.7 ] ] ], [ [ [ 25.1, -20.5 ], [ 25.2, -20.5 ], [ 25.3, -20.5 ], [ 25.4, -20.5 ], [ 25.4, -20.4 ], [ 25.4, -20.3 ], [ 25.5, -20.3 ], [ 25.6, -20.3 ], [ 25.6, -20.2 ], [ 25.7, -20.2 ], [ 25.7, -20.3 ], [ 25.8, -20.3 ], [ 25.9, -20.3 ], [ 26.0, -20.3 ], [ 26.1, -20.3 ], [ 26.2, -20.3 ], [ 26.3, -20.3 ], [ 26.4, -20.3 ], [ 26.4, -20.4 ], [ 26.3, -20.4 ], [ 26.3, -20.5 ], [ 26.3, -20.6 ], [ 26.2, -20.6 ], [ 26.2, -20.7 ], [ 26.2, -20.8 ], [ 26.2, -20.9 ], [ 26.3, -20.9 ], [ 26.3, -21.0 ], [ 26.4, -21.0 ], [ 26.4, -21.1 ], [ 26.4, -21.2 ], [ 26.3, -21.2 ], [ 26.2, -21.2 ], [ 26.1, -21.2 ], [ 26.0, -21.2 ], [ 25.9, -21.2 ], [ 25.8, -21.2 ], [ 25.8, -21.1 ], [ 25.7, -21.1 ], [ 25.6, -21.1 ], [ 25.5, -21.1 ], [ 25.5, -21.2 ], [ 25.4, -21.2 ], [ 25.4, -21.1 ], [ 25.3, -21.1 ], [ 25.2, -21.0 ], [ 25.1, -21.0 ], [ 25.1, -21.1 ], [ 25.0, -21.2 ], [ 24.9, -21.2 ], [ 24.8, -21.2 ], [ 24.8, -21.3 ], [ 24.7, -21.3 ], [ 24.7, -21.4 ], [ 24.6, -21.4 ], [ 24.5, -21.4 ], [ 24.5, -21.3 ], [ 24.5, -21.2 ], [ 24.4, -21.2 ], [ 24.4, -21.1 ], [ 24.4, -21.0 ], [ 24.3, -21.0 ], [ 24.3, -20.9 ], [ 24.4, -20.9 ], [ 24.5, -20.9 ], [ 24.6, -20.9 ], [ 24.6, -20.8 ], [ 24.6, -20.7 ], [ 24.7, -20.7 ], [ 24.8, -20.7 ], [ 24.9, -20.6 ], [ 25.0, -20.5 ], [ 25.1, -20.5 ] ] ], [ [ [ 24.5, -20.6 ], [ 24.4, -20.6 ], [ 24.5, -20.5 ], [ 24.5, -20.6 ] ] ], [ [ [ 24.4, -20.4 ], [ 24.3, -20.4 ], [ 24.3, -20.3 ], [ 24.4, -20.3 ], [ 24.4, -20.4 ] ] ], [ [ [ 24.0, -20.2 ], [ 24.1, -20.2 ], [ 24.2, -20.2 ], [ 24.3, -20.2 ], [ 24.3, -20.3 ], [ 24.2, -20.3 ], [ 24.1, -20.3 ], [ 24.0, -20.3 ], [ 24.0, -20.2 ] ] ], [ [ [ 26.0, -20.2 ], [ 26.1, -20.2 ], [ 26.0, -20.3 ], [ 26.0, -20.2 ] ] ], [ [ [ 23.8, -20.3 ], [ 23.8, -20.2 ], [ 23.7, -20.2 ], [ 23.6, -20.2 ], [ 23.5, -20.2 ], [ 23.4, -20.2 ], [ 23.3, -20.2 ], [ 23.3, -20.1 ], [ 23.4, -20.1 ], [ 23.5, -20.1 ], [ 23.6, -20.1 ], [ 23.7, -20.1 ], [ 23.8, -20.1 ], [ 23.9, -20.1 ], [ 23.9, -20.2 ], [ 23.9, -20.3 ], [ 23.8, -20.3 ] ] ], [ [ [ 23.8, -18.6 ], [ 23.8, -18.5 ], [ 23.9, -18.5 ], [ 23.9, -18.6 ], [ 23.8, -18.6 ] ] ], [ [ [ 23.3, -18.6 ], [ 23.3, -18.5 ], [ 23.4, -18.5 ], [ 23.5, -18.5 ], [ 23.5, -18.4 ], [ 23.4, -18.4 ], [ 23.4, -18.3 ], [ 23.4, -18.2 ], [ 23.5, -18.2 ], [ 23.6, -18.2 ], [ 23.6, -18.3 ], [ 23.7, -18.3 ], [ 23.8, -18.3 ], [ 23.8, -18.4 ], [ 23.7, -18.4 ], [ 23.7, -18.5 ], [ 23.6, -18.5 ], [ 23.6, -18.6 ], [ 23.5, -18.6 ], [ 23.4, -18.6 ], [ 23.3, -18.6 ] ] ], [ [ [ 24.0, -18.2 ], [ 24.0, -18.1 ], [ 24.1, -18.1 ], [ 24.0, -18.2 ] ] ], [ [ [ 24.2, -18.1 ], [ 24.1, -18.1 ], [ 24.1, -18.0 ], [ 24.2, -18.0 ], [ 24.2, -18.1 ] ] ], [ [ [ 24.3, -17.8 ], [ 24.4, -17.8 ], [ 24.4, -17.9 ], [ 24.5, -17.9 ], [ 24.5, -18.0 ], [ 24.6, -18.0 ], [ 24.6, -18.1 ], [ 24.5, -18.1 ], [ 24.5, -18.2 ], [ 24.4, -18.2 ], [ 24.3, -18.2 ], [ 24.3, -18.1 ], [ 24.3, -18.0 ], [ 24.2, -18.0 ], [ 24.2, -17.9 ], [ 24.2, -17.8 ], [ 24.3, -17.8 ] ] ], [ [ [ 24.6, -18.0 ], [ 24.6, -17.9 ], [ 24.7, -17.9 ], [ 24.7, -18.0 ], [ 24.6, -18.0 ] ] ], [ [ [ 23.3, -17.7 ], [ 23.4, -17.7 ], [ 23.4, -17.8 ], [ 23.4, -17.9 ], [ 23.3, -17.9 ], [ 23.3, -17.8 ], [ 23.3, -17.7 ] ] ], [ [ [ 25.1, -17.8 ], [ 25.1, -17.9 ], [ 25.0, -17.9 ], [ 25.0, -17.8 ], [ 24.9, -17.8 ], [ 24.8, -17.8 ], [ 24.8, -17.9 ], [ 24.7, -17.9 ], [ 24.7, -17.8 ], [ 24.7, -17.7 ], [ 24.6, -17.7 ], [ 24.6, -17.6 ], [ 24.5, -17.6 ], [ 24.4, -17.6 ], [ 24.4, -17.5 ], [ 24.5, -17.5 ], [ 24.6, -17.5 ], [ 24.6, -17.4 ], [ 24.7, -17.4 ], [ 24.7, -17.5 ], [ 24.8, -17.5 ], [ 24.9, -17.5 ], [ 24.9, -17.4 ], [ 24.9, -17.3 ], [ 25.0, -17.3 ], [ 25.1, -17.3 ], [ 25.1, -17.4 ], [ 25.1, -17.5 ], [ 25.2, -17.5 ], [ 25.2, -17.6 ], [ 25.2, -17.7 ], [ 25.2, -17.8 ], [ 25.1, -17.8 ] ], [ [ 25.0, -17.5 ], [ 25.0, -17.6 ], [ 25.1, -17.6 ], [ 25.1, -17.5 ], [ 25.0, -17.5 ] ] ], [ [ [ 25.1, -17.3 ], [ 25.1, -17.2 ], [ 25.2, -17.2 ], [ 25.2, -17.3 ], [ 25.1, -17.3 ] ] ], [ [ [ 24.0, -17.3 ], [ 23.9, -17.3 ], [ 23.9, -17.2 ], [ 24.0, -17.2 ], [ 24.0, -17.3 ] ] ], [ [ [ 25.2, -17.1 ], [ 25.3, -17.1 ], [ 25.3, -17.2 ], [ 25.2, -17.2 ], [ 25.2, -17.1 ] ] ], [ [ [ 23.6, -16.9 ], [ 23.5, -16.9 ], [ 23.5, -16.8 ], [ 23.5, -16.7 ], [ 23.6, -16.7 ], [ 23.7, -16.7 ], [ 23.7, -16.8 ], [ 23.7, -16.9 ], [ 23.8, -16.9 ], [ 23.8, -17.0 ], [ 23.8, -17.1 ], [ 23.9, -17.1 ], [ 23.9, -17.2 ], [ 23.8, -17.2 ], [ 23.7, -17.2 ], [ 23.7, -17.1 ], [ 23.7, -17.0 ], [ 23.6, -17.0 ], [ 23.6, -16.9 ] ] ], [ [ [ 25.9, -15.9 ], [ 25.8, -15.9 ], [ 25.8, -15.8 ], [ 25.9, -15.8 ], [ 25.9, -15.7 ], [ 26.0, -15.7 ], [ 26.1, -15.7 ], [ 26.1, -15.8 ], [ 26.2, -15.8 ], [ 26.2, -15.9 ], [ 26.2, -16.0 ], [ 26.1, -16.0 ], [ 26.1, -15.9 ], [ 26.0, -15.9 ], [ 25.9, -15.9 ] ] ], [ [ [ 26.3, -15.7 ], [ 26.4, -15.7 ], [ 26.4, -15.8 ], [ 26.3, -15.8 ], [ 26.3, -15.7 ] ] ], [ [ [ 27.6, -15.4 ], [ 27.6, -15.5 ], [ 27.7, -15.5 ], [ 27.8, -15.5 ], [ 27.8, -15.6 ], [ 27.9, -15.6 ], [ 28.0, -15.6 ], [ 28.1, -15.6 ], [ 28.1, -15.7 ], [ 28.1, -15.8 ], [ 28.0, -15.8 ], [ 27.9, -15.8 ], [ 27.8, -15.8 ], [ 27.7, -15.8 ], [ 27.6, -15.8 ], [ 27.6, -15.9 ], [ 27.5, -15.9 ], [ 27.4, -15.9 ], [ 27.3, -15.9 ], [ 27.2, -15.9 ], [ 27.1, -15.9 ], [ 27.1, -15.8 ], [ 27.0, -15.8 ], [ 27.0, -15.9 ], [ 26.9, -15.9 ], [ 26.9, -15.8 ], [ 26.9, -15.7 ], [ 26.8, -15.7 ], [ 26.7, -15.7 ], [ 26.7, -15.8 ], [ 26.6, -15.8 ], [ 26.6, -15.7 ], [ 26.5, -15.7 ], [ 26.5, -15.6 ], [ 26.6, -15.6 ], [ 26.7, -15.6 ], [ 26.8, -15.6 ], [ 26.8, -15.5 ], [ 26.8, -15.4 ], [ 26.9, -15.4 ], [ 27.0, -15.4 ], [ 27.1, -15.4 ], [ 27.2, -15.4 ], [ 27.3, -15.4 ], [ 27.4, -15.4 ], [ 27.5, -15.4 ], [ 27.6, -15.4 ] ] ], [ [ [ 28.3, -15.5 ], [ 28.2, -15.5 ], [ 28.1, -15.5 ], [ 28.1, -15.4 ], [ 28.2, -15.4 ], [ 28.3, -15.4 ], [ 28.3, -15.5 ] ] ], [ [ [ 23.4, -15.2 ], [ 23.4, -15.1 ], [ 23.5, -15.1 ], [ 23.5, -15.2 ], [ 23.4, -15.2 ] ] ], [ [ [ 23.3, -15.0 ], [ 23.4, -15.0 ], [ 23.4, -15.1 ], [ 23.3, -15.1 ], [ 23.3, -15.0 ] ] ], [ [ [ 23.5, -14.5 ], [ 23.5, -14.6 ], [ 23.4, -14.6 ], [ 23.3, -14.6 ], [ 23.3, -14.5 ], [ 23.4, -14.5 ], [ 23.5, -14.5 ] ] ], [ [ [ 23.7, -14.3 ], [ 23.7, -14.4 ], [ 23.7, -14.5 ], [ 23.6, -14.5 ], [ 23.5, -14.5 ], [ 23.5, -14.4 ], [ 23.6, -14.4 ], [ 23.6, -14.3 ], [ 23.7, -14.3 ] ] ], [ [ [ 27.7, -14.1 ], [ 27.7, -14.0 ], [ 27.7, -13.9 ], [ 27.8, -13.9 ], [ 27.9, -13.9 ], [ 28.0, -13.9 ], [ 28.0, -14.0 ], [ 27.9, -14.0 ], [ 27.8, -14.0 ], [ 27.8, -14.1 ], [ 27.9, -14.1 ], [ 27.9, -14.2 ], [ 28.0, -14.2 ], [ 28.1, -14.2 ], [ 28.1, -14.3 ], [ 28.0, -14.3 ], [ 28.0, -14.4 ], [ 28.0, -14.5 ], [ 28.1, -14.5 ], [ 28.1, -14.6 ], [ 28.0, -14.6 ], [ 27.9, -14.6 ], [ 27.9, -14.7 ], [ 27.8, -14.7 ], [ 27.8, -14.6 ], [ 27.7, -14.6 ], [ 27.6, -14.6 ], [ 27.6, -14.5 ], [ 27.5, -14.5 ], [ 27.4, -14.5 ], [ 27.3, -14.5 ], [ 27.3, -14.4 ], [ 27.2, -14.4 ], [ 27.1, -14.4 ], [ 27.0, -14.4 ], [ 27.0, -14.3 ], [ 27.1, -14.3 ], [ 27.2, -14.3 ], [ 27.2, -14.2 ], [ 27.3, -14.2 ], [ 27.3, -14.1 ], [ 27.4, -14.1 ], [ 27.5, -14.1 ], [ 27.5, -14.0 ], [ 27.6, -14.0 ], [ 27.6, -14.1 ], [ 27.7, -14.1 ] ] ], [ [ [ 30.6, -12.0 ], [ 30.6, -12.1 ], [ 30.5, -12.1 ], [ 30.5, -12.0 ], [ 30.6, -12.0 ] ] ], [ [ [ 30.7, -11.8 ], [ 30.8, -11.8 ], [ 30.8, -11.9 ], [ 30.7, -11.9 ], [ 30.7, -11.8 ] ] ], [ [ [ 30.3, -11.0 ], [ 30.3, -11.1 ], [ 30.4, -11.1 ], [ 30.5, -11.1 ], [ 30.6, -11.2 ], [ 30.6, -11.1 ], [ 30.7, -11.1 ], [ 30.7, -11.2 ], [ 30.7, -11.3 ], [ 30.7, -11.4 ], [ 30.8, -11.4 ], [ 30.8, -11.5 ], [ 30.7, -11.5 ], [ 30.7, -11.6 ], [ 30.7, -11.7 ], [ 30.7, -11.8 ], [ 30.6, -11.8 ], [ 30.5, -11.8 ], [ 30.5, -11.9 ], [ 30.5, -12.0 ], [ 30.4, -12.0 ], [ 30.4, -12.1 ], [ 30.5, -12.1 ], [ 30.5, -12.2 ], [ 30.4, -12.2 ], [ 30.3, -12.2 ], [ 30.2, -12.2 ], [ 30.2, -12.3 ], [ 30.1, -12.3 ], [ 30.0, -12.3 ], [ 29.9, -12.3 ], [ 29.9, -12.4 ], [ 29.8, -12.4 ], [ 29.7, -12.4 ], [ 29.6, -12.4 ], [ 29.5, -12.4 ], [ 29.5, -12.3 ], [ 29.5, -12.2 ], [ 29.6, -12.2 ], [ 29.6, -12.1 ], [ 29.6, -12.0 ], [ 29.6, -11.9 ], [ 29.6, -11.8 ], [ 29.5, -11.8 ], [ 29.5, -11.7 ], [ 29.6, -11.7 ], [ 29.6, -11.6 ], [ 29.7, -11.6 ], [ 29.7, -11.5 ], [ 29.7, -11.4 ], [ 29.6, -11.4 ], [ 29.5, -11.4 ], [ 29.5, -11.3 ], [ 29.6, -11.3 ], [ 29.6, -11.2 ], [ 29.6, -11.1 ], [ 29.7, -11.1 ], [ 29.7, -11.0 ], [ 29.8, -11.0 ], [ 29.8, -10.9 ], [ 29.9, -10.9 ], [ 29.9, -10.8 ], [ 30.0, -10.8 ], [ 30.1, -10.8 ], [ 30.1, -10.9 ], [ 30.1, -11.0 ], [ 30.2, -11.0 ], [ 30.3, -11.0 ] ] ], [ [ [ 30.7, -11.0 ], [ 30.8, -11.0 ], [ 30.8, -11.1 ], [ 30.7, -11.1 ], [ 30.7, -11.0 ] ] ], [ [ [ 28.3, -9.6 ], [ 28.3, -9.5 ], [ 28.4, -9.5 ], [ 28.5, -9.5 ], [ 28.5, -9.6 ], [ 28.6, -9.6 ], [ 28.6, -9.7 ], [ 28.5, -9.7 ], [ 28.5, -9.8 ], [ 28.5, -9.9 ], [ 28.5, -10.0 ], [ 28.4, -10.0 ], [ 28.4, -9.9 ], [ 28.4, -9.8 ], [ 28.4, -9.7 ], [ 28.4, -9.6 ], [ 28.3, -9.6 ] ] ], [ [ [ 30.7, -5.3 ], [ 30.7, -5.2 ], [ 30.8, -5.2 ], [ 30.8, -5.3 ], [ 30.7, -5.3 ] ] ], [ [ [ 30.5, -4.2 ], [ 30.5, -4.1 ], [ 30.5, -4.0 ], [ 30.6, -4.0 ], [ 30.6, -4.1 ], [ 30.6, -4.2 ], [ 30.5, -4.2 ] ] ], [ [ [ 30.3, -3.9 ], [ 30.3, -4.0 ], [ 30.2, -4.0 ], [ 30.2, -3.9 ], [ 30.3, -3.9 ] ] ], [ [ [ 30.5, -4.0 ], [ 30.4, -4.0 ], [ 30.4, -3.9 ], [ 30.5, -3.9 ], [ 30.5, -4.0 ] ] ], [ [ [ 34.9, -21.0 ], [ 35.0, -21.0 ], [ 35.1, -21.0 ], [ 35.1, -21.1 ], [ 35.0, -21.1 ], [ 34.9, -21.1 ], [ 34.8, -21.2 ], [ 34.7, -21.3 ], [ 34.6, -21.3 ], [ 34.4, -21.4 ], [ 34.3, -21.4 ], [ 34.3, -21.3 ], [ 34.3, -21.2 ], [ 34.4, -21.2 ], [ 34.5, -21.2 ], [ 34.6, -21.2 ], [ 34.6, -21.1 ], [ 34.7, -21.1 ], [ 34.7, -21.0 ], [ 34.8, -21.0 ], [ 34.9, -21.0 ] ] ], [ [ [ 34.7, -19.8 ], [ 34.7, -19.9 ], [ 34.6, -19.9 ], [ 34.4, -19.9 ], [ 34.3, -19.8 ], [ 34.3, -19.7 ], [ 34.3, -19.6 ], [ 34.3, -19.5 ], [ 34.3, -19.4 ], [ 34.4, -19.4 ], [ 34.4, -19.3 ], [ 34.4, -19.2 ], [ 34.5, -19.2 ], [ 34.5, -19.1 ], [ 34.6, -19.1 ], [ 34.7, -19.2 ], [ 34.7, -19.3 ], [ 34.8, -19.4 ], [ 34.8, -19.5 ], [ 34.9, -19.6 ], [ 34.9, -19.7 ], [ 34.7, -19.7 ], [ 34.7, -19.6 ], [ 34.6, -19.6 ], [ 34.5, -19.6 ], [ 34.5, -19.7 ], [ 34.6, -19.7 ], [ 34.7, -19.8 ] ] ], [ [ [ 35.4, -15.5 ], [ 35.5, -15.5 ], [ 35.5, -15.6 ], [ 35.5, -15.7 ], [ 35.5, -15.8 ], [ 35.5, -15.9 ], [ 35.4, -15.9 ], [ 35.4, -15.8 ], [ 35.4, -15.7 ], [ 35.4, -15.6 ], [ 35.4, -15.5 ] ] ], [ [ [ 35.9, -15.3 ], [ 35.9, -15.4 ], [ 36.0, -15.4 ], [ 36.0, -15.5 ], [ 35.9, -15.5 ], [ 35.9, -15.6 ], [ 35.8, -15.6 ], [ 35.8, -15.7 ], [ 35.7, -15.7 ], [ 35.7, -15.6 ], [ 35.6, -15.6 ], [ 35.6, -15.5 ], [ 35.6, -15.4 ], [ 35.5, -15.4 ], [ 35.5, -15.3 ], [ 35.5, -15.2 ], [ 35.5, -15.1 ], [ 35.5, -15.0 ], [ 35.6, -15.0 ], [ 35.7, -15.0 ], [ 35.8, -15.0 ], [ 35.9, -15.0 ], [ 35.9, -15.1 ], [ 35.9, -15.2 ], [ 35.9, -15.3 ] ] ], [ [ [ 30.8, -11.5 ], [ 30.9, -11.5 ], [ 30.9, -11.6 ], [ 30.8, -11.6 ], [ 30.8, -11.5 ] ] ], [ [ [ 32.3, -10.2 ], [ 32.3, -10.3 ], [ 32.2, -10.3 ], [ 32.2, -10.2 ], [ 32.2, -10.1 ], [ 32.3, -10.1 ], [ 32.3, -10.2 ] ] ], [ [ [ 32.1, -9.5 ], [ 32.2, -9.5 ], [ 32.2, -9.4 ], [ 32.3, -9.4 ], [ 32.3, -9.3 ], [ 32.4, -9.3 ], [ 32.5, -9.3 ], [ 32.5, -9.4 ], [ 32.6, -9.4 ], [ 32.6, -9.5 ], [ 32.6, -9.6 ], [ 32.7, -9.6 ], [ 32.7, -9.7 ], [ 32.7, -9.8 ], [ 32.7, -9.9 ], [ 32.7, -10.0 ], [ 32.6, -10.0 ], [ 32.5, -10.0 ], [ 32.5, -9.9 ], [ 32.6, -9.9 ], [ 32.6, -9.8 ], [ 32.5, -9.8 ], [ 32.4, -9.8 ], [ 32.4, -9.9 ], [ 32.3, -9.9 ], [ 32.2, -9.9 ], [ 32.2, -10.0 ], [ 32.1, -10.0 ], [ 32.1, -10.1 ], [ 32.1, -10.2 ], [ 32.1, -10.3 ], [ 32.1, -10.4 ], [ 32.0, -10.4 ], [ 32.0, -10.5 ], [ 32.0, -10.6 ], [ 31.9, -10.6 ], [ 31.8, -10.6 ], [ 31.8, -10.5 ], [ 31.7, -10.5 ], [ 31.7, -10.6 ], [ 31.6, -10.6 ], [ 31.6, -10.5 ], [ 31.6, -10.4 ], [ 31.7, -10.4 ], [ 31.7, -10.3 ], [ 31.8, -10.3 ], [ 31.8, -10.2 ], [ 31.9, -10.2 ], [ 31.9, -10.1 ], [ 32.0, -10.1 ], [ 32.0, -10.0 ], [ 31.9, -10.0 ], [ 31.9, -9.9 ], [ 31.9, -9.8 ], [ 31.9, -9.7 ], [ 32.0, -9.7 ], [ 32.0, -9.6 ], [ 32.0, -9.5 ], [ 32.1, -9.5 ] ] ], [ [ [ 32.8, -9.7 ], [ 32.9, -9.7 ], [ 32.9, -9.8 ], [ 32.8, -9.8 ], [ 32.8, -9.7 ] ] ], [ [ [ 32.9, -9.6 ], [ 32.9, -9.5 ], [ 33.0, -9.5 ], [ 33.0, -9.6 ], [ 33.0, -9.7 ], [ 32.9, -9.7 ], [ 32.9, -9.6 ] ] ], [ [ [ 32.2, -9.3 ], [ 32.2, -9.4 ], [ 32.1, -9.4 ], [ 32.1, -9.3 ], [ 32.2, -9.3 ] ] ], [ [ [ 32.3, -9.2 ], [ 32.3, -9.3 ], [ 32.2, -9.3 ], [ 32.2, -9.2 ], [ 32.3, -9.2 ] ] ], [ [ [ 34.0, -8.8 ], [ 34.0, -8.7 ], [ 34.1, -8.7 ], [ 34.1, -8.8 ], [ 34.0, -8.8 ] ] ], [ [ [ 33.9, -8.7 ], [ 33.9, -8.6 ], [ 34.0, -8.6 ], [ 34.0, -8.7 ], [ 33.9, -8.7 ] ] ], [ [ [ 34.6, -8.3 ], [ 34.6, -8.4 ], [ 34.5, -8.4 ], [ 34.4, -8.4 ], [ 34.4, -8.5 ], [ 34.4, -8.6 ], [ 34.3, -8.6 ], [ 34.3, -8.7 ], [ 34.2, -8.7 ], [ 34.2, -8.6 ], [ 34.1, -8.6 ], [ 34.1, -8.5 ], [ 34.1, -8.4 ], [ 34.1, -8.3 ], [ 34.2, -8.3 ], [ 34.2, -8.2 ], [ 34.3, -8.2 ], [ 34.4, -8.2 ], [ 34.4, -8.3 ], [ 34.5, -8.3 ], [ 34.5, -8.2 ], [ 34.6, -8.2 ], [ 34.7, -8.2 ], [ 34.7, -8.3 ], [ 34.6, -8.3 ] ] ], [ [ [ 32.2, -7.7 ], [ 32.2, -7.8 ], [ 32.3, -7.8 ], [ 32.3, -7.9 ], [ 32.4, -7.9 ], [ 32.4, -8.0 ], [ 32.5, -8.0 ], [ 32.5, -8.1 ], [ 32.6, -8.1 ], [ 32.6, -8.2 ], [ 32.7, -8.2 ], [ 32.7, -8.3 ], [ 32.8, -8.3 ], [ 32.8, -8.4 ], [ 32.9, -8.4 ], [ 32.9, -8.5 ], [ 32.8, -8.5 ], [ 32.7, -8.5 ], [ 32.6, -8.5 ], [ 32.5, -8.5 ], [ 32.5, -8.4 ], [ 32.5, -8.3 ], [ 32.4, -8.3 ], [ 32.4, -8.2 ], [ 32.4, -8.1 ], [ 32.3, -8.1 ], [ 32.2, -8.1 ], [ 32.1, -8.1 ], [ 32.0, -8.1 ], [ 32.0, -8.0 ], [ 31.9, -8.0 ], [ 31.9, -7.9 ], [ 31.9, -7.8 ], [ 31.8, -7.8 ], [ 31.7, -7.8 ], [ 31.7, -7.7 ], [ 31.6, -7.7 ], [ 31.6, -7.6 ], [ 31.5, -7.6 ], [ 31.5, -7.5 ], [ 31.4, -7.5 ], [ 31.4, -7.4 ], [ 31.5, -7.4 ], [ 31.6, -7.4 ], [ 31.7, -7.4 ], [ 31.7, -7.5 ], [ 31.8, -7.5 ], [ 31.9, -7.5 ], [ 31.9, -7.6 ], [ 32.0, -7.6 ], [ 32.1, -7.6 ], [ 32.1, -7.7 ], [ 32.2, -7.7 ] ] ], [ [ [ 31.6, -7.2 ], [ 31.5, -7.2 ], [ 31.5, -7.1 ], [ 31.6, -7.1 ], [ 31.6, -7.2 ] ] ], [ [ [ 31.3, -6.6 ], [ 31.4, -6.6 ], [ 31.4, -6.7 ], [ 31.4, -6.8 ], [ 31.4, -6.9 ], [ 31.3, -6.9 ], [ 31.3, -7.0 ], [ 31.3, -7.1 ], [ 31.2, -7.1 ], [ 31.1, -7.1 ], [ 31.0, -7.1 ], [ 31.0, -7.0 ], [ 31.1, -7.0 ], [ 31.1, -6.9 ], [ 31.0, -6.9 ], [ 30.9, -6.9 ], [ 30.9, -6.8 ], [ 31.0, -6.8 ], [ 31.1, -6.8 ], [ 31.1, -6.7 ], [ 31.1, -6.6 ], [ 31.2, -6.6 ], [ 31.2, -6.7 ], [ 31.2, -6.8 ], [ 31.3, -6.8 ], [ 31.3, -6.7 ], [ 31.3, -6.6 ] ] ], [ [ [ 31.0, -6.7 ], [ 30.9, -6.7 ], [ 30.9, -6.6 ], [ 31.0, -6.6 ], [ 31.0, -6.7 ] ] ], [ [ [ 35.3, -6.2 ], [ 35.2, -6.2 ], [ 35.1, -6.2 ], [ 35.1, -6.1 ], [ 35.0, -6.1 ], [ 35.0, -6.0 ], [ 35.1, -6.0 ], [ 35.2, -6.0 ], [ 35.3, -6.0 ], [ 35.3, -6.1 ], [ 35.3, -6.2 ] ] ], [ [ [ 31.2, -5.8 ], [ 31.1, -5.8 ], [ 31.1, -5.7 ], [ 31.1, -5.6 ], [ 31.2, -5.6 ], [ 31.2, -5.7 ], [ 31.2, -5.8 ] ] ], [ [ [ 31.4, -5.6 ], [ 31.4, -5.5 ], [ 31.5, -5.5 ], [ 31.5, -5.6 ], [ 31.4, -5.6 ] ] ], [ [ [ 31.1, -5.6 ], [ 31.0, -5.6 ], [ 31.0, -5.5 ], [ 31.0, -5.4 ], [ 31.1, -5.4 ], [ 31.1, -5.5 ], [ 31.1, -5.6 ] ] ], [ [ [ 31.3, -5.3 ], [ 31.2, -5.3 ], [ 31.1, -5.3 ], [ 31.0, -5.3 ], [ 31.0, -5.2 ], [ 31.1, -5.2 ], [ 31.2, -5.2 ], [ 31.2, -5.1 ], [ 31.2, -5.0 ], [ 31.3, -5.0 ], [ 31.3, -5.1 ], [ 31.3, -5.2 ], [ 31.3, -5.3 ] ] ], [ [ [ 33.4, -4.7 ], [ 33.5, -4.7 ], [ 33.5, -4.8 ], [ 33.5, -4.9 ], [ 33.5, -5.0 ], [ 33.4, -5.0 ], [ 33.4, -4.9 ], [ 33.4, -4.8 ], [ 33.4, -4.7 ] ] ], [ [ [ 31.7, -4.7 ], [ 31.8, -4.7 ], [ 31.8, -4.8 ], [ 31.7, -4.8 ], [ 31.7, -4.7 ] ] ], [ [ [ 35.5, -4.5 ], [ 35.5, -4.6 ], [ 35.4, -4.6 ], [ 35.4, -4.5 ], [ 35.5, -4.5 ] ] ], [ [ [ 34.3, -4.0 ], [ 34.3, -3.9 ], [ 34.4, -3.9 ], [ 34.4, -3.8 ], [ 34.5, -3.8 ], [ 34.6, -3.8 ], [ 34.6, -3.7 ], [ 34.7, -3.7 ], [ 34.7, -3.6 ], [ 34.8, -3.6 ], [ 34.9, -3.6 ], [ 35.0, -3.6 ], [ 35.0, -3.5 ], [ 35.1, -3.5 ], [ 35.2, -3.5 ], [ 35.2, -3.4 ], [ 35.3, -3.4 ], [ 35.3, -3.5 ], [ 35.4, -3.5 ], [ 35.4, -3.6 ], [ 35.3, -3.6 ], [ 35.3, -3.7 ], [ 35.2, -3.7 ], [ 35.1, -3.7 ], [ 35.0, -3.7 ], [ 35.0, -3.8 ], [ 34.9, -3.8 ], [ 34.8, -3.8 ], [ 34.8, -3.9 ], [ 34.7, -3.9 ], [ 34.6, -3.9 ], [ 34.6, -4.0 ], [ 34.6, -4.1 ], [ 34.5, -4.1 ], [ 34.5, -4.0 ], [ 34.4, -4.0 ], [ 34.4, -4.1 ], [ 34.3, -4.1 ], [ 34.3, -4.2 ], [ 34.3, -4.3 ], [ 34.2, -4.3 ], [ 34.2, -4.4 ], [ 34.2, -4.5 ], [ 34.2, -4.6 ], [ 34.1, -4.6 ], [ 34.1, -4.7 ], [ 34.1, -4.8 ], [ 34.1, -4.9 ], [ 34.0, -4.9 ], [ 34.0, -5.0 ], [ 34.0, -5.1 ], [ 33.9, -5.1 ], [ 33.9, -5.0 ], [ 33.9, -4.9 ], [ 33.9, -4.8 ], [ 33.9, -4.7 ], [ 33.9, -4.6 ], [ 33.9, -4.5 ], [ 34.0, -4.5 ], [ 34.0, -4.4 ], [ 34.0, -4.3 ], [ 34.0, -4.2 ], [ 34.0, -4.1 ], [ 34.1, -4.1 ], [ 34.2, -4.1 ], [ 34.2, -4.0 ], [ 34.3, -4.0 ] ] ], [ [ [ 31.4, -4.8 ], [ 31.4, -4.7 ], [ 31.3, -4.7 ], [ 31.3, -4.6 ], [ 31.2, -4.6 ], [ 31.2, -4.5 ], [ 31.2, -4.4 ], [ 31.3, -4.4 ], [ 31.3, -4.3 ], [ 31.3, -4.2 ], [ 31.3, -4.1 ], [ 31.3, -4.0 ], [ 31.3, -3.9 ], [ 31.2, -3.9 ], [ 31.2, -3.8 ], [ 31.1, -3.8 ], [ 31.1, -3.9 ], [ 31.1, -4.0 ], [ 31.0, -4.0 ], [ 31.0, -3.9 ], [ 30.9, -3.9 ], [ 30.9, -3.8 ], [ 30.8, -3.8 ], [ 30.7, -3.8 ], [ 30.7, -3.7 ], [ 30.8, -3.7 ], [ 30.9, -3.7 ], [ 31.0, -3.7 ], [ 31.1, -3.7 ], [ 31.1, -3.6 ], [ 31.2, -3.6 ], [ 31.2, -3.7 ], [ 31.3, -3.7 ], [ 31.3, -3.8 ], [ 31.4, -3.8 ], [ 31.4, -3.9 ], [ 31.4, -4.0 ], [ 31.5, -4.0 ], [ 31.5, -3.9 ], [ 31.6, -3.9 ], [ 31.6, -4.0 ], [ 31.6, -4.1 ], [ 31.7, -4.1 ], [ 31.7, -4.2 ], [ 31.8, -4.2 ], [ 31.8, -4.3 ], [ 31.8, -4.4 ], [ 31.7, -4.4 ], [ 31.7, -4.5 ], [ 31.6, -4.5 ], [ 31.6, -4.6 ], [ 31.7, -4.6 ], [ 31.7, -4.7 ], [ 31.6, -4.7 ], [ 31.5, -4.7 ], [ 31.5, -4.8 ], [ 31.6, -4.8 ], [ 31.6, -4.9 ], [ 31.5, -4.9 ], [ 31.5, -5.0 ], [ 31.4, -5.0 ], [ 31.3, -5.0 ], [ 31.3, -4.9 ], [ 31.2, -4.9 ], [ 31.2, -5.0 ], [ 31.1, -5.0 ], [ 31.0, -5.0 ], [ 30.9, -5.0 ], [ 30.9, -4.9 ], [ 30.8, -4.9 ], [ 30.8, -4.8 ], [ 30.7, -4.8 ], [ 30.7, -4.7 ], [ 30.7, -4.6 ], [ 30.7, -4.5 ], [ 30.7, -4.4 ], [ 30.7, -4.3 ], [ 30.7, -4.2 ], [ 30.7, -4.1 ], [ 30.8, -4.1 ], [ 30.8, -4.2 ], [ 30.8, -4.3 ], [ 30.8, -4.4 ], [ 30.8, -4.5 ], [ 30.8, -4.6 ], [ 30.8, -4.7 ], [ 30.9, -4.7 ], [ 30.9, -4.6 ], [ 31.0, -4.6 ], [ 31.0, -4.7 ], [ 31.1, -4.7 ], [ 31.1, -4.8 ], [ 31.2, -4.8 ], [ 31.3, -4.8 ], [ 31.4, -4.8 ] ], [ [ 31.0, -4.8 ], [ 31.0, -4.9 ], [ 31.1, -4.9 ], [ 31.1, -4.8 ], [ 31.0, -4.8 ] ], [ [ 31.5, -4.4 ], [ 31.6, -4.4 ], [ 31.6, -4.3 ], [ 31.6, -4.2 ], [ 31.5, -4.2 ], [ 31.5, -4.3 ], [ 31.5, -4.4 ] ] ], [ [ [ 34.2, -3.8 ], [ 34.3, -3.8 ], [ 34.3, -3.9 ], [ 34.2, -3.9 ], [ 34.2, -3.8 ] ] ], [ [ [ 29.6, 7.3 ], [ 29.6, 7.4 ], [ 29.5, 7.4 ], [ 29.5, 7.5 ], [ 29.5, 7.6 ], [ 29.4, 7.6 ], [ 29.4, 7.7 ], [ 29.4, 7.8 ], [ 29.4, 7.9 ], [ 29.4, 8.0 ], [ 29.5, 8.0 ], [ 29.5, 8.1 ], [ 29.4, 8.1 ], [ 29.4, 8.2 ], [ 29.4, 8.3 ], [ 29.3, 8.3 ], [ 29.3, 8.4 ], [ 29.2, 8.4 ], [ 29.1, 8.4 ], [ 29.1, 8.5 ], [ 29.0, 8.5 ], [ 28.9, 8.5 ], [ 28.9, 8.6 ], [ 28.8, 8.6 ], [ 28.7, 8.6 ], [ 28.7, 8.7 ], [ 28.6, 8.7 ], [ 28.6, 8.8 ], [ 28.5, 8.8 ], [ 28.4, 8.8 ], [ 28.4, 8.9 ], [ 28.3, 8.9 ], [ 28.2, 8.9 ], [ 28.1, 8.9 ], [ 28.1, 9.0 ], [ 28.0, 9.0 ], [ 27.9, 9.0 ], [ 27.9, 9.1 ], [ 27.8, 9.1 ], [ 27.8, 9.2 ], [ 27.9, 9.2 ], [ 27.9, 9.3 ], [ 28.0, 9.3 ], [ 28.1, 9.3 ], [ 28.2, 9.4 ], [ 28.4, 9.4 ], [ 28.9, 9.4 ], [ 29.1, 9.4 ], [ 29.3, 9.3 ], [ 29.4, 9.3 ], [ 29.5, 9.4 ], [ 29.6, 9.4 ], [ 29.6, 9.5 ], [ 29.7, 9.5 ], [ 29.8, 9.6 ], [ 29.9, 9.6 ], [ 30.0, 9.6 ], [ 30.0, 9.5 ], [ 30.1, 9.5 ], [ 30.2, 9.5 ], [ 30.3, 9.5 ], [ 30.4, 9.5 ], [ 30.5, 9.5 ], [ 30.6, 9.5 ], [ 30.7, 9.5 ], [ 30.8, 9.5 ], [ 30.8, 9.4 ], [ 30.9, 9.4 ], [ 31.0, 9.4 ], [ 31.1, 9.4 ], [ 31.2, 9.4 ], [ 31.3, 9.4 ], [ 31.4, 9.4 ], [ 31.5, 9.4 ], [ 31.5, 9.3 ], [ 31.6, 9.3 ], [ 31.7, 9.3 ], [ 31.8, 9.3 ], [ 31.8, 9.4 ], [ 31.9, 9.4 ], [ 32.0, 9.4 ], [ 32.0, 9.5 ], [ 32.1, 9.5 ], [ 32.2, 9.5 ], [ 32.3, 9.5 ], [ 32.3, 9.6 ], [ 32.4, 9.6 ], [ 32.5, 9.6 ], [ 32.6, 9.6 ], [ 32.7, 9.6 ], [ 32.7, 9.7 ], [ 32.8, 9.7 ], [ 32.9, 9.7 ], [ 32.9, 9.8 ], [ 33.0, 9.8 ], [ 33.1, 9.8 ], [ 33.2, 9.8 ], [ 33.3, 9.8 ], [ 33.4, 9.9 ], [ 33.5, 9.9 ], [ 33.5, 10.0 ], [ 33.6, 10.0 ], [ 33.6, 9.9 ], [ 33.6, 9.8 ], [ 33.5, 9.7 ], [ 33.5, 9.6 ], [ 33.5, 9.5 ], [ 33.4, 9.4 ], [ 33.3, 9.4 ], [ 33.2, 9.3 ], [ 33.2, 9.2 ], [ 33.3, 9.1 ], [ 33.4, 9.0 ], [ 33.4, 8.9 ], [ 33.5, 8.9 ], [ 33.5, 8.8 ], [ 33.6, 8.7 ], [ 33.5, 8.7 ], [ 33.5, 8.6 ], [ 33.5, 8.5 ], [ 33.6, 8.5 ], [ 33.7, 8.5 ], [ 33.7, 8.4 ], [ 33.8, 8.4 ], [ 33.9, 8.4 ], [ 33.9, 8.5 ], [ 34.0, 8.5 ], [ 34.1, 8.5 ], [ 34.1, 8.6 ], [ 34.1, 8.7 ], [ 34.2, 8.7 ], [ 34.2, 8.6 ], [ 34.2, 8.5 ], [ 34.3, 8.5 ], [ 34.3, 8.4 ], [ 34.2, 8.4 ], [ 34.2, 8.3 ], [ 34.3, 8.3 ], [ 34.3, 8.2 ], [ 34.3, 8.1 ], [ 34.2, 8.1 ], [ 34.1, 8.1 ], [ 34.1, 8.0 ], [ 34.0, 8.0 ], [ 34.0, 7.9 ], [ 34.1, 7.9 ], [ 34.1, 7.8 ], [ 34.0, 7.8 ], [ 33.9, 7.8 ], [ 33.9, 7.7 ], [ 34.0, 7.7 ], [ 34.1, 7.7 ], [ 34.1, 7.6 ], [ 34.0, 7.6 ], [ 33.9, 7.6 ], [ 33.8, 7.6 ], [ 33.7, 7.6 ], [ 33.7, 7.7 ], [ 33.6, 7.7 ], [ 33.6, 7.6 ], [ 33.6, 7.5 ], [ 33.6, 7.4 ], [ 33.6, 7.3 ], [ 33.6, 7.2 ], [ 33.6, 7.1 ], [ 33.6, 7.0 ], [ 33.6, 6.9 ], [ 33.6, 6.8 ], [ 33.6, 6.7 ], [ 33.5, 6.7 ], [ 33.5, 6.6 ], [ 33.5, 6.5 ], [ 33.5, 6.4 ], [ 33.5, 6.3 ], [ 33.4, 6.3 ], [ 33.4, 6.2 ], [ 33.4, 6.1 ], [ 33.3, 6.1 ], [ 33.3, 6.0 ], [ 33.2, 6.0 ], [ 33.2, 5.9 ], [ 33.1, 5.9 ], [ 33.1, 5.8 ], [ 33.0, 5.8 ], [ 33.0, 5.7 ], [ 32.9, 5.7 ], [ 32.9, 5.6 ], [ 32.8, 5.6 ], [ 32.8, 5.5 ], [ 32.7, 5.5 ], [ 32.7, 5.4 ], [ 32.6, 5.4 ], [ 32.6, 5.3 ], [ 32.5, 5.3 ], [ 32.5, 5.2 ], [ 32.4, 5.2 ], [ 32.4, 5.1 ], [ 32.3, 5.1 ], [ 32.2, 5.1 ], [ 32.2, 5.0 ], [ 32.1, 5.0 ], [ 32.0, 5.0 ], [ 32.0, 4.9 ], [ 31.9, 4.9 ], [ 31.8, 4.9 ], [ 31.8, 4.8 ], [ 31.7, 4.8 ], [ 31.6, 4.8 ], [ 31.6, 4.9 ], [ 31.6, 5.0 ], [ 31.6, 5.1 ], [ 31.6, 5.2 ], [ 31.6, 5.3 ], [ 31.6, 5.4 ], [ 31.6, 5.5 ], [ 31.6, 5.6 ], [ 31.6, 5.7 ], [ 31.6, 5.8 ], [ 31.5, 5.9 ], [ 31.4, 5.9 ], [ 31.4, 6.0 ], [ 31.3, 6.1 ], [ 31.3, 6.2 ], [ 31.3, 6.3 ], [ 31.2, 6.4 ], [ 31.2, 6.5 ], [ 31.1, 6.6 ], [ 31.0, 6.7 ], [ 31.0, 6.8 ], [ 30.9, 6.8 ], [ 30.9, 6.9 ], [ 30.8, 6.9 ], [ 30.7, 6.9 ], [ 30.6, 6.9 ], [ 30.5, 6.9 ], [ 30.4, 6.9 ], [ 30.3, 6.9 ], [ 30.2, 6.9 ], [ 30.1, 6.9 ], [ 30.0, 6.9 ], [ 30.0, 7.0 ], [ 29.9, 7.0 ], [ 29.9, 7.1 ], [ 29.8, 7.1 ], [ 29.8, 7.2 ], [ 29.7, 7.2 ], [ 29.7, 7.3 ], [ 29.6, 7.3 ] ], [ [ 33.6, 8.0 ], [ 33.6, 7.9 ], [ 33.7, 7.9 ], [ 33.7, 8.0 ], [ 33.6, 8.0 ] ] ], [ [ [ 34.1, 7.5 ], [ 34.1, 7.4 ], [ 34.0, 7.4 ], [ 34.0, 7.5 ], [ 34.1, 7.5 ] ] ], [ [ [ 36.4, -17.6 ], [ 36.5, -17.6 ], [ 36.6, -17.5 ], [ 36.7, -17.5 ], [ 36.8, -17.5 ], [ 36.8, -17.6 ], [ 36.9, -17.6 ], [ 37.0, -17.6 ], [ 37.0, -17.7 ], [ 37.1, -17.8 ], [ 37.0, -17.9 ], [ 37.0, -18.0 ], [ 36.9, -17.9 ], [ 36.8, -17.9 ], [ 36.8, -18.0 ], [ 36.8, -18.1 ], [ 36.7, -18.1 ], [ 36.6, -18.2 ], [ 36.7, -18.2 ], [ 36.8, -18.3 ], [ 36.7, -18.3 ], [ 36.7, -18.4 ], [ 36.6, -18.4 ], [ 36.5, -18.4 ], [ 36.4, -18.5 ], [ 36.3, -18.5 ], [ 36.2, -18.4 ], [ 36.1, -18.4 ], [ 36.1, -18.5 ], [ 36.0, -18.6 ], [ 36.0, -18.7 ], [ 36.1, -18.8 ], [ 36.0, -18.8 ], [ 35.9, -18.9 ], [ 35.8, -18.9 ], [ 35.7, -19.0 ], [ 35.6, -19.0 ], [ 35.6, -18.8 ], [ 35.5, -18.7 ], [ 35.5, -18.6 ], [ 35.5, -18.4 ], [ 35.4, -18.2 ], [ 35.4, -18.1 ], [ 35.4, -18.0 ], [ 35.4, -17.9 ], [ 35.5, -17.9 ], [ 35.6, -17.9 ], [ 35.7, -17.9 ], [ 35.9, -17.9 ], [ 36.0, -17.9 ], [ 36.1, -17.9 ], [ 36.1, -17.8 ], [ 36.2, -17.7 ], [ 36.3, -17.7 ], [ 36.4, -17.6 ] ] ], [ [ [ 35.9, -14.8 ], [ 35.9, -14.9 ], [ 35.8, -14.9 ], [ 35.8, -14.8 ], [ 35.9, -14.8 ] ] ], [ [ [ 36.2, -8.3 ], [ 36.3, -8.3 ], [ 36.4, -8.3 ], [ 36.4, -8.4 ], [ 36.3, -8.4 ], [ 36.3, -8.5 ], [ 36.2, -8.5 ], [ 36.2, -8.6 ], [ 36.2, -8.7 ], [ 36.1, -8.7 ], [ 36.1, -8.8 ], [ 36.0, -8.8 ], [ 36.0, -8.9 ], [ 36.0, -9.0 ], [ 35.9, -9.0 ], [ 35.8, -9.0 ], [ 35.8, -8.9 ], [ 35.8, -8.8 ], [ 35.9, -8.8 ], [ 35.9, -8.7 ], [ 35.9, -8.6 ], [ 35.8, -8.6 ], [ 35.8, -8.5 ], [ 35.9, -8.5 ], [ 35.9, -8.4 ], [ 36.0, -8.4 ], [ 36.1, -8.4 ], [ 36.1, -8.3 ], [ 36.2, -8.3 ] ] ], [ [ [ 36.4, -8.2 ], [ 36.5, -8.2 ], [ 36.5, -8.3 ], [ 36.4, -8.3 ], [ 36.4, -8.2 ] ] ], [ [ [ 36.8, -8.2 ], [ 36.7, -8.2 ], [ 36.6, -8.2 ], [ 36.6, -8.1 ], [ 36.7, -8.1 ], [ 36.8, -8.1 ], [ 36.9, -8.1 ], [ 36.9, -8.2 ], [ 36.8, -8.2 ] ] ], [ [ [ 37.2, -7.1 ], [ 37.1, -7.1 ], [ 37.1, -7.2 ], [ 37.1, -7.3 ], [ 37.1, -7.4 ], [ 37.0, -7.4 ], [ 37.0, -7.3 ], [ 37.0, -7.2 ], [ 37.0, -7.1 ], [ 37.0, -7.0 ], [ 37.1, -7.0 ], [ 37.2, -7.0 ], [ 37.2, -6.9 ], [ 37.3, -6.9 ], [ 37.3, -6.8 ], [ 37.4, -6.8 ], [ 37.4, -6.9 ], [ 37.4, -7.0 ], [ 37.3, -7.0 ], [ 37.3, -7.1 ], [ 37.3, -7.2 ], [ 37.2, -7.2 ], [ 37.2, -7.1 ] ] ], [ [ [ 37.2, -6.8 ], [ 37.2, -6.9 ], [ 37.1, -6.9 ], [ 37.1, -6.8 ], [ 37.2, -6.8 ] ] ], [ [ [ 37.5, -6.8 ], [ 37.4, -6.8 ], [ 37.4, -6.7 ], [ 37.5, -6.7 ], [ 37.5, -6.8 ] ] ], [ [ [ 37.3, -6.6 ], [ 37.4, -6.6 ], [ 37.4, -6.7 ], [ 37.3, -6.7 ], [ 37.3, -6.6 ] ] ], [ [ [ 37.5, -6.5 ], [ 37.5, -6.6 ], [ 37.4, -6.6 ], [ 37.4, -6.5 ], [ 37.5, -6.5 ] ] ], [ [ [ 35.9, -6.5 ], [ 35.9, -6.6 ], [ 35.8, -6.6 ], [ 35.7, -6.6 ], [ 35.6, -6.6 ], [ 35.6, -6.5 ], [ 35.5, -6.5 ], [ 35.5, -6.4 ], [ 35.5, -6.3 ], [ 35.6, -6.3 ], [ 35.6, -6.4 ], [ 35.7, -6.4 ], [ 35.7, -6.5 ], [ 35.8, -6.5 ], [ 35.8, -6.4 ], [ 35.9, -6.4 ], [ 36.0, -6.4 ], [ 36.1, -6.4 ], [ 36.1, -6.5 ], [ 36.0, -6.5 ], [ 35.9, -6.5 ] ] ], [ [ [ 37.6, -6.4 ], [ 37.6, -6.5 ], [ 37.5, -6.5 ], [ 37.5, -6.4 ], [ 37.6, -6.4 ] ] ], [ [ [ 37.7, -6.3 ], [ 37.7, -6.4 ], [ 37.6, -6.4 ], [ 37.6, -6.3 ], [ 37.7, -6.3 ] ] ], [ [ [ 37.7, -5.1 ], [ 37.8, -5.1 ], [ 37.8, -5.2 ], [ 37.7, -5.2 ], [ 37.7, -5.1 ] ] ], [ [ [ 37.6, -5.1 ], [ 37.5, -5.1 ], [ 37.5, -5.0 ], [ 37.6, -5.0 ], [ 37.6, -5.1 ] ] ], [ [ [ 37.7, -5.0 ], [ 37.7, -4.9 ], [ 37.8, -4.9 ], [ 37.8, -4.8 ], [ 37.9, -4.8 ], [ 37.9, -4.9 ], [ 37.9, -5.0 ], [ 37.8, -5.0 ], [ 37.7, -5.0 ] ] ], [ [ [ 37.1, -4.8 ], [ 37.1, -4.7 ], [ 37.2, -4.7 ], [ 37.2, -4.8 ], [ 37.3, -4.8 ], [ 37.3, -4.7 ], [ 37.4, -4.7 ], [ 37.4, -4.8 ], [ 37.4, -4.9 ], [ 37.5, -4.9 ], [ 37.5, -5.0 ], [ 37.4, -5.0 ], [ 37.3, -5.0 ], [ 37.3, -4.9 ], [ 37.2, -4.9 ], [ 37.1, -4.9 ], [ 37.1, -4.8 ] ] ], [ [ [ 36.4, -4.9 ], [ 36.3, -4.9 ], [ 36.3, -4.8 ], [ 36.4, -4.8 ], [ 36.4, -4.9 ] ] ], [ [ [ 37.0, -4.8 ], [ 36.9, -4.8 ], [ 36.8, -4.8 ], [ 36.8, -4.7 ], [ 36.8, -4.6 ], [ 36.9, -4.6 ], [ 36.9, -4.7 ], [ 37.0, -4.7 ], [ 37.0, -4.8 ] ] ], [ [ [ 36.3, -4.6 ], [ 36.3, -4.7 ], [ 36.2, -4.7 ], [ 36.2, -4.6 ], [ 36.3, -4.6 ] ] ], [ [ [ 36.2, -4.6 ], [ 36.1, -4.6 ], [ 36.1, -4.5 ], [ 36.2, -4.5 ], [ 36.2, -4.6 ] ] ], [ [ [ 38.2, -4.6 ], [ 38.1, -4.6 ], [ 38.0, -4.6 ], [ 38.0, -4.5 ], [ 38.1, -4.5 ], [ 38.2, -4.5 ], [ 38.2, -4.6 ] ] ], [ [ [ 35.9, -4.4 ], [ 36.0, -4.4 ], [ 36.1, -4.4 ], [ 36.1, -4.5 ], [ 36.0, -4.5 ], [ 36.0, -4.6 ], [ 35.9, -4.6 ], [ 35.8, -4.6 ], [ 35.8, -4.5 ], [ 35.9, -4.5 ], [ 35.9, -4.4 ] ] ], [ [ [ 36.3, -4.4 ], [ 36.3, -4.5 ], [ 36.2, -4.5 ], [ 36.2, -4.4 ], [ 36.3, -4.4 ] ] ], [ [ [ 37.6, -4.4 ], [ 37.7, -4.4 ], [ 37.7, -4.5 ], [ 37.6, -4.5 ], [ 37.6, -4.4 ] ] ], [ [ [ 36.1, -4.4 ], [ 36.1, -4.3 ], [ 36.2, -4.3 ], [ 36.2, -4.4 ], [ 36.1, -4.4 ] ] ], [ [ [ 36.1, -4.2 ], [ 36.1, -4.3 ], [ 36.0, -4.3 ], [ 36.0, -4.2 ], [ 36.1, -4.2 ] ] ], [ [ [ 36.1, -4.0 ], [ 36.1, -3.9 ], [ 36.2, -3.9 ], [ 36.2, -4.0 ], [ 36.2, -4.1 ], [ 36.1, -4.1 ], [ 36.1, -4.0 ] ] ], [ [ [ 37.8, -3.7 ], [ 37.8, -3.8 ], [ 37.7, -3.8 ], [ 37.8, -3.7 ] ] ], [ [ [ 35.7, -3.7 ], [ 35.8, -3.7 ], [ 35.8, -3.8 ], [ 35.7, -3.8 ], [ 35.7, -3.7 ] ] ], [ [ [ 35.8, -3.6 ], [ 35.8, -3.5 ], [ 35.8, -3.4 ], [ 35.9, -3.4 ], [ 35.9, -3.5 ], [ 35.9, -3.6 ], [ 35.9, -3.7 ], [ 35.8, -3.7 ], [ 35.7, -3.6 ], [ 35.8, -3.6 ] ] ], [ [ [ 36.2, -3.1 ], [ 36.2, -3.2 ], [ 36.1, -3.2 ], [ 36.1, -3.1 ], [ 36.2, -3.1 ] ] ], [ [ [ 35.9, -2.5 ], [ 36.0, -2.5 ], [ 36.0, -2.6 ], [ 35.9, -2.6 ], [ 35.9, -2.5 ] ] ], [ [ [ 36.1, -2.2 ], [ 36.1, -2.3 ], [ 36.1, -2.4 ], [ 36.1, -2.5 ], [ 36.0, -2.5 ], [ 36.0, -2.4 ], [ 36.0, -2.3 ], [ 36.0, -2.2 ], [ 36.1, -2.2 ] ] ], [ [ [ 36.2, -1.9 ], [ 36.3, -1.9 ], [ 36.3, -2.0 ], [ 36.2, -2.0 ], [ 36.2, -1.9 ] ] ] ] } },
{ "type": "Feature", "properties": { "BIOME_NAME": "Dry Forest, Savanna, Shrubland and Grassland" }, "geometry": { "type": "MultiPolygon", "coordinates": [ [ [ [ 23.2, -20.2 ], [ 23.2, -20.3 ], [ 23.1, -20.3 ], [ 23.1, -20.2 ], [ 23.2, -20.2 ] ] ], [ [ [ 22.2, -19.1 ], [ 22.2, -19.2 ], [ 22.2, -19.3 ], [ 22.1, -19.3 ], [ 22.1, -19.4 ], [ 22.1, -19.5 ], [ 22.1, -19.6 ], [ 22.1, -19.7 ], [ 22.1, -19.8 ], [ 22.2, -19.8 ], [ 22.2, -19.9 ], [ 22.3, -19.9 ], [ 22.3, -20.0 ], [ 22.4, -20.0 ], [ 22.4, -19.9 ], [ 22.5, -19.9 ], [ 22.6, -19.9 ], [ 22.6, -20.0 ], [ 22.7, -20.0 ], [ 22.8, -20.0 ], [ 22.8, -20.1 ], [ 22.9, -20.1 ], [ 22.9, -20.2 ], [ 22.9, -20.3 ], [ 23.0, -20.3 ], [ 23.0, -20.4 ], [ 22.9, -20.4 ], [ 22.8, -20.4 ], [ 22.8, -20.5 ], [ 22.7, -20.5 ], [ 22.6, -20.6 ], [ 22.5, -20.6 ], [ 22.4, -20.6 ], [ 22.4, -20.7 ], [ 22.3, -20.7 ], [ 22.3, -20.8 ], [ 22.3, -20.9 ], [ 22.2, -20.9 ], [ 22.2, -21.0 ], [ 22.2, -21.1 ], [ 22.1, -21.1 ], [ 22.1, -21.2 ], [ 22.0, -21.2 ], [ 22.0, -21.3 ], [ 21.9, -21.3 ], [ 21.8, -21.3 ], [ 21.8, -21.4 ], [ 21.7, -21.4 ], [ 21.6, -21.5 ], [ 21.5, -21.5 ], [ 21.4, -21.6 ], [ 21.3, -21.6 ], [ 21.2, -21.6 ], [ 21.2, -21.7 ], [ 21.1, -21.7 ], [ 21.0, -21.7 ], [ 20.9, -21.7 ], [ 20.8, -21.7 ], [ 20.7, -21.6 ], [ 20.6, -21.6 ], [ 20.5, -21.6 ], [ 20.4, -21.6 ], [ 20.3, -21.5 ], [ 20.2, -21.5 ], [ 20.1, -21.4 ], [ 20.0, -21.5 ], [ 19.9, -21.5 ], [ 19.8, -21.5 ], [ 19.5, -21.4 ], [ 19.4, -21.4 ], [ 19.2, -21.2 ], [ 18.9, -21.1 ], [ 18.8, -21.0 ], [ 18.7, -20.9 ], [ 18.6, -20.7 ], [ 18.6, -20.6 ], [ 18.5, -20.6 ], [ 18.4, -20.5 ], [ 18.2, -20.4 ], [ 18.0, -20.3 ], [ 17.9, -20.2 ], [ 17.8, -20.2 ], [ 17.7, -20.3 ], [ 17.6, -20.3 ], [ 17.5, -20.3 ], [ 17.5, -20.4 ], [ 17.3, -20.5 ], [ 17.2, -20.5 ], [ 17.1, -20.5 ], [ 17.1, -20.4 ], [ 17.2, -20.3 ], [ 17.3, -20.2 ], [ 17.4, -20.1 ], [ 17.7, -19.9 ], [ 17.9, -19.8 ], [ 18.1, -19.8 ], [ 18.2, -19.8 ], [ 18.2, -19.7 ], [ 18.1, -19.7 ], [ 18.0, -19.7 ], [ 17.9, -19.7 ], [ 17.8, -19.8 ], [ 17.7, -19.8 ], [ 17.5, -19.7 ], [ 17.3, -19.8 ], [ 17.2, -19.8 ], [ 17.2, -19.6 ], [ 17.0, -19.7 ], [ 16.8, -19.7 ], [ 16.8, -19.8 ], [ 16.7, -19.8 ], [ 16.6, -19.8 ], [ 16.6, -20.0 ], [ 16.5, -20.0 ], [ 16.4, -20.0 ], [ 16.3, -20.1 ], [ 16.2, -20.1 ], [ 16.1, -20.2 ], [ 16.0, -20.2 ], [ 15.9, -20.2 ], [ 16.0, -20.3 ], [ 15.9, -20.4 ], [ 15.9, -20.5 ], [ 15.8, -20.6 ], [ 15.7, -20.7 ], [ 15.8, -20.9 ], [ 15.7, -21.0 ], [ 15.6, -21.0 ], [ 15.8, -21.2 ], [ 16.0, -21.4 ], [ 16.2, -21.7 ], [ 16.1, -21.9 ], [ 16.2, -22.0 ], [ 16.5, -22.0 ], [ 16.7, -22.1 ], [ 16.5, -22.3 ], [ 16.4, -22.2 ], [ 16.4, -22.4 ], [ 16.2, -22.5 ], [ 16.0, -22.7 ], [ 16.1, -22.9 ], [ 16.3, -23.0 ], [ 16.4, -23.1 ], [ 16.4, -23.2 ], [ 16.3, -23.3 ], [ 16.3, -23.4 ], [ 16.2, -23.4 ], [ 16.1, -23.5 ], [ 16.0, -23.3 ], [ 16.0, -23.2 ], [ 15.9, -23.1 ], [ 15.8, -23.0 ], [ 15.8, -22.8 ], [ 15.7, -22.8 ], [ 15.8, -22.7 ], [ 15.9, -22.7 ], [ 15.9, -22.6 ], [ 16.0, -22.6 ], [ 16.0, -22.5 ], [ 16.0, -22.3 ], [ 15.7, -22.3 ], [ 15.6, -22.2 ], [ 15.7, -22.0 ], [ 15.6, -21.9 ], [ 15.6, -22.0 ], [ 15.5, -22.1 ], [ 15.4, -22.0 ], [ 15.4, -21.9 ], [ 15.2, -21.8 ], [ 15.3, -21.7 ], [ 15.3, -21.3 ], [ 15.2, -21.3 ], [ 15.1, -21.2 ], [ 15.0, -21.2 ], [ 14.9, -21.1 ], [ 14.8, -21.1 ], [ 14.9, -21.0 ], [ 15.0, -21.1 ], [ 15.0, -21.0 ], [ 15.0, -20.9 ], [ 15.1, -20.8 ], [ 15.0, -20.8 ], [ 14.9, -20.8 ], [ 14.8, -20.8 ], [ 14.9, -20.9 ], [ 14.8, -20.9 ], [ 14.6, -21.0 ], [ 14.6, -20.9 ], [ 14.5, -20.8 ], [ 14.6, -20.8 ], [ 14.6, -20.6 ], [ 14.7, -20.6 ], [ 14.8, -20.5 ], [ 14.7, -20.4 ], [ 14.6, -20.4 ], [ 14.5, -20.4 ], [ 14.5, -20.3 ], [ 14.5, -20.2 ], [ 14.4, -20.2 ], [ 14.3, -20.1 ], [ 14.3, -20.0 ], [ 14.2, -20.1 ], [ 14.2, -20.0 ], [ 14.2, -19.9 ], [ 14.3, -19.9 ], [ 14.3, -19.8 ], [ 14.3, -19.7 ], [ 14.2, -19.7 ], [ 14.1, -19.7 ], [ 14.1, -19.6 ], [ 14.1, -19.5 ], [ 14.1, -19.4 ], [ 14.0, -19.5 ], [ 13.9, -19.5 ], [ 13.8, -19.5 ], [ 13.7, -19.5 ], [ 13.7, -19.4 ], [ 13.6, -19.4 ], [ 13.5, -19.4 ], [ 13.4, -19.4 ], [ 13.4, -19.3 ], [ 13.4, -19.2 ], [ 13.3, -19.2 ], [ 13.4, -19.1 ], [ 13.5, -19.1 ], [ 13.5, -19.0 ], [ 13.4, -19.0 ], [ 13.4, -18.9 ], [ 13.3, -18.9 ], [ 13.2, -19.0 ], [ 13.1, -19.0 ], [ 13.1, -18.9 ], [ 13.2, -18.8 ], [ 13.1, -18.8 ], [ 13.0, -18.7 ], [ 12.9, -18.6 ], [ 12.8, -18.5 ], [ 12.8, -18.4 ], [ 12.8, -18.3 ], [ 12.7, -18.3 ], [ 12.7, -18.2 ], [ 12.6, -18.2 ], [ 12.5, -18.1 ], [ 12.5, -18.0 ], [ 12.5, -17.9 ], [ 12.4, -17.8 ], [ 12.5, -17.8 ], [ 12.6, -17.8 ], [ 12.7, -17.9 ], [ 12.7, -17.8 ], [ 12.7, -17.7 ], [ 12.7, -17.6 ], [ 12.6, -17.5 ], [ 12.5, -17.4 ], [ 12.5, -17.3 ], [ 12.5, -17.2 ], [ 12.6, -17.2 ], [ 12.7, -17.2 ], [ 12.7, -17.1 ], [ 12.8, -17.1 ], [ 12.9, -17.1 ], [ 12.9, -17.0 ], [ 13.0, -17.0 ], [ 13.1, -17.0 ], [ 13.2, -17.0 ], [ 13.2, -16.9 ], [ 13.2, -16.8 ], [ 13.2, -16.7 ], [ 13.2, -16.6 ], [ 13.2, -16.5 ], [ 13.2, -16.4 ], [ 13.2, -16.3 ], [ 13.3, -16.3 ], [ 13.3, -16.2 ], [ 13.2, -16.2 ], [ 13.2, -16.1 ], [ 13.1, -16.1 ], [ 13.1, -16.0 ], [ 13.1, -15.9 ], [ 13.1, -15.8 ], [ 13.1, -15.7 ], [ 13.1, -15.6 ], [ 13.1, -15.5 ], [ 13.1, -15.4 ], [ 13.0, -15.3 ], [ 13.0, -15.2 ], [ 13.0, -15.1 ], [ 13.0, -15.0 ], [ 12.9, -15.0 ], [ 12.9, -14.9 ], [ 12.9, -14.8 ], [ 12.9, -14.7 ], [ 12.9, -14.6 ], [ 13.0, -14.6 ], [ 13.0, -14.5 ], [ 13.0, -14.4 ], [ 13.0, -14.3 ], [ 13.1, -14.2 ], [ 13.1, -14.1 ], [ 13.2, -14.1 ], [ 13.2, -14.0 ], [ 13.3, -14.0 ], [ 13.3, -13.9 ], [ 13.4, -13.9 ], [ 13.4, -13.8 ], [ 13.4, -13.7 ], [ 13.3, -13.7 ], [ 13.3, -13.6 ], [ 13.3, -13.5 ], [ 13.4, -13.5 ], [ 13.4, -13.6 ], [ 13.5, -13.6 ], [ 13.5, -13.5 ], [ 13.6, -13.5 ], [ 13.6, -13.4 ], [ 13.6, -13.3 ], [ 13.6, -13.2 ], [ 13.7, -13.2 ], [ 13.8, -13.2 ], [ 13.9, -13.2 ], [ 13.9, -13.1 ], [ 13.9, -13.0 ], [ 13.9, -12.9 ], [ 13.9, -12.8 ], [ 13.9, -12.7 ], [ 13.9, -12.6 ], [ 14.0, -12.5 ], [ 14.0, -12.4 ], [ 14.1, -12.3 ], [ 14.1, -12.2 ], [ 14.1, -12.1 ], [ 14.0, -12.0 ], [ 13.8, -12.0 ], [ 13.8, -11.9 ], [ 13.8, -11.8 ], [ 13.8, -11.7 ], [ 13.8, -11.6 ], [ 13.8, -11.5 ], [ 13.8, -11.4 ], [ 13.8, -11.3 ], [ 13.8, -11.2 ], [ 13.8, -11.1 ], [ 13.9, -11.1 ], [ 13.9, -11.0 ], [ 13.9, -10.9 ], [ 13.8, -10.9 ], [ 13.8, -10.8 ], [ 13.7, -10.8 ], [ 13.7, -10.7 ], [ 13.8, -10.7 ], [ 13.8, -10.6 ], [ 13.7, -10.6 ], [ 13.7, -10.5 ], [ 13.6, -10.5 ], [ 13.6, -10.4 ], [ 13.5, -10.4 ], [ 13.5, -10.3 ], [ 13.5, -10.2 ], [ 13.4, -10.1 ], [ 13.4, -10.0 ], [ 13.3, -10.0 ], [ 13.3, -9.9 ], [ 13.3, -9.8 ], [ 13.2, -9.7 ], [ 13.2, -9.6 ], [ 13.2, -9.5 ], [ 13.2, -9.4 ], [ 13.2, -9.3 ], [ 13.1, -9.3 ], [ 13.1, -9.2 ], [ 13.0, -9.2 ], [ 13.0, -9.1 ], [ 13.1, -9.1 ], [ 13.1, -9.0 ], [ 13.0, -9.0 ], [ 13.1, -8.9 ], [ 13.2, -8.9 ], [ 13.2, -8.8 ], [ 13.3, -8.8 ], [ 13.4, -8.8 ], [ 13.4, -8.7 ], [ 13.4, -8.6 ], [ 13.4, -8.5 ], [ 13.4, -8.4 ], [ 13.4, -8.3 ], [ 13.3, -8.3 ], [ 13.3, -8.2 ], [ 13.3, -8.1 ], [ 13.2, -8.1 ], [ 13.2, -8.0 ], [ 13.2, -7.9 ], [ 13.1, -7.9 ], [ 13.1, -7.8 ], [ 13.1, -7.7 ], [ 13.0, -7.7 ], [ 13.0, -7.6 ], [ 13.0, -7.5 ], [ 12.9, -7.4 ], [ 12.9, -7.3 ], [ 12.9, -7.2 ], [ 12.8, -7.2 ], [ 12.8, -7.1 ], [ 12.8, -7.0 ], [ 12.8, -6.9 ], [ 12.7, -6.9 ], [ 12.7, -6.8 ], [ 12.6, -6.7 ], [ 12.6, -6.6 ], [ 12.5, -6.6 ], [ 12.5, -6.5 ], [ 12.4, -6.4 ], [ 12.4, -6.3 ], [ 12.3, -6.2 ], [ 12.4, -6.2 ], [ 12.5, -6.2 ], [ 12.6, -6.2 ], [ 12.7, -6.2 ], [ 12.8, -6.2 ], [ 12.8, -6.1 ], [ 12.9, -6.1 ], [ 13.0, -6.0 ], [ 13.1, -6.0 ], [ 13.1, -5.9 ], [ 13.2, -5.9 ], [ 13.1, -5.8 ], [ 13.0, -5.8 ], [ 12.9, -5.8 ], [ 12.8, -5.9 ], [ 12.7, -5.9 ], [ 12.6, -5.9 ], [ 12.5, -5.9 ], [ 12.4, -5.9 ], [ 12.3, -5.9 ], [ 12.2, -5.8 ], [ 12.2, -5.7 ], [ 12.1, -5.7 ], [ 12.1, -5.6 ], [ 12.2, -5.6 ], [ 12.2, -5.5 ], [ 12.2, -5.4 ], [ 12.2, -5.3 ], [ 12.1, -5.2 ], [ 12.1, -5.1 ], [ 12.0, -5.1 ], [ 12.0, -5.0 ], [ 11.9, -4.9 ], [ 11.9, -4.8 ], [ 11.8, -4.8 ], [ 11.8, -4.7 ], [ 11.8, -4.6 ], [ 11.8, -4.5 ], [ 11.7, -4.5 ], [ 11.7, -4.4 ], [ 11.6, -4.4 ], [ 11.5, -4.3 ], [ 11.4, -4.2 ], [ 11.4, -4.1 ], [ 11.3, -4.1 ], [ 11.3, -4.0 ], [ 11.2, -4.0 ], [ 11.2, -3.9 ], [ 11.1, -3.9 ], [ 11.0, -3.8 ], [ 11.0, -3.7 ], [ 10.9, -3.7 ], [ 10.9, -3.6 ], [ 11.0, -3.6 ], [ 11.1, -3.6 ], [ 11.2, -3.7 ], [ 11.3, -3.7 ], [ 11.4, -3.8 ], [ 11.5, -4.0 ], [ 11.7, -4.1 ], [ 11.8, -4.2 ], [ 11.9, -4.3 ], [ 12.0, -4.4 ], [ 12.1, -4.4 ], [ 12.2, -4.5 ], [ 12.3, -4.6 ], [ 12.4, -4.7 ], [ 12.5, -4.8 ], [ 12.5, -5.0 ], [ 12.5, -5.1 ], [ 12.5, -5.2 ], [ 12.5, -5.3 ], [ 12.5, -5.4 ], [ 12.6, -5.5 ], [ 12.6, -5.6 ], [ 12.7, -5.7 ], [ 12.8, -5.7 ], [ 12.9, -5.7 ], [ 13.0, -5.7 ], [ 13.0, -5.6 ], [ 13.1, -5.6 ], [ 13.2, -5.5 ], [ 13.3, -5.4 ], [ 13.4, -5.4 ], [ 13.5, -5.3 ], [ 13.5, -5.2 ], [ 13.5, -5.1 ], [ 13.6, -5.1 ], [ 13.6, -5.0 ], [ 13.5, -4.9 ], [ 13.4, -4.8 ], [ 13.3, -4.7 ], [ 13.2, -4.6 ], [ 13.1, -4.6 ], [ 13.0, -4.5 ], [ 12.9, -4.5 ], [ 12.8, -4.5 ], [ 12.7, -4.4 ], [ 12.6, -4.3 ], [ 12.5, -4.2 ], [ 12.3, -4.2 ], [ 12.2, -4.1 ], [ 12.1, -4.0 ], [ 12.0, -3.9 ], [ 12.0, -3.8 ], [ 11.9, -3.8 ], [ 11.8, -3.7 ], [ 11.7, -3.6 ], [ 11.6, -3.5 ], [ 11.5, -3.3 ], [ 11.4, -3.2 ], [ 11.3, -3.1 ], [ 11.1, -3.1 ], [ 11.0, -3.0 ], [ 10.9, -3.0 ], [ 10.9, -2.9 ], [ 10.8, -2.9 ], [ 10.8, -2.8 ], [ 10.7, -2.8 ], [ 10.7, -2.7 ], [ 10.7, -2.6 ], [ 10.7, -2.5 ], [ 10.8, -2.4 ], [ 10.8, -2.3 ], [ 10.9, -2.4 ], [ 11.0, -2.4 ], [ 11.1, -2.5 ], [ 11.1, -2.6 ], [ 11.3, -2.7 ], [ 11.4, -2.8 ], [ 11.5, -2.8 ], [ 11.6, -2.9 ], [ 11.7, -2.9 ], [ 11.7, -2.8 ], [ 11.7, -2.7 ], [ 11.6, -2.7 ], [ 11.5, -2.6 ], [ 11.4, -2.5 ], [ 11.4, -2.4 ], [ 11.3, -2.3 ], [ 11.2, -2.3 ], [ 11.1, -2.2 ], [ 11.0, -2.1 ], [ 10.9, -2.1 ], [ 10.9, -2.0 ], [ 10.8, -1.9 ], [ 10.7, -1.8 ], [ 10.7, -1.6 ], [ 10.7, -1.5 ], [ 10.8, -1.5 ], [ 10.9, -1.5 ], [ 11.0, -1.6 ], [ 11.1, -1.7 ], [ 11.2, -1.9 ], [ 11.3, -2.0 ], [ 11.4, -2.1 ], [ 11.5, -2.1 ], [ 11.5, -2.2 ], [ 11.6, -2.2 ], [ 11.6, -2.3 ], [ 11.7, -2.3 ], [ 11.7, -2.4 ], [ 11.8, -2.4 ], [ 11.8, -2.5 ], [ 11.9, -2.5 ], [ 11.9, -2.6 ], [ 12.0, -2.6 ], [ 12.0, -2.7 ], [ 12.1, -2.7 ], [ 12.1, -2.8 ], [ 12.2, -2.8 ], [ 12.2, -2.9 ], [ 12.3, -2.9 ], [ 12.3, -3.0 ], [ 12.4, -3.0 ], [ 12.4, -3.1 ], [ 12.4, -3.2 ], [ 12.5, -3.2 ], [ 12.5, -3.3 ], [ 12.6, -3.3 ], [ 12.6, -3.4 ], [ 12.7, -3.5 ], [ 12.7, -3.6 ], [ 12.8, -3.6 ], [ 12.8, -3.7 ], [ 12.9, -3.7 ], [ 12.9, -3.8 ], [ 13.0, -3.8 ], [ 13.0, -3.9 ], [ 13.1, -3.9 ], [ 13.1, -4.0 ], [ 13.2, -4.0 ], [ 13.3, -4.0 ], [ 13.3, -4.1 ], [ 13.4, -4.1 ], [ 13.5, -4.1 ], [ 13.6, -4.1 ], [ 13.7, -4.1 ], [ 13.7, -4.0 ], [ 13.8, -4.0 ], [ 13.8, -3.9 ], [ 13.8, -3.8 ], [ 13.8, -3.7 ], [ 13.7, -3.7 ], [ 13.7, -3.6 ], [ 13.7, -3.5 ], [ 13.7, -3.4 ], [ 13.6, -3.4 ], [ 13.6, -3.3 ], [ 13.5, -3.3 ], [ 13.5, -3.2 ], [ 13.5, -3.1 ], [ 13.4, -3.1 ], [ 13.4, -3.0 ], [ 13.4, -2.9 ], [ 13.3, -2.9 ], [ 13.3, -2.8 ], [ 13.3, -2.7 ], [ 13.2, -2.7 ], [ 13.2, -2.6 ], [ 13.2, -2.5 ], [ 13.1, -2.5 ], [ 13.1, -2.4 ], [ 13.1, -2.3 ], [ 13.0, -2.3 ], [ 13.0, -2.2 ], [ 13.0, -2.1 ], [ 12.9, -2.1 ], [ 12.9, -2.0 ], [ 12.8, -2.0 ], [ 12.8, -1.9 ], [ 12.7, -1.9 ], [ 12.7, -1.8 ], [ 12.6, -1.8 ], [ 12.6, -1.7 ], [ 12.6, -1.6 ], [ 12.5, -1.6 ], [ 12.5, -1.5 ], [ 12.4, -1.5 ], [ 12.4, -1.4 ], [ 12.5, -1.3 ], [ 12.6, -1.2 ], [ 12.7, -1.2 ], [ 12.8, -1.1 ], [ 13.0, -1.1 ], [ 13.1, -1.1 ], [ 13.2, -1.1 ], [ 13.3, -1.1 ], [ 13.4, -1.1 ], [ 13.5, -1.1 ], [ 13.6, -1.2 ], [ 13.7, -1.2 ], [ 13.9, -1.2 ], [ 14.0, -1.2 ], [ 14.1, -1.1 ], [ 14.2, -1.1 ], [ 14.2, -1.0 ], [ 14.2, -0.9 ], [ 14.1, -0.8 ], [ 14.1, -0.7 ], [ 14.0, -0.6 ], [ 14.0, -0.5 ], [ 14.1, -0.5 ], [ 14.1, -0.4 ], [ 14.2, -0.4 ], [ 14.2, -0.5 ], [ 14.3, -0.5 ], [ 14.3, -0.6 ], [ 14.4, -0.6 ], [ 14.5, -0.7 ], [ 14.6, -0.8 ], [ 14.7, -0.9 ], [ 14.7, -1.0 ], [ 14.8, -1.0 ], [ 14.9, -1.1 ], [ 15.1, -1.2 ], [ 15.1, -1.3 ], [ 15.3, -1.4 ], [ 15.3, -1.5 ], [ 15.4, -1.6 ], [ 15.5, -1.7 ], [ 15.6, -1.8 ], [ 15.7, -1.8 ], [ 15.8, -1.9 ], [ 15.9, -2.0 ], [ 16.0, -2.1 ], [ 16.1, -2.2 ], [ 16.1, -2.3 ], [ 16.1, -2.4 ], [ 16.2, -2.5 ], [ 16.2, -2.6 ], [ 16.2, -2.7 ], [ 16.3, -2.8 ], [ 16.3, -2.7 ], [ 16.3, -2.6 ], [ 16.3, -2.5 ], [ 16.3, -2.4 ], [ 16.3, -2.3 ], [ 16.4, -2.3 ], [ 16.5, -2.3 ], [ 16.6, -2.3 ], [ 16.7, -2.3 ], [ 16.8, -2.3 ], [ 16.9, -2.3 ], [ 17.0, -2.2 ], [ 17.1, -2.2 ], [ 17.2, -2.2 ], [ 17.3, -2.2 ], [ 17.4, -2.2 ], [ 17.5, -2.3 ], [ 17.6, -2.4 ], [ 17.7, -2.4 ], [ 17.7, -2.3 ], [ 17.6, -2.2 ], [ 17.6, -2.1 ], [ 17.7, -2.0 ], [ 17.8, -2.1 ], [ 17.9, -2.1 ], [ 18.0, -2.1 ], [ 18.0, -2.0 ], [ 18.1, -2.0 ], [ 18.1, -2.1 ], [ 18.2, -2.2 ], [ 18.2, -2.3 ], [ 18.3, -2.3 ], [ 18.3, -2.4 ], [ 18.3, -2.5 ], [ 18.3, -2.6 ], [ 18.3, -2.7 ], [ 18.3, -2.8 ], [ 18.3, -2.9 ], [ 18.3, -3.0 ], [ 18.3, -3.1 ], [ 18.3, -3.2 ], [ 18.3, -3.3 ], [ 18.4, -3.4 ], [ 18.4, -3.5 ], [ 18.5, -3.5 ], [ 18.5, -3.6 ], [ 18.6, -3.6 ], [ 18.7, -3.6 ], [ 18.8, -3.6 ], [ 18.8, -3.7 ], [ 18.9, -3.7 ], [ 19.0, -3.7 ], [ 19.0, -3.8 ], [ 19.1, -3.8 ], [ 19.2, -3.8 ], [ 19.2, -3.9 ], [ 19.3, -3.9 ], [ 19.4, -3.9 ], [ 19.4, -4.0 ], [ 19.5, -4.0 ], [ 19.6, -4.0 ], [ 19.6, -4.1 ], [ 19.7, -4.1 ], [ 19.8, -4.1 ], [ 19.9, -4.1 ], [ 19.9, -4.2 ], [ 20.0, -4.2 ], [ 20.1, -4.3 ], [ 20.2, -4.3 ], [ 20.3, -4.4 ], [ 20.4, -4.3 ], [ 20.5, -4.3 ], [ 20.5, -4.2 ], [ 20.6, -4.2 ], [ 20.7, -4.2 ], [ 20.7, -4.1 ], [ 20.8, -4.1 ], [ 20.9, -4.1 ], [ 21.0, -4.0 ], [ 21.1, -4.0 ], [ 21.2, -4.0 ], [ 21.3, -4.0 ], [ 21.4, -4.0 ], [ 21.5, -4.1 ], [ 21.6, -4.1 ], [ 21.6, -4.0 ], [ 21.7, -4.0 ], [ 21.8, -4.0 ], [ 21.9, -4.0 ], [ 22.0, -4.0 ], [ 22.1, -4.0 ], [ 22.2, -4.0 ], [ 22.3, -4.0 ], [ 22.4, -4.0 ], [ 22.5, -4.0 ], [ 22.6, -4.0 ], [ 22.7, -4.0 ], [ 22.6, -3.9 ], [ 22.6, -3.8 ], [ 22.7, -3.7 ], [ 22.8, -3.7 ], [ 22.9, -3.6 ], [ 23.0, -3.6 ], [ 23.1, -3.6 ], [ 23.2, -3.5 ], [ 23.3, -3.5 ], [ 23.3, -3.4 ], [ 23.3, -3.3 ], [ 23.4, -3.3 ], [ 23.5, -3.4 ], [ 23.5, -3.5 ], [ 23.6, -3.5 ], [ 23.7, -3.6 ], [ 23.7, -3.7 ], [ 23.8, -3.8 ], [ 23.9, -3.8 ], [ 24.0, -3.8 ], [ 24.1, -3.7 ], [ 24.2, -3.7 ], [ 24.3, -3.6 ], [ 24.4, -3.5 ], [ 24.5, -3.5 ], [ 24.6, -3.5 ], [ 24.8, -3.5 ], [ 24.9, -3.5 ], [ 25.0, -3.4 ], [ 25.0, -3.3 ], [ 25.0, -3.2 ], [ 25.1, -3.1 ], [ 25.1, -3.0 ], [ 25.1, -2.9 ], [ 25.2, -2.8 ], [ 25.2, -2.7 ], [ 25.3, -2.7 ], [ 25.4, -2.7 ], [ 25.5, -2.6 ], [ 25.6, -2.7 ], [ 25.7, -2.7 ], [ 25.8, -2.7 ], [ 25.9, -2.7 ], [ 26.0, -2.8 ], [ 26.0, -3.0 ], [ 26.1, -3.1 ], [ 26.1, -3.2 ], [ 26.2, -3.4 ], [ 26.3, -3.6 ], [ 26.4, -3.6 ], [ 26.5, -3.7 ], [ 26.7, -3.7 ], [ 26.8, -3.8 ], [ 26.9, -3.8 ], [ 27.1, -3.9 ], [ 27.2, -3.9 ], [ 27.3, -3.8 ], [ 27.4, -3.8 ], [ 27.5, -3.7 ], [ 27.6, -3.7 ], [ 27.6, -3.6 ], [ 27.7, -3.5 ], [ 27.8, -3.5 ], [ 27.9, -3.5 ], [ 28.0, -3.6 ], [ 28.0, -3.7 ], [ 27.9, -3.7 ], [ 27.9, -3.8 ], [ 28.0, -3.8 ], [ 28.0, -3.9 ], [ 28.0, -4.0 ], [ 28.1, -4.0 ], [ 28.2, -4.0 ], [ 28.2, -4.1 ], [ 28.3, -4.1 ], [ 28.4, -4.2 ], [ 28.4, -4.3 ], [ 28.5, -4.3 ], [ 28.5, -4.4 ], [ 28.6, -4.5 ], [ 28.6, -4.6 ], [ 28.7, -4.7 ], [ 28.8, -4.8 ], [ 28.8, -4.9 ], [ 28.9, -4.9 ], [ 28.9, -5.0 ], [ 29.0, -5.0 ], [ 29.0, -5.1 ], [ 29.0, -5.2 ], [ 29.0, -5.3 ], [ 29.1, -5.3 ], [ 29.0, -5.4 ], [ 28.9, -5.4 ], [ 28.9, -5.5 ], [ 29.0, -5.5 ], [ 29.0, -5.6 ], [ 29.1, -5.6 ], [ 29.1, -5.5 ], [ 29.2, -5.6 ], [ 29.3, -5.7 ], [ 29.3, -5.8 ], [ 29.3, -5.9 ], [ 29.2, -5.9 ], [ 29.2, -6.0 ], [ 29.2, -6.1 ], [ 29.1, -6.1 ], [ 29.0, -6.1 ], [ 28.9, -6.1 ], [ 28.8, -6.1 ], [ 28.8, -6.2 ], [ 28.8, -6.3 ], [ 28.9, -6.4 ], [ 28.9, -6.5 ], [ 28.9, -6.6 ], [ 28.9, -6.7 ], [ 28.9, -6.9 ], [ 28.9, -7.0 ], [ 28.9, -7.1 ], [ 28.8, -7.2 ], [ 28.7, -7.3 ], [ 28.7, -7.4 ], [ 28.7, -7.5 ], [ 28.7, -7.6 ], [ 28.7, -7.7 ], [ 28.8, -7.8 ], [ 28.9, -7.8 ], [ 29.0, -7.8 ], [ 29.0, -7.9 ], [ 29.1, -7.9 ], [ 29.1, -8.0 ], [ 29.2, -8.0 ], [ 29.3, -8.0 ], [ 29.3, -7.9 ], [ 29.4, -7.9 ], [ 29.4, -7.8 ], [ 29.5, -7.8 ], [ 29.6, -7.8 ], [ 29.6, -7.9 ], [ 29.6, -8.0 ], [ 29.6, -8.1 ], [ 29.7, -8.0 ], [ 29.8, -8.0 ], [ 29.9, -7.9 ], [ 29.9, -8.0 ], [ 30.0, -8.0 ], [ 30.1, -8.0 ], [ 30.1, -7.9 ], [ 30.1, -7.8 ], [ 30.2, -7.8 ], [ 30.3, -7.8 ], [ 30.3, -7.9 ], [ 30.4, -7.9 ], [ 30.4, -8.0 ], [ 30.5, -8.0 ], [ 30.5, -8.1 ], [ 30.6, -8.1 ], [ 30.6, -8.2 ], [ 30.6, -8.3 ], [ 30.5, -8.3 ], [ 30.5, -8.4 ], [ 30.5, -8.5 ], [ 30.6, -8.5 ], [ 30.7, -8.5 ], [ 30.7, -8.6 ], [ 30.8, -8.6 ], [ 30.9, -8.6 ], [ 30.9, -8.7 ], [ 31.0, -8.7 ], [ 31.0, -8.8 ], [ 31.1, -8.8 ], [ 31.1, -8.7 ], [ 31.2, -8.7 ], [ 31.2, -8.6 ], [ 31.2, -8.5 ], [ 31.2, -8.4 ], [ 31.1, -8.4 ], [ 31.1, -8.3 ], [ 31.0, -8.3 ], [ 31.0, -8.2 ], [ 31.0, -8.1 ], [ 30.9, -8.1 ], [ 30.9, -8.0 ], [ 30.9, -7.9 ], [ 30.8, -7.9 ], [ 30.8, -7.8 ], [ 30.8, -7.7 ], [ 30.7, -7.7 ], [ 30.7, -7.6 ], [ 30.6, -7.6 ], [ 30.6, -7.5 ], [ 30.6, -7.4 ], [ 30.6, -7.3 ], [ 30.5, -7.3 ], [ 30.5, -7.2 ], [ 30.5, -7.1 ], [ 30.6, -7.1 ], [ 30.6, -7.0 ], [ 30.5, -7.0 ], [ 30.5, -6.9 ], [ 30.4, -6.9 ], [ 30.4, -6.8 ], [ 30.4, -6.7 ], [ 30.3, -6.7 ], [ 30.3, -6.6 ], [ 30.2, -6.6 ], [ 30.2, -6.5 ], [ 30.1, -6.5 ], [ 30.0, -6.5 ], [ 29.9, -6.5 ], [ 29.9, -6.4 ], [ 30.0, -6.4 ], [ 30.0, -6.3 ], [ 29.9, -6.3 ], [ 29.9, -6.2 ], [ 29.8, -6.2 ], [ 29.8, -6.1 ], [ 29.7, -6.1 ], [ 29.7, -6.0 ], [ 29.8, -6.0 ], [ 29.9, -6.0 ], [ 29.9, -5.9 ], [ 29.9, -5.8 ], [ 29.9, -5.7 ], [ 29.9, -5.6 ], [ 29.8, -5.6 ], [ 29.8, -5.5 ], [ 29.7, -5.5 ], [ 29.7, -5.4 ], [ 29.8, -5.4 ], [ 29.8, -5.3 ], [ 29.8, -5.2 ], [ 29.8, -5.1 ], [ 29.8, -5.0 ], [ 29.7, -5.0 ], [ 29.7, -4.9 ], [ 29.6, -4.9 ], [ 29.6, -4.8 ], [ 29.6, -4.7 ], [ 29.6, -4.6 ], [ 29.6, -4.5 ], [ 29.7, -4.5 ], [ 29.7, -4.4 ], [ 29.6, -4.4 ], [ 29.6, -4.3 ], [ 29.6, -4.2 ], [ 29.5, -4.2 ], [ 29.5, -4.1 ], [ 29.5, -4.0 ], [ 29.4, -4.0 ], [ 29.4, -3.9 ], [ 29.4, -3.8 ], [ 29.5, -3.8 ], [ 29.6, -3.8 ], [ 29.6, -3.9 ], [ 29.6, -4.0 ], [ 29.6, -4.1 ], [ 29.7, -4.1 ], [ 29.8, -4.1 ], [ 29.9, -4.1 ], [ 29.9, -4.0 ], [ 30.0, -4.0 ], [ 30.0, -3.9 ], [ 30.0, -3.8 ], [ 30.1, -3.8 ], [ 30.1, -3.9 ], [ 30.2, -3.9 ], [ 30.2, -3.8 ], [ 30.2, -3.7 ], [ 30.1, -3.7 ], [ 30.1, -3.6 ], [ 30.1, -3.5 ], [ 30.0, -3.5 ], [ 30.0, -3.4 ], [ 30.0, -3.3 ], [ 30.0, -3.2 ], [ 29.9, -3.2 ], [ 29.8, -3.2 ], [ 29.8, -3.1 ], [ 29.8, -3.0 ], [ 29.8, -2.9 ], [ 29.8, -2.8 ], [ 29.8, -2.7 ], [ 29.9, -2.7 ], [ 29.9, -2.6 ], [ 29.8, -2.6 ], [ 29.8, -2.5 ], [ 29.8, -2.4 ], [ 29.8, -2.3 ], [ 29.8, -2.2 ], [ 29.8, -2.1 ], [ 29.9, -2.1 ], [ 29.9, -2.0 ], [ 30.0, -2.0 ], [ 30.0, -1.9 ], [ 29.9, -1.9 ], [ 29.9, -1.8 ], [ 30.0, -1.8 ], [ 30.1, -1.8 ], [ 30.2, -1.8 ], [ 30.2, -1.7 ], [ 30.3, -1.7 ], [ 30.3, -1.6 ], [ 30.2, -1.6 ], [ 30.2, -1.5 ], [ 30.2, -1.4 ], [ 30.2, -1.3 ], [ 30.2, -1.2 ], [ 30.2, -1.1 ], [ 30.1, -1.1 ], [ 30.1, -1.0 ], [ 30.1, -0.9 ], [ 30.2, -0.9 ], [ 30.3, -0.9 ], [ 30.4, -0.9 ], [ 30.5, -0.9 ], [ 30.5, -1.0 ], [ 30.6, -1.0 ], [ 30.7, -1.0 ], [ 30.7, -0.9 ], [ 30.8, -0.9 ], [ 30.8, -0.8 ], [ 30.7, -0.8 ], [ 30.7, -0.7 ], [ 30.6, -0.7 ], [ 30.5, -0.7 ], [ 30.5, -0.6 ], [ 30.4, -0.6 ], [ 30.4, -0.5 ], [ 30.5, -0.5 ], [ 30.5, -0.4 ], [ 30.5, -0.3 ], [ 30.5, -0.2 ], [ 30.5, -0.1 ], [ 30.5, 0.0 ], [ 30.4, 0.0 ], [ 30.3, 0.0 ], [ 30.3, -0.1 ], [ 30.3, -0.2 ], [ 30.2, -0.2 ], [ 30.1, -0.2 ], [ 30.1, -0.3 ], [ 30.0, -0.3 ], [ 29.9, -0.2 ], [ 29.9, -0.3 ], [ 29.9, -0.4 ], [ 29.9, -0.5 ], [ 29.8, -0.5 ], [ 29.8, -0.6 ], [ 29.7, -0.6 ], [ 29.7, -0.7 ], [ 29.6, -0.7 ], [ 29.6, -0.8 ], [ 29.6, -0.9 ], [ 29.6, -1.0 ], [ 29.6, -1.1 ], [ 29.6, -1.2 ], [ 29.6, -1.3 ], [ 29.5, -1.3 ], [ 29.4, -1.3 ], [ 29.3, -1.3 ], [ 29.3, -1.2 ], [ 29.3, -1.1 ], [ 29.4, -1.1 ], [ 29.4, -1.0 ], [ 29.3, -1.0 ], [ 29.3, -0.9 ], [ 29.2, -0.9 ], [ 29.2, -0.8 ], [ 29.2, -0.7 ], [ 29.3, -0.7 ], [ 29.3, -0.6 ], [ 29.3, -0.5 ], [ 29.3, -0.4 ], [ 29.4, -0.4 ], [ 29.4, -0.3 ], [ 29.5, -0.2 ], [ 29.5, -0.1 ], [ 29.5, 0.0 ], [ 29.5, 0.1 ], [ 29.6, 0.1 ], [ 29.7, 0.1 ], [ 29.7, 0.0 ], [ 29.8, 0.0 ], [ 29.9, 0.0 ], [ 30.0, 0.0 ], [ 30.0, 0.1 ], [ 30.0, 0.2 ], [ 30.1, 0.2 ], [ 30.1, 0.3 ], [ 30.2, 0.3 ], [ 30.2, 0.4 ], [ 30.3, 0.4 ], [ 30.3, 0.3 ], [ 30.4, 0.2 ], [ 30.4, 0.3 ], [ 30.4, 0.4 ], [ 30.5, 0.4 ], [ 30.5, 0.5 ], [ 30.6, 0.5 ], [ 30.7, 0.5 ], [ 30.7, 0.6 ], [ 30.6, 0.6 ], [ 30.6, 0.7 ], [ 30.7, 0.7 ], [ 30.8, 0.7 ], [ 30.8, 0.6 ], [ 30.9, 0.6 ], [ 30.9, 0.5 ], [ 31.0, 0.5 ], [ 31.1, 0.5 ], [ 31.1, 0.4 ], [ 31.2, 0.4 ], [ 31.3, 0.4 ], [ 31.3, 0.5 ], [ 31.4, 0.5 ], [ 31.5, 0.5 ], [ 31.5, 0.6 ], [ 31.5, 0.7 ], [ 31.5, 0.8 ], [ 31.4, 0.8 ], [ 31.4, 0.9 ], [ 31.5, 0.9 ], [ 31.5, 1.0 ], [ 31.4, 1.0 ], [ 31.3, 1.0 ], [ 31.3, 1.1 ], [ 31.3, 1.2 ], [ 31.2, 1.2 ], [ 31.2, 1.3 ], [ 31.3, 1.3 ], [ 31.4, 1.3 ], [ 31.4, 1.2 ], [ 31.5, 1.2 ], [ 31.5, 1.3 ], [ 31.5, 1.4 ], [ 31.5, 1.5 ], [ 31.6, 1.5 ], [ 31.6, 1.6 ], [ 31.7, 1.6 ], [ 31.8, 1.6 ], [ 31.8, 1.7 ], [ 31.9, 1.7 ], [ 31.9, 1.8 ], [ 32.0, 1.8 ], [ 32.1, 1.9 ], [ 32.1, 2.0 ], [ 32.0, 2.0 ], [ 31.9, 2.0 ], [ 31.8, 2.0 ], [ 31.8, 1.9 ], [ 31.7, 1.9 ], [ 31.7, 1.8 ], [ 31.6, 1.8 ], [ 31.6, 1.9 ], [ 31.5, 1.9 ], [ 31.5, 1.8 ], [ 31.4, 1.8 ], [ 31.4, 1.9 ], [ 31.4, 2.0 ], [ 31.4, 2.1 ], [ 31.4, 2.2 ], [ 31.4, 2.3 ], [ 31.3, 2.3 ], [ 31.3, 2.2 ], [ 31.2, 2.2 ], [ 31.2, 2.1 ], [ 31.2, 2.0 ], [ 31.1, 2.0 ], [ 31.0, 2.0 ], [ 31.0, 1.9 ], [ 30.9, 1.9 ], [ 30.9, 1.8 ], [ 30.8, 1.8 ], [ 30.8, 1.9 ], [ 30.9, 2.0 ], [ 31.0, 2.1 ], [ 31.1, 2.2 ], [ 31.0, 2.3 ], [ 31.0, 2.4 ], [ 31.0, 2.5 ], [ 30.9, 2.5 ], [ 30.9, 2.6 ], [ 30.9, 2.7 ], [ 30.9, 2.8 ], [ 30.8, 2.8 ], [ 30.8, 2.7 ], [ 30.8, 2.6 ], [ 30.7, 2.6 ], [ 30.6, 2.6 ], [ 30.6, 2.5 ], [ 30.6, 2.4 ], [ 30.5, 2.4 ], [ 30.4, 2.3 ], [ 30.3, 2.3 ], [ 30.3, 2.2 ], [ 30.3, 2.1 ], [ 30.3, 2.0 ], [ 30.3, 1.9 ], [ 30.3, 1.8 ], [ 30.4, 1.8 ], [ 30.4, 1.7 ], [ 30.4, 1.6 ], [ 30.5, 1.6 ], [ 30.5, 1.5 ], [ 30.5, 1.4 ], [ 30.4, 1.4 ], [ 30.4, 1.3 ], [ 30.4, 1.2 ], [ 30.5, 1.2 ], [ 30.5, 1.1 ], [ 30.5, 1.0 ], [ 30.5, 0.9 ], [ 30.4, 0.9 ], [ 30.4, 0.8 ], [ 30.3, 0.8 ], [ 30.2, 0.8 ], [ 30.1, 0.8 ], [ 30.1, 0.7 ], [ 30.0, 0.7 ], [ 30.0, 0.6 ], [ 29.9, 0.6 ], [ 29.9, 0.7 ], [ 29.9, 0.8 ], [ 29.9, 0.9 ], [ 29.9, 1.0 ], [ 29.9, 1.1 ], [ 29.8, 1.2 ], [ 29.9, 1.2 ], [ 29.9, 1.3 ], [ 30.0, 1.3 ], [ 30.0, 1.4 ], [ 30.1, 1.5 ], [ 30.0, 1.6 ], [ 29.9, 1.6 ], [ 29.9, 1.7 ], [ 30.0, 1.7 ], [ 30.1, 1.8 ], [ 30.1, 1.9 ], [ 30.2, 2.0 ], [ 30.1, 2.1 ], [ 30.1, 2.2 ], [ 30.1, 2.3 ], [ 30.0, 2.3 ], [ 30.0, 2.4 ], [ 29.9, 2.5 ], [ 29.9, 2.6 ], [ 29.8, 2.6 ], [ 29.8, 2.7 ], [ 29.7, 2.8 ], [ 29.7, 2.9 ], [ 29.6, 2.9 ], [ 29.6, 3.0 ], [ 29.5, 3.0 ], [ 29.4, 3.0 ], [ 29.3, 3.0 ], [ 29.3, 3.1 ], [ 29.4, 3.1 ], [ 29.3, 3.2 ], [ 29.2, 3.1 ], [ 29.1, 3.1 ], [ 29.0, 3.1 ], [ 29.0, 3.0 ], [ 28.9, 3.0 ], [ 28.9, 2.9 ], [ 28.8, 2.9 ], [ 28.8, 2.8 ], [ 28.7, 2.8 ], [ 28.7, 2.9 ], [ 28.7, 3.0 ], [ 28.7, 3.1 ], [ 28.7, 3.2 ], [ 28.7, 3.3 ], [ 28.8, 3.3 ], [ 28.7, 3.4 ], [ 28.7, 3.5 ], [ 28.7, 3.6 ], [ 28.6, 3.6 ], [ 28.6, 3.7 ], [ 28.5, 3.7 ], [ 28.5, 3.6 ], [ 28.4, 3.6 ], [ 28.4, 3.5 ], [ 28.3, 3.5 ], [ 28.3, 3.4 ], [ 28.3, 3.3 ], [ 28.3, 3.2 ], [ 28.3, 3.1 ], [ 28.2, 3.0 ], [ 28.1, 3.0 ], [ 28.1, 2.9 ], [ 28.0, 2.9 ], [ 27.9, 2.9 ], [ 27.8, 2.9 ], [ 27.8, 3.0 ], [ 27.8, 3.1 ], [ 27.9, 3.1 ], [ 27.9, 3.2 ], [ 27.9, 3.3 ], [ 27.9, 3.4 ], [ 27.8, 3.4 ], [ 27.7, 3.4 ], [ 27.6, 3.4 ], [ 27.5, 3.5 ], [ 27.4, 3.5 ], [ 27.4, 3.6 ], [ 27.3, 3.6 ], [ 27.3, 3.7 ], [ 27.2, 3.7 ], [ 27.2, 3.6 ], [ 27.2, 3.5 ], [ 27.2, 3.4 ], [ 27.2, 3.3 ], [ 27.1, 3.3 ], [ 27.1, 3.2 ], [ 27.1, 3.1 ], [ 27.0, 3.1 ], [ 26.9, 3.1 ], [ 26.8, 3.1 ], [ 26.7, 3.1 ], [ 26.6, 3.2 ], [ 26.5, 3.2 ], [ 26.5, 3.3 ], [ 26.5, 3.4 ], [ 26.4, 3.5 ], [ 26.4, 3.6 ], [ 26.4, 3.7 ], [ 26.3, 3.7 ], [ 26.2, 3.7 ], [ 26.2, 3.6 ], [ 26.1, 3.6 ], [ 26.1, 3.5 ], [ 26.0, 3.5 ], [ 25.9, 3.5 ], [ 25.8, 3.4 ], [ 25.7, 3.4 ], [ 25.6, 3.5 ], [ 25.5, 3.5 ], [ 25.5, 3.6 ], [ 25.4, 3.6 ], [ 25.4, 3.7 ], [ 25.4, 3.8 ], [ 25.4, 3.9 ], [ 25.4, 4.0 ], [ 25.4, 4.1 ], [ 25.4, 4.2 ], [ 25.3, 4.2 ], [ 25.2, 4.2 ], [ 25.2, 4.3 ], [ 25.1, 4.3 ], [ 25.0, 4.2 ], [ 25.0, 4.1 ], [ 25.0, 4.0 ], [ 24.9, 4.0 ], [ 24.8, 4.0 ], [ 24.7, 4.0 ], [ 24.6, 4.0 ], [ 24.5, 4.0 ], [ 24.4, 4.0 ], [ 24.3, 4.0 ], [ 24.2, 4.0 ], [ 24.1, 4.0 ], [ 24.0, 4.1 ], [ 23.9, 4.1 ], [ 23.8, 4.1 ], [ 23.7, 4.1 ], [ 23.6, 4.2 ], [ 23.5, 4.2 ], [ 23.4, 4.2 ], [ 23.3, 4.2 ], [ 23.2, 4.2 ], [ 23.2, 4.3 ], [ 23.1, 4.3 ], [ 23.0, 4.3 ], [ 23.0, 4.4 ], [ 23.0, 4.5 ], [ 23.0, 4.6 ], [ 23.1, 4.6 ], [ 23.1, 4.7 ], [ 23.2, 4.7 ], [ 23.3, 4.7 ], [ 23.3, 4.8 ], [ 23.4, 4.8 ], [ 23.5, 4.8 ], [ 23.5, 4.9 ], [ 23.6, 4.9 ], [ 23.7, 4.9 ], [ 23.7, 5.0 ], [ 23.8, 5.0 ], [ 23.8, 5.1 ], [ 23.9, 5.1 ], [ 23.9, 5.2 ], [ 24.0, 5.3 ], [ 24.0, 5.4 ], [ 24.0, 5.5 ], [ 24.0, 5.6 ], [ 23.9, 5.7 ], [ 23.9, 5.6 ], [ 23.8, 5.6 ], [ 23.7, 5.7 ], [ 23.6, 5.7 ], [ 23.6, 5.8 ], [ 23.5, 5.8 ], [ 23.4, 5.8 ], [ 23.4, 5.7 ], [ 23.3, 5.7 ], [ 23.3, 5.8 ], [ 23.2, 5.8 ], [ 23.1, 5.8 ], [ 23.1, 5.7 ], [ 23.0, 5.6 ], [ 22.9, 5.6 ], [ 22.8, 5.6 ], [ 22.7, 5.6 ], [ 22.6, 5.5 ], [ 22.5, 5.5 ], [ 22.4, 5.4 ], [ 22.3, 5.4 ], [ 22.3, 5.5 ], [ 22.2, 5.5 ], [ 22.1, 5.5 ], [ 22.0, 5.5 ], [ 22.0, 5.4 ], [ 21.9, 5.4 ], [ 21.9, 5.3 ], [ 21.8, 5.3 ], [ 21.7, 5.2 ], [ 21.7, 5.1 ], [ 21.6, 5.1 ], [ 21.6, 5.0 ], [ 21.6, 4.9 ], [ 21.5, 4.9 ], [ 21.5, 4.8 ], [ 21.5, 4.7 ], [ 21.5, 4.6 ], [ 21.4, 4.5 ], [ 21.4, 4.4 ], [ 21.3, 4.4 ], [ 21.2, 4.4 ], [ 21.1, 4.4 ], [ 21.0, 4.5 ], [ 20.9, 4.5 ], [ 20.9, 4.4 ], [ 20.8, 4.4 ], [ 20.7, 4.4 ], [ 20.6, 4.4 ], [ 20.5, 4.4 ], [ 20.5, 4.5 ], [ 20.5, 4.6 ], [ 20.4, 4.6 ], [ 20.4, 4.7 ], [ 20.3, 4.8 ], [ 20.2, 4.9 ], [ 20.1, 4.9 ], [ 20.0, 5.0 ], [ 19.9, 5.1 ], [ 19.8, 5.1 ], [ 19.7, 5.1 ], [ 19.6, 5.2 ], [ 19.5, 5.2 ], [ 19.4, 5.1 ], [ 19.3, 5.1 ], [ 19.3, 5.0 ], [ 19.2, 5.0 ], [ 19.2, 4.9 ], [ 19.1, 4.9 ], [ 19.0, 4.8 ], [ 19.0, 4.7 ], [ 18.9, 4.7 ], [ 18.9, 4.6 ], [ 18.9, 4.5 ], [ 18.8, 4.5 ], [ 18.7, 4.5 ], [ 18.6, 4.4 ], [ 18.5, 4.3 ], [ 18.4, 4.3 ], [ 18.3, 4.2 ], [ 18.3, 4.1 ], [ 18.2, 4.0 ], [ 18.1, 3.9 ], [ 18.1, 3.8 ], [ 18.0, 3.8 ], [ 18.0, 3.9 ], [ 17.9, 4.0 ], [ 17.8, 4.1 ], [ 17.7, 4.1 ], [ 17.6, 4.1 ], [ 17.5, 4.1 ], [ 17.4, 4.0 ], [ 17.3, 4.0 ], [ 17.3, 3.9 ], [ 17.2, 3.9 ], [ 17.1, 4.0 ], [ 16.9, 4.0 ], [ 16.8, 4.1 ], [ 16.7, 4.2 ], [ 16.5, 4.2 ], [ 16.4, 4.2 ], [ 16.3, 4.3 ], [ 16.2, 4.3 ], [ 16.1, 4.3 ], [ 16.0, 4.3 ], [ 15.9, 4.4 ], [ 15.9, 4.5 ], [ 15.8, 4.5 ], [ 15.7, 4.5 ], [ 15.6, 4.4 ], [ 15.5, 4.3 ], [ 15.4, 4.3 ], [ 15.4, 4.2 ], [ 15.3, 4.2 ], [ 15.2, 4.2 ], [ 15.1, 4.2 ], [ 15.1, 4.1 ], [ 15.0, 4.1 ], [ 14.9, 4.1 ], [ 14.9, 4.2 ], [ 14.9, 4.3 ], [ 14.8, 4.3 ], [ 14.8, 4.2 ], [ 14.7, 4.2 ], [ 14.5, 4.2 ], [ 14.5, 4.3 ], [ 14.5, 4.4 ], [ 14.4, 4.4 ], [ 14.3, 4.4 ], [ 14.2, 4.4 ], [ 14.2, 4.3 ], [ 14.1, 4.3 ], [ 14.1, 4.2 ], [ 14.0, 4.2 ], [ 13.9, 4.2 ], [ 13.8, 4.3 ], [ 13.9, 4.4 ], [ 13.9, 4.5 ], [ 13.8, 4.5 ], [ 13.7, 4.4 ], [ 13.6, 4.5 ], [ 13.6, 4.6 ], [ 13.6, 4.7 ], [ 13.6, 4.8 ], [ 13.7, 4.8 ], [ 13.7, 4.9 ], [ 13.7, 5.0 ], [ 13.6, 5.0 ], [ 13.6, 5.1 ], [ 13.7, 5.1 ], [ 13.8, 5.1 ], [ 13.8, 5.2 ], [ 13.7, 5.2 ], [ 13.6, 5.3 ], [ 13.6, 5.4 ], [ 13.6, 5.5 ], [ 13.7, 5.5 ], [ 13.7, 5.6 ], [ 13.6, 5.6 ], [ 13.5, 5.5 ], [ 13.5, 5.4 ], [ 13.4, 5.4 ], [ 13.4, 5.5 ], [ 13.5, 5.6 ], [ 13.4, 5.6 ], [ 13.4, 5.7 ], [ 13.3, 5.7 ], [ 13.2, 5.7 ], [ 13.1, 5.8 ], [ 13.1, 5.9 ], [ 13.0, 5.9 ], [ 13.0, 5.8 ], [ 13.0, 5.7 ], [ 13.0, 5.6 ], [ 12.9, 5.5 ], [ 12.8, 5.4 ], [ 12.7, 5.4 ], [ 12.6, 5.4 ], [ 12.5, 5.4 ], [ 12.4, 5.3 ], [ 12.4, 5.2 ], [ 12.4, 5.1 ], [ 12.5, 5.0 ], [ 12.7, 5.0 ], [ 12.8, 5.1 ], [ 12.9, 5.1 ], [ 13.0, 5.1 ], [ 13.0, 5.0 ], [ 12.9, 4.9 ], [ 12.7, 4.9 ], [ 12.6, 4.9 ], [ 12.5, 4.9 ], [ 12.4, 4.8 ], [ 12.4, 4.7 ], [ 12.3, 4.6 ], [ 12.3, 4.5 ], [ 12.2, 4.4 ], [ 12.1, 4.3 ], [ 12.0, 4.3 ], [ 12.0, 4.4 ], [ 11.9, 4.4 ], [ 11.9, 4.3 ], [ 11.9, 4.2 ], [ 11.8, 4.2 ], [ 11.7, 4.2 ], [ 11.6, 4.2 ], [ 11.6, 4.3 ], [ 11.6, 4.4 ], [ 11.6, 4.5 ], [ 11.7, 4.5 ], [ 11.7, 4.6 ], [ 11.8, 4.6 ], [ 11.9, 4.7 ], [ 11.9, 4.8 ], [ 12.0, 4.8 ], [ 12.0, 4.9 ], [ 12.0, 5.0 ], [ 12.0, 5.1 ], [ 12.0, 5.2 ], [ 11.9, 5.2 ], [ 11.8, 5.2 ], [ 11.8, 5.1 ], [ 11.8, 5.0 ], [ 11.8, 4.9 ], [ 11.7, 4.9 ], [ 11.7, 5.0 ], [ 11.6, 5.1 ], [ 11.6, 5.2 ], [ 11.5, 5.3 ], [ 11.6, 5.4 ], [ 11.7, 5.4 ], [ 11.7, 5.5 ], [ 11.7, 5.6 ], [ 11.8, 5.6 ], [ 11.9, 5.6 ], [ 11.8, 5.7 ], [ 11.8, 5.8 ], [ 11.7, 5.9 ], [ 11.7, 6.0 ], [ 11.7, 6.1 ], [ 11.6, 6.2 ], [ 11.5, 6.1 ], [ 11.4, 6.1 ], [ 11.3, 6.1 ], [ 11.2, 6.1 ], [ 11.2, 6.0 ], [ 11.2, 5.9 ], [ 11.2, 5.8 ], [ 11.2, 5.7 ], [ 11.1, 5.6 ], [ 11.0, 5.5 ], [ 11.1, 5.4 ], [ 11.1, 5.3 ], [ 11.1, 5.2 ], [ 11.0, 5.1 ], [ 11.0, 5.0 ], [ 11.0, 4.9 ], [ 11.1, 4.8 ], [ 11.2, 4.9 ], [ 11.3, 4.9 ], [ 11.3, 4.8 ], [ 11.3, 4.7 ], [ 11.4, 4.7 ], [ 11.5, 4.7 ], [ 11.6, 4.7 ], [ 11.6, 4.6 ], [ 11.5, 4.5 ], [ 11.5, 4.4 ], [ 11.4, 4.3 ], [ 11.3, 4.3 ], [ 11.2, 4.2 ], [ 11.1, 4.2 ], [ 11.1, 4.3 ], [ 11.0, 4.3 ], [ 11.0, 4.4 ], [ 10.9, 4.5 ], [ 10.8, 4.5 ], [ 10.8, 4.6 ], [ 10.9, 4.7 ], [ 10.8, 4.8 ], [ 10.8, 4.9 ], [ 10.7, 4.9 ], [ 10.6, 5.0 ], [ 10.6, 5.1 ], [ 10.5, 5.2 ], [ 10.5, 5.3 ], [ 10.5, 5.4 ], [ 10.5, 5.5 ], [ 10.4, 5.5 ], [ 10.4, 5.4 ], [ 10.3, 5.4 ], [ 10.3, 5.5 ], [ 10.2, 5.5 ], [ 10.2, 5.6 ], [ 10.3, 5.6 ], [ 10.4, 5.7 ], [ 10.5, 5.7 ], [ 10.5, 5.8 ], [ 10.4, 5.8 ], [ 10.4, 5.9 ], [ 10.4, 6.0 ], [ 10.5, 6.1 ], [ 10.5, 6.0 ], [ 10.6, 6.1 ], [ 10.6, 6.0 ], [ 10.7, 6.0 ], [ 10.7, 5.9 ], [ 10.8, 5.8 ], [ 10.9, 5.8 ], [ 11.0, 5.8 ], [ 11.0, 5.9 ], [ 10.9, 6.0 ], [ 11.0, 6.1 ], [ 11.0, 6.2 ], [ 10.9, 6.2 ], [ 10.9, 6.3 ], [ 10.9, 6.4 ], [ 11.0, 6.4 ], [ 10.9, 6.5 ], [ 10.9, 6.6 ], [ 10.8, 6.6 ], [ 10.7, 6.6 ], [ 10.6, 6.6 ], [ 10.5, 6.6 ], [ 10.4, 6.6 ], [ 10.4, 6.5 ], [ 10.3, 6.5 ], [ 10.3, 6.4 ], [ 10.2, 6.5 ], [ 10.1, 6.4 ], [ 10.1, 6.3 ], [ 10.2, 6.2 ], [ 10.1, 6.1 ], [ 10.0, 6.2 ], [ 9.9, 6.3 ], [ 9.9, 6.2 ], [ 9.8, 6.2 ], [ 9.7, 6.2 ], [ 9.7, 6.3 ], [ 9.6, 6.3 ], [ 9.6, 6.4 ], [ 9.6, 6.5 ], [ 9.6, 6.6 ], [ 9.5, 6.6 ], [ 9.4, 6.6 ], [ 9.4, 6.5 ], [ 9.3, 6.5 ], [ 9.2, 6.5 ], [ 9.1, 6.5 ], [ 9.0, 6.6 ], [ 8.9, 6.6 ], [ 8.8, 6.6 ], [ 8.7, 6.6 ], [ 8.6, 6.6 ], [ 8.5, 6.5 ], [ 8.6, 6.4 ], [ 8.7, 6.4 ], [ 8.7, 6.3 ], [ 8.7, 6.2 ], [ 8.7, 6.1 ], [ 8.6, 6.0 ], [ 8.6, 6.1 ], [ 8.5, 6.1 ], [ 8.5, 6.2 ], [ 8.4, 6.2 ], [ 8.3, 6.2 ], [ 8.2, 6.2 ], [ 8.2, 6.1 ], [ 8.1, 6.1 ], [ 8.0, 6.0 ], [ 7.9, 6.0 ], [ 7.9, 5.9 ], [ 7.8, 5.9 ], [ 7.7, 5.9 ], [ 7.7, 6.0 ], [ 7.6, 6.0 ], [ 7.5, 6.0 ], [ 7.4, 6.0 ], [ 7.4, 6.1 ], [ 7.3, 6.1 ], [ 7.2, 6.2 ], [ 7.2, 6.3 ], [ 7.2, 6.4 ], [ 7.1, 6.4 ], [ 7.0, 6.4 ], [ 6.9, 6.4 ], [ 6.9, 6.3 ], [ 6.8, 6.3 ], [ 6.7, 6.3 ], [ 6.7, 6.4 ], [ 6.6, 6.6 ], [ 6.6, 6.7 ], [ 6.5, 6.7 ], [ 6.5, 6.8 ], [ 6.4, 6.8 ], [ 6.4, 6.9 ], [ 6.3, 7.0 ], [ 6.2, 7.0 ], [ 6.1, 7.0 ], [ 6.0, 7.0 ], [ 5.9, 7.0 ], [ 5.8, 7.1 ], [ 5.7, 7.2 ], [ 5.6, 7.2 ], [ 5.6, 7.3 ], [ 5.5, 7.4 ], [ 5.5, 7.5 ], [ 5.5, 7.6 ], [ 5.5, 7.7 ], [ 5.5, 7.8 ], [ 5.5, 7.9 ], [ 5.4, 8.0 ], [ 5.3, 8.1 ], [ 5.2, 8.2 ], [ 5.1, 8.2 ], [ 4.9, 8.2 ], [ 4.8, 8.1 ], [ 4.6, 8.1 ], [ 4.4, 8.0 ], [ 4.3, 7.9 ], [ 4.2, 7.9 ], [ 4.1, 7.8 ], [ 4.0, 7.8 ], [ 3.8, 7.7 ], [ 3.7, 7.7 ], [ 3.6, 7.6 ], [ 3.5, 7.5 ], [ 3.4, 7.4 ], [ 3.4, 7.3 ], [ 3.4, 7.2 ], [ 3.3, 7.2 ], [ 3.3, 7.1 ], [ 3.3, 7.0 ], [ 3.2, 7.0 ], [ 3.1, 7.1 ], [ 3.0, 7.1 ], [ 2.9, 7.1 ], [ 2.8, 7.1 ], [ 2.8, 7.0 ], [ 2.7, 7.0 ], [ 2.7, 6.9 ], [ 2.6, 6.8 ], [ 2.6, 6.7 ], [ 2.6, 6.6 ], [ 2.6, 6.5 ], [ 2.7, 6.5 ], [ 2.8, 6.5 ], [ 2.9, 6.5 ], [ 3.0, 6.4 ], [ 2.9, 6.4 ], [ 2.8, 6.4 ], [ 2.7, 6.4 ], [ 2.6, 6.4 ], [ 2.5, 6.4 ], [ 2.5, 6.3 ], [ 2.4, 6.3 ], [ 2.3, 6.3 ], [ 2.2, 6.3 ], [ 2.1, 6.3 ], [ 2.0, 6.3 ], [ 1.9, 6.3 ], [ 1.8, 6.3 ], [ 1.7, 6.3 ], [ 1.7, 6.2 ], [ 1.6, 6.2 ], [ 1.5, 6.2 ], [ 1.4, 6.2 ], [ 1.3, 6.1 ], [ 1.2, 6.1 ], [ 1.1, 6.1 ], [ 1.0, 6.1 ], [ 0.9, 6.0 ], [ 0.8, 6.0 ], [ 0.7, 6.0 ], [ 0.6, 6.0 ], [ 0.5, 6.1 ], [ 0.5, 6.0 ], [ 0.5, 5.9 ], [ 0.4, 5.8 ], [ 0.3, 5.8 ], [ 0.2, 5.8 ], [ 0.2, 5.7 ], [ 0.1, 5.7 ], [ 0.0, 5.7 ], [ 0.0, 5.6 ], [ -0.1, 5.6 ], [ -0.2, 5.5 ], [ -0.3, 5.5 ], [ -0.4, 5.5 ], [ -0.3, 5.6 ], [ -0.2, 5.7 ], [ 0.0, 5.8 ], [ 0.0, 5.9 ], [ 0.1, 5.9 ], [ 0.1, 6.0 ], [ 0.1, 6.1 ], [ 0.1, 6.2 ], [ 0.1, 6.3 ], [ 0.1, 6.4 ], [ 0.0, 6.4 ], [ -0.1, 6.4 ], [ -0.1, 6.5 ], [ -0.2, 6.5 ], [ -0.2, 6.6 ], [ -0.3, 6.6 ], [ -0.4, 6.6 ], [ -0.4, 6.7 ], [ -0.5, 6.7 ], [ -0.6, 6.7 ], [ -0.6, 6.8 ], [ -0.7, 6.8 ], [ -0.7, 6.9 ], [ -1.0, 7.0 ], [ -1.2, 7.1 ], [ -1.4, 7.2 ], [ -1.6, 7.3 ], [ -1.8, 7.4 ], [ -1.9, 7.5 ], [ -2.0, 7.6 ], [ -2.1, 7.7 ], [ -2.2, 7.7 ], [ -2.3, 7.9 ], [ -2.4, 8.0 ], [ -2.5, 8.0 ], [ -2.7, 8.1 ], [ -2.8, 8.0 ], [ -2.9, 7.9 ], [ -3.0, 7.9 ], [ -3.1, 7.8 ], [ -3.2, 7.7 ], [ -3.3, 7.6 ], [ -3.4, 7.6 ], [ -3.4, 7.7 ], [ -3.4, 7.8 ], [ -3.5, 7.8 ], [ -3.5, 7.9 ], [ -3.6, 7.9 ], [ -3.7, 7.9 ], [ -3.7, 8.0 ], [ -3.8, 8.0 ], [ -3.9, 8.0 ], [ -3.9, 8.1 ], [ -4.0, 8.1 ], [ -4.1, 8.0 ], [ -4.1, 8.1 ], [ -4.2, 8.0 ], [ -4.3, 8.0 ], [ -4.3, 7.8 ], [ -4.3, 7.7 ], [ -4.2, 7.5 ], [ -4.2, 7.4 ], [ -4.2, 7.3 ], [ -4.3, 7.2 ], [ -4.4, 7.1 ], [ -4.3, 7.0 ], [ -4.3, 6.9 ], [ -4.4, 6.8 ], [ -4.5, 6.8 ], [ -4.5, 6.7 ], [ -4.5, 6.6 ], [ -4.6, 6.6 ], [ -4.6, 6.5 ], [ -4.7, 6.5 ], [ -4.8, 6.3 ], [ -4.8, 6.2 ], [ -4.9, 6.2 ], [ -5.0, 6.3 ], [ -5.0, 6.4 ], [ -5.0, 6.5 ], [ -5.0, 6.6 ], [ -5.0, 6.7 ], [ -5.1, 6.7 ], [ -5.2, 6.8 ], [ -5.2, 6.9 ], [ -5.3, 7.0 ], [ -5.4, 7.0 ], [ -5.5, 7.0 ], [ -5.6, 7.1 ], [ -5.6, 7.0 ], [ -5.6, 6.9 ], [ -5.7, 6.9 ], [ -5.8, 7.0 ], [ -5.9, 7.0 ], [ -5.9, 7.1 ], [ -6.0, 7.1 ], [ -6.1, 7.1 ], [ -6.1, 7.2 ], [ -6.1, 7.3 ], [ -6.1, 7.4 ], [ -6.2, 7.5 ], [ -6.3, 7.6 ], [ -6.3, 7.5 ], [ -6.3, 7.4 ], [ -6.3, 7.3 ], [ -6.3, 7.2 ], [ -6.4, 7.1 ], [ -6.4, 7.2 ], [ -6.4, 7.3 ], [ -6.4, 7.4 ], [ -6.5, 7.5 ], [ -6.5, 7.6 ], [ -6.6, 7.6 ], [ -6.6, 7.7 ], [ -6.5, 7.7 ], [ -6.5, 7.8 ], [ -6.6, 7.8 ], [ -6.7, 7.8 ], [ -6.7, 7.9 ], [ -6.6, 7.9 ], [ -6.6, 8.0 ], [ -6.8, 8.0 ], [ -6.9, 7.9 ], [ -6.9, 7.8 ], [ -7.0, 7.8 ], [ -7.1, 7.7 ], [ -7.2, 7.7 ], [ -7.3, 7.6 ], [ -7.4, 7.5 ], [ -7.5, 7.5 ], [ -7.5, 7.6 ], [ -7.6, 7.6 ], [ -7.6, 7.7 ], [ -7.7, 7.7 ], [ -7.8, 7.7 ], [ -7.8, 7.8 ], [ -7.9, 7.8 ], [ -8.0, 7.8 ], [ -8.0, 7.9 ], [ -8.1, 7.9 ], [ -8.2, 7.9 ], [ -8.2, 8.0 ], [ -8.3, 8.0 ], [ -8.3, 8.1 ], [ -8.4, 8.1 ], [ -8.4, 8.2 ], [ -8.5, 8.2 ], [ -8.5, 8.3 ], [ -8.6, 8.3 ], [ -8.6, 8.4 ], [ -8.7, 8.4 ], [ -8.7, 8.5 ], [ -8.8, 8.5 ], [ -8.8, 8.6 ], [ -8.9, 8.6 ], [ -8.9, 8.5 ], [ -9.0, 8.5 ], [ -9.0, 8.6 ], [ -9.0, 8.7 ], [ -9.1, 8.7 ], [ -9.1, 8.8 ], [ -9.1, 8.9 ], [ -9.0, 8.9 ], [ -9.0, 9.0 ], [ -9.1, 9.0 ], [ -9.1, 9.1 ], [ -9.1, 9.2 ], [ -9.1, 9.3 ], [ -9.2, 9.3 ], [ -9.2, 9.2 ], [ -9.2, 9.1 ], [ -9.3, 9.1 ], [ -9.3, 9.2 ], [ -9.4, 9.2 ], [ -9.5, 9.1 ], [ -9.6, 9.1 ], [ -9.7, 9.1 ], [ -9.7, 9.0 ], [ -9.7, 8.9 ], [ -9.6, 8.9 ], [ -9.5, 8.9 ], [ -9.4, 8.9 ], [ -9.4, 8.8 ], [ -9.4, 8.7 ], [ -9.5, 8.6 ], [ -9.7, 8.6 ], [ -9.8, 8.5 ], [ -9.9, 8.4 ], [ -9.9, 8.5 ], [ -10.0, 8.5 ], [ -10.0, 8.6 ], [ -10.1, 8.6 ], [ -10.1, 8.7 ], [ -10.2, 8.7 ], [ -10.2, 8.8 ], [ -10.3, 8.9 ], [ -10.3, 9.0 ], [ -10.4, 9.0 ], [ -10.4, 9.1 ], [ -10.5, 9.2 ], [ -10.5, 9.3 ], [ -10.6, 9.3 ], [ -10.7, 9.3 ], [ -10.8, 9.4 ], [ -10.9, 9.4 ], [ -11.0, 9.4 ], [ -11.1, 9.4 ], [ -11.2, 9.4 ], [ -11.2, 9.3 ], [ -11.3, 9.3 ], [ -11.3, 9.2 ], [ -11.3, 9.1 ], [ -11.4, 9.1 ], [ -11.4, 9.0 ], [ -11.4, 8.9 ], [ -11.4, 8.8 ], [ -11.5, 8.8 ], [ -11.5, 8.7 ], [ -11.6, 8.7 ], [ -11.6, 8.6 ], [ -11.7, 8.6 ], [ -11.8, 8.6 ], [ -11.8, 8.7 ], [ -11.9, 8.7 ], [ -11.9, 8.8 ], [ -12.0, 8.8 ], [ -12.0, 8.9 ], [ -12.1, 8.9 ], [ -12.1, 9.0 ], [ -12.2, 9.0 ], [ -12.2, 9.1 ], [ -12.3, 9.1 ], [ -12.4, 9.1 ], [ -12.4, 9.2 ], [ -12.5, 9.2 ], [ -12.5, 9.3 ], [ -12.6, 9.3 ], [ -12.7, 9.3 ], [ -12.7, 9.4 ], [ -12.8, 9.4 ], [ -12.9, 9.4 ], [ -12.9, 9.5 ], [ -13.0, 9.5 ], [ -13.1, 9.6 ], [ -13.2, 9.6 ], [ -13.2, 9.7 ], [ -13.3, 9.7 ], [ -13.4, 9.7 ], [ -13.5, 9.7 ], [ -13.5, 9.8 ], [ -13.5, 9.9 ], [ -13.6, 10.0 ], [ -13.7, 10.0 ], [ -13.7, 9.9 ], [ -13.8, 9.9 ], [ -13.9, 9.9 ], [ -14.0, 10.0 ], [ -14.1, 10.0 ], [ -14.1, 10.1 ], [ -14.2, 10.1 ], [ -14.3, 10.1 ], [ -14.3, 10.2 ], [ -14.4, 10.2 ], [ -14.5, 10.2 ], [ -14.5, 10.3 ], [ -14.5, 10.4 ], [ -14.5, 10.5 ], [ -14.5, 10.6 ], [ -14.4, 10.7 ], [ -14.4, 10.8 ], [ -14.3, 10.8 ], [ -14.2, 10.9 ], [ -14.3, 11.0 ], [ -14.4, 11.0 ], [ -14.5, 11.0 ], [ -14.6, 10.9 ], [ -14.6, 11.0 ], [ -14.6, 11.1 ], [ -14.6, 11.2 ], [ -14.7, 11.2 ], [ -14.7, 11.1 ], [ -14.8, 11.1 ], [ -14.8, 11.2 ], [ -14.8, 11.3 ], [ -14.8, 11.4 ], [ -14.9, 11.4 ], [ -14.9, 11.3 ], [ -15.0, 11.3 ], [ -15.0, 11.4 ], [ -15.1, 11.4 ], [ -15.1, 11.5 ], [ -15.2, 11.5 ], [ -15.2, 11.6 ], [ -15.1, 11.6 ], [ -15.0, 11.6 ], [ -14.9, 11.6 ], [ -15.0, 11.7 ], [ -15.1, 11.8 ], [ -15.0, 11.9 ], [ -14.9, 11.9 ], [ -14.8, 11.9 ], [ -14.8, 12.0 ], [ -14.9, 12.0 ], [ -15.0, 12.0 ], [ -15.1, 12.0 ], [ -15.2, 12.0 ], [ -15.2, 12.1 ], [ -15.3, 12.1 ], [ -15.4, 12.1 ], [ -15.5, 12.1 ], [ -15.6, 12.2 ], [ -15.7, 12.2 ], [ -15.8, 12.2 ], [ -15.9, 12.1 ], [ -16.0, 12.0 ], [ -16.2, 12.1 ], [ -16.1, 12.2 ], [ -16.0, 12.2 ], [ -16.0, 12.3 ], [ -16.0, 12.4 ], [ -16.1, 12.4 ], [ -16.2, 12.4 ], [ -16.3, 12.3 ], [ -16.4, 12.3 ], [ -16.4, 12.4 ], [ -16.5, 12.4 ], [ -16.5, 12.5 ], [ -16.6, 12.5 ], [ -16.7, 12.6 ], [ -16.8, 12.6 ], [ -16.8, 12.7 ], [ -16.8, 12.8 ], [ -16.8, 12.9 ], [ -16.8, 13.0 ], [ -16.7, 13.0 ], [ -16.8, 13.1 ], [ -16.8, 13.2 ], [ -16.8, 13.3 ], [ -16.8, 13.4 ], [ -16.7, 13.4 ], [ -16.6, 13.3 ], [ -16.5, 13.2 ], [ -16.4, 13.2 ], [ -16.3, 13.2 ], [ -16.2, 13.3 ], [ -16.1, 13.3 ], [ -16.1, 13.4 ], [ -16.1, 13.5 ], [ -16.2, 13.5 ], [ -16.3, 13.5 ], [ -16.3, 13.4 ], [ -16.4, 13.4 ], [ -16.5, 13.5 ], [ -16.5, 13.6 ], [ -16.6, 13.6 ], [ -16.6, 13.7 ], [ -16.6, 13.8 ], [ -16.5, 13.8 ], [ -16.5, 13.9 ], [ -16.5, 14.0 ], [ -16.5, 14.1 ], [ -16.4, 14.1 ], [ -16.4, 14.2 ], [ -16.5, 14.2 ], [ -16.6, 14.2 ], [ -16.6, 14.1 ], [ -16.7, 14.1 ], [ -16.8, 14.1 ], [ -16.8, 14.2 ], [ -16.9, 14.2 ], [ -16.9, 14.3 ], [ -17.0, 14.4 ], [ -17.1, 14.4 ], [ -17.1, 14.5 ], [ -17.1, 14.6 ], [ -17.2, 14.6 ], [ -17.2, 14.7 ], [ -17.3, 14.7 ], [ -17.4, 14.7 ], [ -17.5, 14.7 ], [ -17.5, 14.8 ], [ -17.4, 14.8 ], [ -17.3, 14.8 ], [ -17.2, 14.9 ], [ -17.1, 14.9 ], [ -17.1, 15.0 ], [ -17.0, 15.0 ], [ -17.0, 15.1 ], [ -16.9, 15.2 ], [ -16.9, 15.3 ], [ -16.8, 15.3 ], [ -16.8, 15.4 ], [ -16.7, 15.5 ], [ -16.7, 15.6 ], [ -16.6, 15.6 ], [ -16.6, 15.7 ], [ -16.5, 15.8 ], [ -16.5, 15.9 ], [ -16.5, 16.0 ], [ -16.5, 16.1 ], [ -16.5, 16.2 ], [ -16.5, 16.3 ], [ -16.5, 16.4 ], [ -16.4, 16.5 ], [ -16.4, 16.6 ], [ -16.4, 16.7 ], [ -16.4, 16.8 ], [ -16.3, 16.9 ], [ -16.3, 17.0 ], [ -16.3, 17.1 ], [ -16.2, 17.1 ], [ -16.2, 17.2 ], [ -16.2, 17.3 ], [ -16.1, 17.3 ], [ -16.1, 17.4 ], [ -16.1, 17.5 ], [ -16.1, 17.6 ], [ -16.0, 17.6 ], [ -15.9, 17.8 ], [ -15.8, 17.9 ], [ -15.7, 17.9 ], [ -15.7, 18.1 ], [ -15.7, 18.3 ], [ -15.7, 18.4 ], [ -15.6, 18.5 ], [ -15.6, 18.7 ], [ -15.5, 18.8 ], [ -15.5, 18.9 ], [ -15.5, 19.0 ], [ -15.5, 19.1 ], [ -15.6, 19.2 ], [ -15.0, 19.1 ], [ -14.7, 19.1 ], [ -14.6, 19.1 ], [ -14.5, 19.2 ], [ -14.4, 19.2 ], [ -14.4, 19.3 ], [ -14.3, 19.4 ], [ -14.3, 19.5 ], [ -14.2, 19.6 ], [ -14.2, 19.7 ], [ -14.1, 19.7 ], [ -14.1, 19.8 ], [ -14.1, 19.9 ], [ -14.0, 20.0 ], [ -14.0, 20.1 ], [ -14.0, 20.2 ], [ -13.9, 20.3 ], [ -13.9, 20.4 ], [ -13.8, 20.4 ], [ -13.8, 20.5 ], [ -13.8, 20.6 ], [ -13.7, 20.6 ], [ -13.7, 20.7 ], [ -13.6, 20.8 ], [ -13.5, 20.9 ], [ -13.4, 20.9 ], [ -13.3, 21.0 ], [ -13.1, 21.0 ], [ -13.1, 20.9 ], [ -13.2, 20.9 ], [ -13.2, 20.8 ], [ -13.2, 20.7 ], [ -13.2, 20.6 ], [ -13.2, 20.5 ], [ -13.2, 20.4 ], [ -13.1, 20.4 ], [ -13.1, 20.3 ], [ -13.2, 20.3 ], [ -13.2, 20.2 ], [ -13.1, 20.2 ], [ -13.2, 20.1 ], [ -13.1, 20.1 ], [ -13.1, 20.0 ], [ -13.0, 20.0 ], [ -12.9, 20.1 ], [ -12.9, 20.0 ], [ -12.8, 20.0 ], [ -12.7, 20.0 ], [ -12.6, 20.0 ], [ -12.6, 19.9 ], [ -12.7, 19.9 ], [ -12.7, 19.8 ], [ -12.6, 19.8 ], [ -12.6, 19.7 ], [ -12.5, 19.7 ], [ -12.4, 19.7 ], [ -12.4, 19.8 ], [ -12.4, 19.9 ], [ -12.3, 19.9 ], [ -12.3, 19.8 ], [ -12.2, 19.8 ], [ -12.2, 19.9 ], [ -12.1, 19.9 ], [ -12.1, 20.0 ], [ -12.0, 20.0 ], [ -12.0, 20.1 ], [ -12.1, 20.1 ], [ -12.2, 20.1 ], [ -12.1, 20.2 ], [ -12.1, 20.3 ], [ -12.1, 20.4 ], [ -12.1, 20.5 ], [ -12.0, 20.5 ], [ -12.0, 20.6 ], [ -12.1, 20.6 ], [ -12.1, 20.7 ], [ -11.1, 20.2 ], [ -9.5, 19.8 ], [ -7.4, 18.9 ], [ -7.0, 18.8 ], [ -6.7, 18.6 ], [ -6.5, 18.5 ], [ -6.4, 18.4 ], [ -6.2, 18.3 ], [ -6.1, 18.2 ], [ -6.0, 18.2 ], [ -5.8, 18.1 ], [ -5.7, 18.1 ], [ -5.6, 18.1 ], [ -5.3, 18.0 ], [ -5.2, 18.0 ], [ -5.1, 17.9 ], [ -5.0, 17.9 ], [ -4.9, 17.9 ], [ -4.8, 17.9 ], [ -4.7, 17.9 ], [ -4.5, 17.9 ], [ -4.5, 17.8 ], [ -4.3, 17.8 ], [ -4.2, 17.8 ], [ -4.0, 17.8 ], [ -3.9, 17.8 ], [ -3.8, 17.8 ], [ -3.6, 17.8 ], [ -3.5, 17.8 ], [ -3.3, 17.9 ], [ -3.0, 17.9 ], [ -2.9, 17.9 ], [ -2.8, 18.0 ], [ -2.6, 18.0 ], [ -2.5, 18.0 ], [ -2.2, 18.1 ], [ -2.1, 18.2 ], [ -1.8, 18.3 ], [ -1.7, 18.4 ], [ -1.5, 18.5 ], [ -1.3, 18.6 ], [ -1.1, 18.7 ], [ -1.0, 18.8 ], [ -0.8, 18.9 ], [ -0.7, 19.0 ], [ -0.6, 19.1 ], [ -0.5, 19.2 ], [ -0.3, 19.5 ], [ -0.3, 19.6 ], [ -0.2, 19.7 ], [ -0.1, 19.8 ], [ 0.0, 19.9 ], [ 0.1, 20.0 ], [ 0.2, 20.1 ], [ 0.3, 20.2 ], [ 0.4, 20.3 ], [ 0.5, 20.4 ], [ 0.6, 20.4 ], [ 0.7, 20.5 ], [ 0.8, 20.5 ], [ 0.9, 20.5 ], [ 1.0, 20.5 ], [ 1.1, 20.5 ], [ 1.3, 20.5 ], [ 1.4, 20.5 ], [ 1.7, 20.6 ], [ 2.5, 20.6 ], [ 2.6, 20.6 ], [ 3.5, 20.5 ], [ 3.8, 20.5 ], [ 4.4, 20.3 ], [ 4.7, 20.2 ], [ 5.6, 19.5 ], [ 7.1, 18.8 ], [ 7.2, 18.7 ], [ 7.4, 18.7 ], [ 7.5, 18.7 ], [ 8.6, 18.4 ], [ 8.5, 18.4 ], [ 8.4, 18.4 ], [ 8.4, 18.3 ], [ 8.4, 18.2 ], [ 8.4, 18.1 ], [ 8.5, 18.1 ], [ 8.5, 18.0 ], [ 8.5, 17.9 ], [ 8.4, 17.9 ], [ 8.3, 17.9 ], [ 8.3, 17.8 ], [ 8.3, 17.7 ], [ 8.3, 17.6 ], [ 8.4, 17.6 ], [ 8.4, 17.5 ], [ 8.5, 17.5 ], [ 8.5, 17.4 ], [ 8.5, 17.3 ], [ 8.6, 17.3 ], [ 8.6, 17.4 ], [ 8.6, 17.5 ], [ 8.7, 17.4 ], [ 8.8, 17.4 ], [ 8.9, 17.4 ], [ 9.0, 17.4 ], [ 9.0, 17.5 ], [ 9.0, 17.6 ], [ 9.1, 17.7 ], [ 9.1, 17.6 ], [ 9.1, 17.5 ], [ 9.2, 17.5 ], [ 9.2, 17.6 ], [ 9.3, 17.6 ], [ 9.3, 17.7 ], [ 9.4, 17.6 ], [ 9.5, 17.5 ], [ 9.6, 17.4 ], [ 9.7, 17.3 ], [ 9.8, 17.3 ], [ 9.9, 17.2 ], [ 10.0, 17.1 ], [ 10.1, 17.1 ], [ 10.2, 17.0 ], [ 10.5, 16.9 ], [ 10.6, 16.9 ], [ 10.8, 16.8 ], [ 11.0, 16.8 ], [ 11.1, 16.7 ], [ 13.4, 16.6 ], [ 13.5, 16.6 ], [ 13.7, 16.7 ], [ 13.9, 16.7 ], [ 14.0, 16.8 ], [ 14.1, 16.9 ], [ 14.4, 17.1 ], [ 14.7, 17.2 ], [ 14.9, 17.3 ], [ 15.0, 17.4 ], [ 15.4, 17.5 ], [ 17.3, 17.8 ], [ 17.6, 18.0 ], [ 17.7, 18.0 ], [ 17.8, 18.1 ], [ 17.9, 18.1 ], [ 18.0, 18.1 ], [ 18.0, 18.2 ], [ 18.1, 18.2 ], [ 18.2, 18.2 ], [ 18.2, 18.3 ], [ 18.3, 18.3 ], [ 18.4, 18.3 ], [ 18.5, 18.3 ], [ 18.6, 18.3 ], [ 18.7, 18.3 ], [ 18.8, 18.3 ], [ 18.9, 18.3 ], [ 18.9, 18.2 ], [ 19.0, 18.2 ], [ 19.0, 18.1 ], [ 19.1, 18.1 ], [ 19.1, 18.0 ], [ 19.2, 17.9 ], [ 19.3, 17.8 ], [ 19.4, 17.6 ], [ 19.4, 17.5 ], [ 19.5, 17.3 ], [ 19.6, 17.2 ], [ 19.7, 17.1 ], [ 19.8, 17.0 ], [ 19.9, 17.0 ], [ 20.0, 17.0 ], [ 20.1, 17.0 ], [ 20.2, 17.1 ], [ 20.3, 17.1 ], [ 20.4, 17.1 ], [ 20.5, 17.2 ], [ 20.6, 17.3 ], [ 20.8, 17.3 ], [ 20.9, 17.3 ], [ 21.3, 17.4 ], [ 21.9, 17.4 ], [ 21.9, 17.3 ], [ 21.9, 17.2 ], [ 22.0, 17.2 ], [ 22.0, 17.1 ], [ 22.0, 17.0 ], [ 22.1, 17.0 ], [ 22.1, 17.1 ], [ 22.2, 17.1 ], [ 22.2, 17.0 ], [ 22.3, 17.0 ], [ 22.3, 16.9 ], [ 22.3, 16.8 ], [ 22.4, 16.8 ], [ 22.4, 16.9 ], [ 22.5, 16.9 ], [ 22.5, 16.8 ], [ 22.6, 16.8 ], [ 22.6, 16.7 ], [ 22.5, 16.7 ], [ 22.5, 16.6 ], [ 22.5, 16.5 ], [ 22.5, 16.4 ], [ 22.6, 16.4 ], [ 22.6, 16.3 ], [ 22.6, 16.2 ], [ 22.7, 16.2 ], [ 22.8, 16.2 ], [ 22.7, 16.1 ], [ 22.8, 16.1 ], [ 22.9, 16.0 ], [ 22.9, 15.9 ], [ 23.0, 15.9 ], [ 23.0, 16.0 ], [ 23.1, 16.0 ], [ 23.1, 16.1 ], [ 23.1, 16.2 ], [ 23.0, 16.2 ], [ 23.0, 16.3 ], [ 23.0, 16.4 ], [ 23.1, 16.4 ], [ 23.1, 16.5 ], [ 23.2, 16.5 ], [ 23.2, 16.6 ], [ 23.3, 16.6 ], [ 23.3, 16.7 ], [ 23.4, 16.7 ], [ 23.4, 16.8 ], [ 23.5, 16.8 ], [ 23.5, 16.9 ], [ 23.5, 17.0 ], [ 23.6, 17.0 ], [ 23.7, 17.0 ], [ 23.8, 17.1 ], [ 23.7, 17.1 ], [ 23.7, 17.2 ], [ 23.8, 17.3 ], [ 23.8, 17.4 ], [ 23.8, 17.5 ], [ 24.5, 17.5 ], [ 24.6, 17.5 ], [ 24.7, 17.5 ], [ 24.8, 17.5 ], [ 24.9, 17.5 ], [ 25.0, 17.5 ], [ 25.1, 17.5 ], [ 25.2, 17.6 ], [ 25.3, 17.7 ], [ 25.4, 17.8 ], [ 25.5, 17.9 ], [ 25.6, 17.9 ], [ 25.7, 17.9 ], [ 29.6, 18.0 ], [ 30.3, 18.0 ], [ 31.0, 18.0 ], [ 31.1, 18.0 ], [ 31.2, 17.9 ], [ 31.3, 17.9 ], [ 31.4, 17.9 ], [ 31.5, 17.9 ], [ 31.5, 17.8 ], [ 31.6, 17.8 ], [ 31.7, 17.8 ], [ 31.8, 17.8 ], [ 31.9, 17.8 ], [ 32.0, 17.8 ], [ 32.1, 17.8 ], [ 32.2, 17.8 ], [ 32.3, 17.8 ], [ 32.3, 17.9 ], [ 32.4, 17.9 ], [ 32.5, 17.9 ], [ 32.6, 17.9 ], [ 32.6, 18.0 ], [ 32.7, 18.0 ], [ 32.8, 18.0 ], [ 32.8, 18.1 ], [ 32.9, 18.1 ], [ 32.9, 18.2 ], [ 33.0, 18.2 ], [ 33.1, 18.2 ], [ 33.1, 18.3 ], [ 33.2, 18.3 ], [ 33.3, 18.3 ], [ 33.3, 18.4 ], [ 33.4, 18.4 ], [ 33.4, 18.5 ], [ 33.4, 18.6 ], [ 33.4, 18.7 ], [ 33.4, 18.8 ], [ 33.3, 18.8 ], [ 33.3, 18.9 ], [ 33.2, 19.0 ], [ 33.2, 19.1 ], [ 33.1, 19.1 ], [ 33.1, 19.2 ], [ 33.0, 19.2 ], [ 32.9, 19.2 ], [ 32.9, 19.3 ], [ 32.8, 19.3 ], [ 32.8, 19.4 ], [ 32.7, 19.4 ], [ 32.7, 19.5 ], [ 32.6, 19.5 ], [ 32.6, 19.6 ], [ 32.5, 19.8 ], [ 32.5, 19.9 ], [ 32.5, 20.0 ], [ 32.5, 20.1 ], [ 32.6, 20.1 ], [ 32.6, 20.2 ], [ 32.7, 20.2 ], [ 32.7, 20.3 ], [ 32.8, 20.3 ], [ 32.8, 20.4 ], [ 32.9, 20.4 ], [ 33.0, 20.4 ], [ 33.6, 20.5 ], [ 33.7, 20.5 ], [ 33.7, 20.4 ], [ 33.8, 20.4 ], [ 33.8, 20.3 ], [ 33.9, 20.3 ], [ 33.9, 20.2 ], [ 34.0, 20.2 ], [ 34.0, 20.1 ], [ 34.1, 20.0 ], [ 34.1, 19.9 ], [ 34.2, 19.9 ], [ 34.2, 19.8 ], [ 34.2, 19.7 ], [ 34.2, 19.6 ], [ 34.3, 19.5 ], [ 34.4, 19.2 ], [ 34.4, 19.1 ], [ 34.5, 19.1 ], [ 34.5, 19.0 ], [ 34.5, 18.9 ], [ 34.6, 18.9 ], [ 34.6, 18.8 ], [ 34.7, 18.8 ], [ 34.7, 18.7 ], [ 34.8, 18.7 ], [ 34.8, 18.6 ], [ 34.9, 18.6 ], [ 35.0, 18.6 ], [ 35.1, 18.6 ], [ 35.2, 18.6 ], [ 35.3, 18.6 ], [ 35.4, 18.6 ], [ 35.5, 18.6 ], [ 35.6, 18.6 ], [ 35.6, 18.7 ], [ 35.7, 18.7 ], [ 35.8, 18.7 ], [ 35.8, 18.8 ], [ 35.9, 18.8 ], [ 36.0, 18.9 ], [ 36.0, 19.0 ], [ 36.1, 19.0 ], [ 36.2, 19.1 ], [ 36.3, 19.1 ], [ 36.4, 19.1 ], [ 36.5, 19.1 ], [ 36.6, 19.1 ], [ 36.7, 19.1 ], [ 36.8, 19.0 ], [ 37.0, 19.0 ], [ 37.4, 19.0 ], [ 37.4, 18.9 ], [ 37.4, 18.8 ], [ 37.5, 18.8 ], [ 37.5, 18.7 ], [ 37.6, 18.7 ], [ 37.7, 18.7 ], [ 37.7, 18.6 ], [ 37.8, 18.6 ], [ 37.9, 18.6 ], [ 38.0, 18.5 ], [ 38.0, 18.4 ], [ 38.1, 18.4 ], [ 38.1, 18.3 ], [ 38.1, 18.2 ], [ 38.2, 18.2 ], [ 38.3, 18.2 ], [ 38.4, 18.2 ], [ 38.3, 18.1 ], [ 38.3, 18.0 ], [ 38.2, 17.9 ], [ 38.2, 17.8 ], [ 38.1, 17.8 ], [ 38.0, 17.9 ], [ 37.9, 17.9 ], [ 37.9, 17.8 ], [ 37.8, 17.8 ], [ 37.7, 17.7 ], [ 37.8, 17.6 ], [ 37.8, 17.5 ], [ 37.9, 17.5 ], [ 37.9, 17.4 ], [ 37.9, 17.3 ], [ 37.9, 17.2 ], [ 37.9, 17.1 ], [ 38.0, 17.1 ], [ 38.1, 17.0 ], [ 38.1, 16.9 ], [ 38.2, 16.8 ], [ 38.2, 16.7 ], [ 38.2, 16.5 ], [ 38.2, 16.4 ], [ 38.2, 16.3 ], [ 38.3, 16.3 ], [ 38.4, 16.2 ], [ 38.3, 16.2 ], [ 38.3, 16.1 ], [ 38.3, 16.0 ], [ 38.4, 15.9 ], [ 38.4, 15.8 ], [ 38.4, 15.7 ], [ 38.4, 15.6 ], [ 38.4, 15.5 ], [ 38.5, 15.4 ], [ 38.5, 15.3 ], [ 38.5, 15.2 ], [ 38.4, 15.1 ], [ 38.3, 15.1 ], [ 38.2, 15.1 ], [ 38.2, 15.0 ], [ 38.2, 14.9 ], [ 38.3, 14.9 ], [ 38.3, 14.8 ], [ 38.3, 14.7 ], [ 38.4, 14.7 ], [ 38.4, 14.6 ], [ 38.4, 14.5 ], [ 38.4, 14.4 ], [ 38.5, 14.4 ], [ 38.6, 14.4 ], [ 38.7, 14.4 ], [ 38.7, 14.5 ], [ 38.8, 14.5 ], [ 38.9, 14.5 ], [ 39.0, 14.5 ], [ 39.0, 14.4 ], [ 38.9, 14.4 ], [ 38.9, 14.3 ], [ 38.8, 14.3 ], [ 38.8, 14.2 ], [ 38.7, 14.2 ], [ 38.6, 14.2 ], [ 38.5, 14.2 ], [ 38.4, 14.2 ], [ 38.3, 14.2 ], [ 38.3, 14.1 ], [ 38.3, 14.0 ], [ 38.4, 14.0 ], [ 38.4, 13.9 ], [ 38.5, 13.9 ], [ 38.6, 13.9 ], [ 38.6, 13.8 ], [ 38.7, 13.8 ], [ 38.7, 13.9 ], [ 38.8, 13.9 ], [ 38.8, 14.0 ], [ 38.9, 14.0 ], [ 38.9, 13.9 ], [ 39.0, 13.9 ], [ 39.0, 14.0 ], [ 39.1, 14.0 ], [ 39.2, 14.0 ], [ 39.2, 14.1 ], [ 39.3, 14.1 ], [ 39.3, 14.0 ], [ 39.3, 13.9 ], [ 39.3, 13.8 ], [ 39.2, 13.8 ], [ 39.2, 13.7 ], [ 39.1, 13.7 ], [ 39.0, 13.7 ], [ 39.0, 13.6 ], [ 39.1, 13.6 ], [ 39.1, 13.5 ], [ 39.1, 13.4 ], [ 39.1, 13.3 ], [ 39.2, 13.3 ], [ 39.2, 13.2 ], [ 39.3, 13.2 ], [ 39.3, 13.1 ], [ 39.2, 13.1 ], [ 39.2, 13.0 ], [ 39.3, 13.0 ], [ 39.3, 12.9 ], [ 39.3, 12.8 ], [ 39.2, 12.8 ], [ 39.2, 12.9 ], [ 39.1, 12.9 ], [ 39.1, 12.8 ], [ 39.0, 12.8 ], [ 38.9, 12.8 ], [ 38.9, 12.7 ], [ 38.8, 12.7 ], [ 38.8, 12.6 ], [ 38.7, 12.6 ], [ 38.7, 12.5 ], [ 38.6, 12.5 ], [ 38.6, 12.4 ], [ 38.5, 12.4 ], [ 38.5, 12.3 ], [ 38.6, 12.3 ], [ 38.6, 12.2 ], [ 38.6, 12.1 ], [ 38.6, 12.0 ], [ 38.5, 12.0 ], [ 38.4, 12.0 ], [ 38.4, 12.1 ], [ 38.4, 12.2 ], [ 38.4, 12.3 ], [ 38.4, 12.4 ], [ 38.3, 12.4 ], [ 38.3, 12.3 ], [ 38.3, 12.2 ], [ 38.2, 12.2 ], [ 38.2, 12.3 ], [ 38.1, 12.3 ], [ 38.1, 12.4 ], [ 38.2, 12.4 ], [ 38.2, 12.5 ], [ 38.2, 12.6 ], [ 38.1, 12.6 ], [ 38.1, 12.5 ], [ 38.0, 12.5 ], [ 38.0, 12.4 ], [ 37.9, 12.4 ], [ 37.9, 12.5 ], [ 37.9, 12.6 ], [ 37.9, 12.7 ], [ 37.9, 12.8 ], [ 37.9, 12.9 ], [ 38.0, 12.9 ], [ 38.1, 12.9 ], [ 38.2, 12.9 ], [ 38.2, 12.8 ], [ 38.3, 12.8 ], [ 38.3, 12.9 ], [ 38.4, 12.9 ], [ 38.4, 13.0 ], [ 38.5, 13.0 ], [ 38.5, 13.1 ], [ 38.6, 13.1 ], [ 38.6, 13.2 ], [ 38.6, 13.3 ], [ 38.6, 13.4 ], [ 38.5, 13.4 ], [ 38.5, 13.5 ], [ 38.5, 13.6 ], [ 38.4, 13.6 ], [ 38.3, 13.6 ], [ 38.3, 13.5 ], [ 38.2, 13.5 ], [ 38.2, 13.4 ], [ 38.2, 13.3 ], [ 38.1, 13.3 ], [ 38.1, 13.4 ], [ 38.0, 13.4 ], [ 38.0, 13.3 ], [ 37.9, 13.3 ], [ 37.9, 13.2 ], [ 37.8, 13.2 ], [ 37.7, 13.2 ], [ 37.7, 13.1 ], [ 37.7, 13.0 ], [ 37.6, 13.0 ], [ 37.6, 12.9 ], [ 37.6, 12.8 ], [ 37.5, 12.8 ], [ 37.4, 12.8 ], [ 37.4, 12.7 ], [ 37.3, 12.7 ], [ 37.2, 12.7 ], [ 37.1, 12.7 ], [ 37.1, 12.6 ], [ 37.0, 12.6 ], [ 37.0, 12.5 ], [ 36.9, 12.5 ], [ 36.9, 12.4 ], [ 37.0, 12.4 ], [ 37.0, 12.3 ], [ 36.9, 12.3 ], [ 36.9, 12.2 ], [ 36.9, 12.1 ], [ 36.8, 12.1 ], [ 36.7, 12.1 ], [ 36.7, 12.0 ], [ 36.7, 11.9 ], [ 36.8, 11.9 ], [ 36.9, 11.9 ], [ 37.0, 11.9 ], [ 37.0, 12.0 ], [ 37.0, 12.1 ], [ 37.0, 12.2 ], [ 37.1, 12.2 ], [ 37.1, 12.3 ], [ 37.2, 12.3 ], [ 37.2, 12.2 ], [ 37.3, 12.2 ], [ 37.3, 12.3 ], [ 37.3, 12.4 ], [ 37.4, 12.4 ], [ 37.4, 12.3 ], [ 37.5, 12.3 ], [ 37.5, 12.2 ], [ 37.6, 12.2 ], [ 37.6, 12.1 ], [ 37.6, 12.0 ], [ 37.7, 12.0 ], [ 37.7, 11.9 ], [ 37.7, 11.8 ], [ 37.6, 11.8 ], [ 37.5, 11.8 ], [ 37.5, 11.7 ], [ 37.4, 11.7 ], [ 37.4, 11.6 ], [ 37.3, 11.6 ], [ 37.3, 11.7 ], [ 37.3, 11.8 ], [ 37.2, 11.8 ], [ 37.1, 11.8 ], [ 37.0, 11.8 ], [ 37.0, 11.7 ], [ 36.9, 11.7 ], [ 36.9, 11.6 ], [ 36.8, 11.6 ], [ 36.7, 11.6 ], [ 36.7, 11.5 ], [ 36.8, 11.5 ], [ 36.8, 11.4 ], [ 36.7, 11.4 ], [ 36.7, 11.3 ], [ 36.6, 11.3 ], [ 36.6, 11.2 ], [ 36.6, 11.1 ], [ 36.6, 11.0 ], [ 36.6, 10.9 ], [ 36.5, 10.9 ], [ 36.5, 10.8 ], [ 36.5, 10.7 ], [ 36.6, 10.7 ], [ 36.6, 10.6 ], [ 36.7, 10.6 ], [ 36.8, 10.6 ], [ 36.8, 10.5 ], [ 36.9, 10.5 ], [ 37.0, 10.5 ], [ 37.0, 10.4 ], [ 37.1, 10.4 ], [ 37.1, 10.5 ], [ 37.1, 10.6 ], [ 37.2, 10.6 ], [ 37.2, 10.7 ], [ 37.3, 10.7 ], [ 37.4, 10.7 ], [ 37.4, 10.6 ], [ 37.3, 10.6 ], [ 37.3, 10.5 ], [ 37.2, 10.5 ], [ 37.2, 10.4 ], [ 37.2, 10.3 ], [ 37.3, 10.3 ], [ 37.3, 10.2 ], [ 37.4, 10.2 ], [ 37.4, 10.1 ], [ 37.5, 10.1 ], [ 37.5, 10.2 ], [ 37.6, 10.2 ], [ 37.7, 10.2 ], [ 37.7, 10.1 ], [ 37.7, 10.0 ], [ 37.8, 10.0 ], [ 37.9, 10.0 ], [ 37.9, 10.1 ], [ 38.0, 10.1 ], [ 38.1, 10.1 ], [ 38.2, 10.1 ], [ 38.2, 10.0 ], [ 38.1, 10.0 ], [ 38.1, 9.9 ], [ 38.2, 9.9 ], [ 38.2, 9.8 ], [ 38.2, 9.7 ], [ 38.2, 9.6 ], [ 38.2, 9.5 ], [ 38.1, 9.5 ], [ 38.1, 9.6 ], [ 38.1, 9.7 ], [ 38.0, 9.7 ], [ 38.0, 9.8 ], [ 37.9, 9.8 ], [ 37.9, 9.7 ], [ 37.9, 9.6 ], [ 37.8, 9.6 ], [ 37.8, 9.7 ], [ 37.7, 9.7 ], [ 37.7, 9.6 ], [ 37.7, 9.5 ], [ 37.8, 9.5 ], [ 37.8, 9.4 ], [ 37.8, 9.3 ], [ 37.8, 9.2 ], [ 37.8, 9.1 ], [ 37.7, 9.1 ], [ 37.7, 9.2 ], [ 37.6, 9.2 ], [ 37.5, 9.2 ], [ 37.5, 9.3 ], [ 37.5, 9.4 ], [ 37.5, 9.5 ], [ 37.6, 9.5 ], [ 37.6, 9.6 ], [ 37.6, 9.7 ], [ 37.6, 9.8 ], [ 37.5, 9.8 ], [ 37.5, 9.7 ], [ 37.5, 9.6 ], [ 37.4, 9.6 ], [ 37.4, 9.7 ], [ 37.3, 9.7 ], [ 37.3, 9.8 ], [ 37.2, 9.8 ], [ 37.2, 9.9 ], [ 37.2, 10.0 ], [ 37.1, 10.0 ], [ 37.1, 10.1 ], [ 37.0, 10.1 ], [ 37.0, 10.2 ], [ 36.9, 10.2 ], [ 36.9, 10.1 ], [ 36.8, 10.1 ], [ 36.7, 10.1 ], [ 36.7, 10.2 ], [ 36.6, 10.2 ], [ 36.6, 10.1 ], [ 36.6, 10.0 ], [ 36.5, 10.0 ], [ 36.5, 10.1 ], [ 36.5, 10.2 ], [ 36.4, 10.2 ], [ 36.4, 10.1 ], [ 36.3, 10.1 ], [ 36.2, 10.1 ], [ 36.2, 10.0 ], [ 36.1, 10.0 ], [ 36.1, 9.9 ], [ 36.2, 9.9 ], [ 36.2, 9.8 ], [ 36.2, 9.7 ], [ 36.3, 9.7 ], [ 36.3, 9.8 ], [ 36.4, 9.8 ], [ 36.4, 9.7 ], [ 36.5, 9.7 ], [ 36.6, 9.7 ], [ 36.7, 9.7 ], [ 36.7, 9.8 ], [ 36.8, 9.8 ], [ 36.8, 9.9 ], [ 36.9, 9.9 ], [ 37.0, 9.9 ], [ 37.0, 9.8 ], [ 37.0, 9.7 ], [ 36.9, 9.7 ], [ 36.9, 9.6 ], [ 36.9, 9.5 ], [ 37.0, 9.5 ], [ 37.0, 9.4 ], [ 36.9, 9.4 ], [ 36.9, 9.3 ], [ 36.8, 9.3 ], [ 36.8, 9.2 ], [ 36.7, 9.2 ], [ 36.6, 9.2 ], [ 36.5, 9.2 ], [ 36.4, 9.2 ], [ 36.4, 9.1 ], [ 36.4, 9.0 ], [ 36.4, 8.9 ], [ 36.4, 8.8 ], [ 36.5, 8.8 ], [ 36.5, 8.7 ], [ 36.6, 8.7 ], [ 36.6, 8.6 ], [ 36.7, 8.6 ], [ 36.7, 8.7 ], [ 36.7, 8.8 ], [ 36.7, 8.9 ], [ 36.6, 8.9 ], [ 36.6, 9.0 ], [ 36.7, 9.0 ], [ 36.7, 9.1 ], [ 36.8, 9.1 ], [ 36.9, 9.1 ], [ 37.0, 9.1 ], [ 37.0, 9.2 ], [ 37.1, 9.2 ], [ 37.1, 9.1 ], [ 37.2, 9.1 ], [ 37.2, 9.0 ], [ 37.3, 9.0 ], [ 37.4, 9.0 ], [ 37.4, 8.9 ], [ 37.4, 8.8 ], [ 37.3, 8.8 ], [ 37.3, 8.7 ], [ 37.3, 8.6 ], [ 37.2, 8.6 ], [ 37.2, 8.5 ], [ 37.2, 8.4 ], [ 37.2, 8.3 ], [ 37.2, 8.2 ], [ 37.1, 8.2 ], [ 37.0, 8.2 ], [ 37.0, 8.1 ], [ 37.0, 8.0 ], [ 37.0, 7.9 ], [ 36.9, 7.9 ], [ 36.9, 8.0 ], [ 36.9, 8.1 ], [ 36.8, 8.1 ], [ 36.8, 8.0 ], [ 36.7, 8.0 ], [ 36.7, 7.9 ], [ 36.8, 7.9 ], [ 36.8, 7.8 ], [ 36.7, 7.8 ], [ 36.6, 7.8 ], [ 36.6, 7.9 ], [ 36.5, 7.9 ], [ 36.5, 8.0 ], [ 36.4, 8.0 ], [ 36.4, 8.1 ], [ 36.5, 8.1 ], [ 36.6, 8.1 ], [ 36.6, 8.2 ], [ 36.6, 8.3 ], [ 36.6, 8.4 ], [ 36.5, 8.4 ], [ 36.5, 8.5 ], [ 36.4, 8.5 ], [ 36.4, 8.6 ], [ 36.3, 8.6 ], [ 36.3, 8.7 ], [ 36.3, 8.8 ], [ 36.2, 8.8 ], [ 36.2, 8.7 ], [ 36.1, 8.7 ], [ 36.0, 8.7 ], [ 36.0, 8.8 ], [ 35.9, 8.8 ], [ 35.8, 8.8 ], [ 35.8, 8.9 ], [ 35.8, 9.0 ], [ 35.9, 9.0 ], [ 35.9, 9.1 ], [ 35.9, 9.2 ], [ 35.9, 9.3 ], [ 35.8, 9.3 ], [ 35.8, 9.2 ], [ 35.7, 9.2 ], [ 35.7, 9.3 ], [ 35.7, 9.4 ], [ 35.7, 9.5 ], [ 35.6, 9.5 ], [ 35.6, 9.4 ], [ 35.5, 9.4 ], [ 35.5, 9.3 ], [ 35.5, 9.2 ], [ 35.5, 9.1 ], [ 35.5, 9.0 ], [ 35.5, 8.9 ], [ 35.4, 8.9 ], [ 35.4, 8.8 ], [ 35.4, 8.7 ], [ 35.3, 8.7 ], [ 35.3, 8.8 ], [ 35.3, 8.9 ], [ 35.2, 8.9 ], [ 35.2, 8.8 ], [ 35.1, 8.8 ], [ 35.1, 8.9 ], [ 35.0, 8.9 ], [ 35.0, 8.8 ], [ 34.9, 8.8 ], [ 34.9, 8.9 ], [ 34.9, 9.0 ], [ 34.8, 9.0 ], [ 34.8, 8.9 ], [ 34.7, 8.9 ], [ 34.7, 9.0 ], [ 34.6, 9.0 ], [ 34.6, 8.9 ], [ 34.6, 8.8 ], [ 34.6, 8.7 ], [ 34.6, 8.6 ], [ 34.7, 8.6 ], [ 34.7, 8.5 ], [ 34.8, 8.5 ], [ 34.8, 8.6 ], [ 34.9, 8.6 ], [ 34.9, 8.5 ], [ 34.9, 8.4 ], [ 34.9, 8.3 ], [ 34.9, 8.2 ], [ 34.8, 8.2 ], [ 34.8, 8.1 ], [ 34.7, 8.1 ], [ 34.6, 8.1 ], [ 34.6, 8.2 ], [ 34.5, 8.2 ], [ 34.5, 8.1 ], [ 34.5, 8.0 ], [ 34.6, 8.0 ], [ 34.6, 7.9 ], [ 34.6, 7.8 ], [ 34.5, 7.8 ], [ 34.5, 7.7 ], [ 34.5, 7.6 ], [ 34.4, 7.6 ], [ 34.4, 7.5 ], [ 34.5, 7.5 ], [ 34.6, 7.5 ], [ 34.6, 7.4 ], [ 34.5, 7.4 ], [ 34.4, 7.4 ], [ 34.4, 7.3 ], [ 34.4, 7.2 ], [ 34.3, 7.2 ], [ 34.3, 7.1 ], [ 34.4, 7.1 ], [ 34.5, 7.1 ], [ 34.6, 7.1 ], [ 34.6, 7.0 ], [ 34.7, 7.0 ], [ 34.8, 7.0 ], [ 34.9, 7.0 ], [ 34.9, 6.9 ], [ 35.0, 6.9 ], [ 35.0, 6.8 ], [ 35.0, 6.7 ], [ 35.1, 6.7 ], [ 35.1, 6.8 ], [ 35.2, 6.8 ], [ 35.3, 6.8 ], [ 35.4, 6.8 ], [ 35.4, 6.9 ], [ 35.5, 6.9 ], [ 35.6, 6.9 ], [ 35.7, 6.9 ], [ 35.8, 6.9 ], [ 35.8, 7.0 ], [ 35.8, 7.1 ], [ 35.9, 7.1 ], [ 35.9, 7.2 ], [ 36.0, 7.2 ], [ 36.1, 7.2 ], [ 36.1, 7.1 ], [ 36.1, 7.0 ], [ 36.2, 7.0 ], [ 36.2, 7.1 ], [ 36.2, 7.2 ], [ 36.2, 7.3 ], [ 36.1, 7.3 ], [ 36.0, 7.3 ], [ 36.0, 7.4 ], [ 36.1, 7.4 ], [ 36.1, 7.5 ], [ 36.0, 7.5 ], [ 35.9, 7.5 ], [ 35.9, 7.6 ], [ 36.0, 7.6 ], [ 36.1, 7.6 ], [ 36.2, 7.6 ], [ 36.3, 7.6 ], [ 36.4, 7.6 ], [ 36.5, 7.6 ], [ 36.5, 7.5 ], [ 36.6, 7.5 ], [ 36.6, 7.4 ], [ 36.7, 7.4 ], [ 36.7, 7.3 ], [ 36.8, 7.3 ], [ 36.9, 7.3 ], [ 36.9, 7.4 ], [ 37.0, 7.4 ], [ 37.0, 7.3 ], [ 37.1, 7.3 ], [ 37.1, 7.4 ], [ 37.2, 7.4 ], [ 37.3, 7.4 ], [ 37.3, 7.5 ], [ 37.4, 7.5 ], [ 37.4, 7.6 ], [ 37.4, 7.7 ], [ 37.4, 7.8 ], [ 37.5, 7.8 ], [ 37.6, 7.8 ], [ 37.6, 7.7 ], [ 37.7, 7.7 ], [ 37.7, 7.6 ], [ 37.6, 7.6 ], [ 37.6, 7.5 ], [ 37.6, 7.4 ], [ 37.5, 7.4 ], [ 37.5, 7.3 ], [ 37.5, 7.2 ], [ 37.6, 7.2 ], [ 37.7, 7.2 ], [ 37.8, 7.2 ], [ 37.8, 7.1 ], [ 37.7, 7.1 ], [ 37.6, 7.1 ], [ 37.6, 7.0 ], [ 37.6, 6.9 ], [ 37.5, 6.9 ], [ 37.5, 6.8 ], [ 37.6, 6.8 ], [ 37.7, 6.8 ], [ 37.7, 6.7 ], [ 37.8, 6.7 ], [ 37.9, 6.7 ], [ 37.9, 6.8 ], [ 37.8, 6.8 ], [ 37.8, 6.9 ], [ 37.9, 6.9 ], [ 38.0, 6.9 ], [ 38.1, 6.9 ], [ 38.1, 7.0 ], [ 38.0, 7.0 ], [ 38.0, 7.1 ], [ 38.0, 7.2 ], [ 38.0, 7.3 ], [ 38.1, 7.3 ], [ 38.2, 7.3 ], [ 38.2, 7.2 ], [ 38.2, 7.1 ], [ 38.2, 7.0 ], [ 38.2, 6.9 ], [ 38.3, 6.9 ], [ 38.3, 6.8 ], [ 38.4, 6.8 ], [ 38.4, 6.7 ], [ 38.3, 6.7 ], [ 38.3, 6.6 ], [ 38.3, 6.5 ], [ 38.3, 6.4 ], [ 38.3, 6.3 ], [ 38.2, 6.3 ], [ 38.2, 6.2 ], [ 38.1, 6.2 ], [ 38.1, 6.1 ], [ 38.2, 6.1 ], [ 38.2, 6.0 ], [ 38.2, 5.9 ], [ 38.2, 5.8 ], [ 38.2, 5.7 ], [ 38.1, 5.7 ], [ 38.1, 5.6 ], [ 38.0, 5.6 ], [ 38.0, 5.5 ], [ 38.1, 5.5 ], [ 38.1, 5.4 ], [ 38.2, 5.4 ], [ 38.2, 5.5 ], [ 38.3, 5.5 ], [ 38.4, 5.5 ], [ 38.4, 5.6 ], [ 38.4, 5.7 ], [ 38.5, 5.7 ], [ 38.6, 5.7 ], [ 38.7, 5.7 ], [ 38.7, 5.6 ], [ 38.8, 5.6 ], [ 38.8, 5.7 ], [ 38.9, 5.7 ], [ 39.0, 5.7 ], [ 39.0, 5.6 ], [ 39.0, 5.5 ], [ 39.1, 5.5 ], [ 39.2, 5.5 ], [ 39.2, 5.6 ], [ 39.2, 5.7 ], [ 39.3, 5.7 ], [ 39.3, 5.8 ], [ 39.4, 5.8 ], [ 39.4, 5.9 ], [ 39.3, 5.9 ], [ 39.3, 6.0 ], [ 39.2, 6.0 ], [ 39.1, 6.0 ], [ 39.1, 6.1 ], [ 39.0, 6.1 ], [ 39.0, 6.0 ], [ 38.9, 6.0 ], [ 38.9, 6.1 ], [ 38.9, 6.2 ], [ 38.9, 6.3 ], [ 39.0, 6.3 ], [ 39.0, 6.2 ], [ 39.1, 6.2 ], [ 39.2, 6.2 ], [ 39.2, 6.1 ], [ 39.3, 6.1 ], [ 39.3, 6.2 ], [ 39.4, 6.2 ], [ 39.4, 6.1 ], [ 39.5, 6.1 ], [ 39.5, 6.2 ], [ 39.5, 6.3 ], [ 39.5, 6.4 ], [ 39.6, 6.4 ], [ 39.6, 6.5 ], [ 39.7, 6.5 ], [ 39.8, 6.5 ], [ 39.9, 6.5 ], [ 39.9, 6.6 ], [ 40.0, 6.6 ], [ 40.0, 6.7 ], [ 40.0, 6.8 ], [ 40.1, 6.8 ], [ 40.2, 6.8 ], [ 40.2, 6.9 ], [ 40.3, 6.9 ], [ 40.3, 6.8 ], [ 40.4, 6.8 ], [ 40.4, 6.7 ], [ 40.5, 6.7 ], [ 40.5, 6.8 ], [ 40.5, 6.9 ], [ 40.5, 7.0 ], [ 40.5, 7.1 ], [ 40.5, 7.2 ], [ 40.6, 7.2 ], [ 40.6, 7.1 ], [ 40.6, 7.0 ], [ 40.7, 7.0 ], [ 40.7, 7.1 ], [ 40.7, 7.2 ], [ 40.8, 7.2 ], [ 40.8, 7.3 ], [ 40.8, 7.4 ], [ 40.7, 7.4 ], [ 40.7, 7.5 ], [ 40.6, 7.5 ], [ 40.5, 7.5 ], [ 40.5, 7.4 ], [ 40.4, 7.4 ], [ 40.4, 7.5 ], [ 40.3, 7.5 ], [ 40.3, 7.6 ], [ 40.2, 7.6 ], [ 40.1, 7.6 ], [ 40.1, 7.7 ], [ 40.1, 7.8 ], [ 40.1, 7.9 ], [ 40.1, 8.0 ], [ 40.0, 8.0 ], [ 40.0, 8.1 ], [ 40.0, 8.2 ], [ 40.1, 8.2 ], [ 40.1, 8.3 ], [ 40.1, 8.4 ], [ 40.2, 8.4 ], [ 40.2, 8.5 ], [ 40.3, 8.5 ], [ 40.3, 8.6 ], [ 40.3, 8.7 ], [ 40.4, 8.7 ], [ 40.4, 8.8 ], [ 40.5, 8.8 ], [ 40.5, 8.7 ], [ 40.6, 8.7 ], [ 40.7, 8.7 ], [ 40.7, 8.8 ], [ 40.6, 8.8 ], [ 40.6, 8.9 ], [ 40.7, 8.9 ], [ 40.8, 8.9 ], [ 40.9, 8.9 ], [ 40.9, 8.8 ], [ 41.0, 8.8 ], [ 41.0, 8.9 ], [ 41.1, 8.9 ], [ 41.2, 8.9 ], [ 41.3, 8.9 ], [ 41.3, 9.0 ], [ 41.4, 9.0 ], [ 41.4, 9.1 ], [ 41.4, 9.2 ], [ 41.5, 9.2 ], [ 41.5, 9.1 ], [ 41.6, 9.1 ], [ 41.6, 9.0 ], [ 41.7, 9.0 ], [ 41.8, 9.0 ], [ 41.8, 8.9 ], [ 41.9, 8.9 ], [ 41.9, 9.0 ], [ 41.9, 9.1 ], [ 41.9, 9.2 ], [ 41.9, 9.3 ], [ 42.0, 9.3 ], [ 42.1, 9.3 ], [ 42.2, 9.3 ], [ 42.2, 9.4 ], [ 42.3, 9.4 ], [ 42.4, 9.4 ], [ 42.5, 9.4 ], [ 42.6, 9.4 ], [ 42.7, 9.4 ], [ 42.7, 9.5 ], [ 42.8, 9.5 ], [ 42.9, 9.5 ], [ 42.9, 9.6 ], [ 42.9, 9.7 ], [ 43.0, 9.7 ], [ 43.0, 9.8 ], [ 43.1, 9.8 ], [ 43.2, 9.8 ], [ 43.2, 9.9 ], [ 43.3, 9.9 ], [ 43.3, 10.0 ], [ 43.4, 10.1 ], [ 43.5, 10.2 ], [ 43.6, 10.3 ], [ 43.7, 10.4 ], [ 43.9, 10.5 ], [ 43.9, 10.6 ], [ 44.0, 10.7 ], [ 44.0, 10.6 ], [ 44.1, 10.6 ], [ 44.1, 10.5 ], [ 44.2, 10.5 ], [ 44.3, 10.5 ], [ 44.3, 10.4 ], [ 44.4, 10.4 ], [ 44.5, 10.4 ], [ 44.6, 10.4 ], [ 44.7, 10.4 ], [ 44.8, 10.4 ], [ 44.9, 10.4 ], [ 45.0, 10.4 ], [ 45.0, 10.5 ], [ 45.1, 10.5 ], [ 45.2, 10.5 ], [ 45.2, 10.6 ], [ 45.3, 10.6 ], [ 45.3, 10.7 ], [ 45.4, 10.7 ], [ 45.5, 10.7 ], [ 45.6, 10.7 ], [ 45.6, 10.8 ], [ 45.7, 10.8 ], [ 45.8, 10.8 ], [ 45.7, 10.7 ], [ 45.7, 10.6 ], [ 45.7, 10.5 ], [ 45.6, 10.5 ], [ 45.6, 10.4 ], [ 45.5, 10.4 ], [ 45.4, 10.3 ], [ 45.4, 10.4 ], [ 45.3, 10.4 ], [ 45.2, 10.4 ], [ 45.1, 10.4 ], [ 45.0, 10.3 ], [ 45.0, 10.2 ], [ 45.1, 10.1 ], [ 45.2, 10.1 ], [ 45.3, 10.1 ], [ 45.4, 10.1 ], [ 45.5, 10.1 ], [ 45.6, 10.1 ], [ 45.7, 10.2 ], [ 45.7, 10.3 ], [ 45.8, 10.3 ], [ 45.8, 10.4 ], [ 45.9, 10.4 ], [ 46.0, 10.4 ], [ 46.1, 10.4 ], [ 46.1, 10.5 ], [ 46.2, 10.5 ], [ 46.3, 10.4 ], [ 46.4, 10.4 ], [ 46.5, 10.4 ], [ 46.6, 10.4 ], [ 46.7, 10.3 ], [ 46.8, 10.4 ], [ 46.9, 10.5 ], [ 46.9, 10.4 ], [ 46.9, 10.3 ], [ 47.0, 10.3 ], [ 47.0, 10.2 ], [ 47.1, 10.2 ], [ 47.2, 10.2 ], [ 47.2, 10.1 ], [ 47.3, 10.2 ], [ 47.3, 10.3 ], [ 47.3, 10.4 ], [ 47.4, 10.4 ], [ 47.5, 10.4 ], [ 47.8, 10.6 ], [ 48.1, 10.7 ], [ 48.3, 10.7 ], [ 48.4, 10.7 ], [ 48.5, 10.7 ], [ 48.7, 10.8 ], [ 49.0, 11.0 ], [ 49.1, 11.0 ], [ 49.2, 11.0 ], [ 49.3, 11.0 ], [ 49.4, 11.0 ], [ 49.5, 11.0 ], [ 49.7, 11.1 ], [ 49.7, 11.0 ], [ 49.7, 10.9 ], [ 49.8, 10.9 ], [ 49.8, 10.8 ], [ 49.9, 10.8 ], [ 50.0, 10.8 ], [ 50.0, 10.9 ], [ 49.9, 10.9 ], [ 50.0, 11.0 ], [ 50.1, 11.0 ], [ 50.2, 10.9 ], [ 50.4, 10.9 ], [ 50.4, 10.8 ], [ 50.4, 10.7 ], [ 50.3, 10.7 ], [ 50.3, 10.6 ], [ 50.2, 10.5 ], [ 50.1, 10.4 ], [ 50.1, 10.3 ], [ 50.2, 10.2 ], [ 50.3, 10.1 ], [ 50.1, 9.9 ], [ 50.0, 9.5 ], [ 49.9, 9.0 ], [ 49.8, 8.5 ], [ 49.6, 7.9 ], [ 49.5, 7.7 ], [ 49.5, 7.6 ], [ 49.5, 7.5 ], [ 49.6, 7.5 ], [ 49.7, 7.5 ], [ 49.7, 7.4 ], [ 49.6, 7.4 ], [ 49.6, 7.3 ], [ 49.5, 7.3 ], [ 49.5, 7.2 ], [ 49.4, 7.1 ], [ 49.4, 7.0 ], [ 49.3, 6.9 ], [ 49.3, 6.8 ], [ 49.2, 6.8 ], [ 49.2, 6.7 ], [ 49.2, 6.6 ], [ 49.1, 6.6 ], [ 49.1, 6.5 ], [ 49.0, 6.5 ], [ 48.9, 6.4 ], [ 48.8, 6.3 ], [ 48.7, 6.2 ], [ 48.6, 6.1 ], [ 48.6, 6.0 ], [ 48.5, 5.9 ], [ 48.5, 5.8 ], [ 48.4, 5.7 ], [ 48.4, 5.6 ], [ 48.3, 5.6 ], [ 48.3, 5.5 ], [ 48.3, 5.4 ], [ 48.2, 5.3 ], [ 48.2, 5.2 ], [ 48.2, 5.1 ], [ 48.1, 5.1 ], [ 48.0, 5.1 ], [ 48.0, 5.0 ], [ 47.9, 5.0 ], [ 47.8, 5.0 ], [ 47.8, 4.9 ], [ 47.7, 4.8 ], [ 47.7, 4.7 ], [ 47.7, 4.6 ], [ 47.6, 4.5 ], [ 47.5, 4.5 ], [ 47.5, 4.4 ], [ 47.4, 4.4 ], [ 47.3, 4.4 ], [ 47.3, 4.3 ], [ 47.2, 4.3 ], [ 47.2, 4.2 ], [ 47.1, 4.2 ], [ 47.1, 4.1 ], [ 47.0, 4.0 ], [ 47.0, 3.9 ], [ 46.9, 3.9 ], [ 46.8, 3.9 ], [ 46.8, 3.8 ], [ 46.8, 3.7 ], [ 46.7, 3.7 ], [ 46.6, 3.7 ], [ 46.6, 3.6 ], [ 46.6, 3.5 ], [ 46.5, 3.5 ], [ 46.4, 3.6 ], [ 46.3, 3.6 ], [ 46.3, 3.5 ], [ 46.2, 3.5 ], [ 46.1, 3.4 ], [ 46.2, 3.4 ], [ 46.2, 3.3 ], [ 46.1, 3.2 ], [ 46.0, 3.2 ], [ 46.0, 3.1 ], [ 46.0, 3.0 ], [ 45.9, 3.0 ], [ 45.9, 2.9 ], [ 45.8, 2.8 ], [ 45.8, 2.7 ], [ 45.8, 2.6 ], [ 45.7, 2.6 ], [ 45.7, 2.7 ], [ 45.7, 2.8 ], [ 45.7, 2.9 ], [ 45.7, 3.0 ], [ 45.7, 3.1 ], [ 45.7, 3.2 ], [ 45.6, 3.2 ], [ 45.6, 3.3 ], [ 45.5, 3.3 ], [ 45.5, 3.2 ], [ 45.4, 3.1 ], [ 45.4, 3.0 ], [ 45.4, 2.9 ], [ 45.4, 2.8 ], [ 45.4, 2.7 ], [ 45.4, 2.6 ], [ 45.4, 2.5 ], [ 45.3, 2.4 ], [ 45.2, 2.4 ], [ 45.2, 2.3 ], [ 45.1, 2.3 ], [ 45.0, 2.3 ], [ 44.9, 2.3 ], [ 44.8, 2.2 ], [ 44.7, 2.1 ], [ 44.6, 2.1 ], [ 44.5, 2.1 ], [ 44.5, 2.2 ], [ 44.4, 2.2 ], [ 44.4, 2.1 ], [ 44.3, 2.0 ], [ 44.2, 2.0 ], [ 44.1, 2.0 ], [ 44.0, 2.0 ], [ 44.0, 2.1 ], [ 43.9, 2.1 ], [ 43.8, 2.1 ], [ 43.7, 2.1 ], [ 43.7, 2.0 ], [ 43.6, 1.9 ], [ 43.6, 1.8 ], [ 43.5, 1.8 ], [ 43.4, 1.8 ], [ 43.3, 1.8 ], [ 43.2, 1.8 ], [ 43.2, 1.7 ], [ 43.1, 1.6 ], [ 43.1, 1.5 ], [ 43.0, 1.5 ], [ 42.9, 1.5 ], [ 42.9, 1.4 ], [ 42.9, 1.3 ], [ 42.9, 1.2 ], [ 42.9, 1.1 ], [ 42.8, 1.1 ], [ 42.7, 1.1 ], [ 42.7, 1.0 ], [ 42.8, 1.0 ], [ 42.8, 0.9 ], [ 42.8, 0.8 ], [ 42.7, 0.8 ], [ 42.6, 0.8 ], [ 42.6, 0.7 ], [ 42.5, 0.7 ], [ 42.5, 0.6 ], [ 42.5, 0.5 ], [ 42.4, 0.5 ], [ 42.4, 0.4 ], [ 42.4, 0.3 ], [ 42.3, 0.3 ], [ 42.2, 0.3 ], [ 42.1, 0.3 ], [ 42.1, 0.2 ], [ 42.0, 0.1 ], [ 42.0, 0.0 ], [ 41.9, 0.0 ], [ 41.8, 0.0 ], [ 41.7, -0.1 ], [ 41.7, -0.2 ], [ 41.7, -0.3 ], [ 41.6, -0.3 ], [ 41.6, -0.4 ], [ 41.6, -0.5 ], [ 41.5, -0.5 ], [ 41.5, -0.6 ], [ 41.5, -0.7 ], [ 41.5, -0.8 ], [ 41.6, -0.8 ], [ 41.6, -0.9 ], [ 41.5, -0.9 ], [ 41.4, -0.9 ], [ 41.3, -0.9 ], [ 41.3, -1.0 ], [ 41.3, -1.1 ], [ 41.4, -1.2 ], [ 41.4, -1.3 ], [ 41.3, -1.3 ], [ 41.3, -1.4 ], [ 41.2, -1.4 ], [ 41.2, -1.3 ], [ 41.2, -1.2 ], [ 41.1, -1.2 ], [ 41.1, -1.3 ], [ 41.0, -1.3 ], [ 40.9, -1.3 ], [ 40.8, -1.3 ], [ 40.8, -1.4 ], [ 40.8, -1.5 ], [ 40.9, -1.5 ], [ 41.0, -1.5 ], [ 41.0, -1.6 ], [ 40.9, -1.6 ], [ 40.8, -1.6 ], [ 40.8, -1.7 ], [ 40.7, -1.7 ], [ 40.6, -1.7 ], [ 40.5, -1.7 ], [ 40.5, -1.8 ], [ 40.4, -1.8 ], [ 40.3, -1.8 ], [ 40.2, -1.8 ], [ 40.2, -1.9 ], [ 40.1, -1.9 ], [ 40.1, -2.0 ], [ 40.0, -2.0 ], [ 40.0, -2.1 ], [ 40.0, -2.2 ], [ 40.1, -2.2 ], [ 40.1, -2.3 ], [ 40.1, -2.4 ], [ 40.1, -2.5 ], [ 40.1, -2.6 ], [ 40.1, -2.7 ], [ 40.0, -2.7 ], [ 39.9, -2.7 ], [ 39.9, -2.8 ], [ 39.9, -2.9 ], [ 39.8, -2.9 ], [ 39.8, -3.0 ], [ 39.7, -3.0 ], [ 39.6, -3.0 ], [ 39.5, -3.0 ], [ 39.5, -3.1 ], [ 39.6, -3.1 ], [ 39.7, -3.1 ], [ 39.7, -3.2 ], [ 39.6, -3.2 ], [ 39.6, -3.3 ], [ 39.5, -3.3 ], [ 39.5, -3.4 ], [ 39.5, -3.5 ], [ 39.5, -3.6 ], [ 39.4, -3.6 ], [ 39.4, -3.7 ], [ 39.4, -3.8 ], [ 39.4, -3.9 ], [ 39.4, -4.0 ], [ 39.4, -4.1 ], [ 39.4, -4.2 ], [ 39.3, -4.2 ], [ 39.2, -4.2 ], [ 39.1, -4.2 ], [ 39.1, -4.3 ], [ 39.0, -4.3 ], [ 39.0, -4.4 ], [ 39.0, -4.5 ], [ 38.9, -4.5 ], [ 38.9, -4.6 ], [ 38.9, -4.7 ], [ 38.9, -4.8 ], [ 38.8, -4.8 ], [ 38.8, -4.7 ], [ 38.7, -4.7 ], [ 38.6, -4.7 ], [ 38.6, -4.8 ], [ 38.5, -4.8 ], [ 38.5, -4.7 ], [ 38.5, -4.6 ], [ 38.4, -4.6 ], [ 38.4, -4.5 ], [ 38.3, -4.5 ], [ 38.2, -4.5 ], [ 38.1, -4.5 ], [ 38.0, -4.5 ], [ 38.0, -4.6 ], [ 38.1, -4.6 ], [ 38.2, -4.6 ], [ 38.2, -4.7 ], [ 38.2, -4.8 ], [ 38.1, -4.8 ], [ 38.1, -4.9 ], [ 38.1, -5.0 ], [ 38.1, -5.1 ], [ 38.2, -5.1 ], [ 38.3, -5.1 ], [ 38.3, -5.2 ], [ 38.4, -5.2 ], [ 38.4, -5.3 ], [ 38.5, -5.3 ], [ 38.5, -5.4 ], [ 38.5, -5.5 ], [ 38.4, -5.5 ], [ 38.4, -5.6 ], [ 38.5, -5.6 ], [ 38.5, -5.7 ], [ 38.4, -5.7 ], [ 38.3, -5.7 ], [ 38.3, -5.8 ], [ 38.4, -5.8 ], [ 38.5, -5.8 ], [ 38.5, -5.9 ], [ 38.6, -5.9 ], [ 38.6, -6.0 ], [ 38.5, -6.0 ], [ 38.5, -6.1 ], [ 38.6, -6.1 ], [ 38.6, -6.2 ], [ 38.5, -6.2 ], [ 38.4, -6.2 ], [ 38.4, -6.3 ], [ 38.4, -6.4 ], [ 38.4, -6.5 ], [ 38.4, -6.6 ], [ 38.3, -6.6 ], [ 38.3, -6.7 ], [ 38.3, -6.8 ], [ 38.2, -6.8 ], [ 38.1, -6.8 ], [ 38.1, -6.9 ], [ 38.0, -6.9 ], [ 38.0, -7.0 ], [ 37.9, -7.0 ], [ 37.9, -7.1 ], [ 37.9, -7.2 ], [ 37.8, -7.2 ], [ 37.8, -7.3 ], [ 37.8, -7.4 ], [ 37.8, -7.5 ], [ 37.9, -7.5 ], [ 38.0, -7.5 ], [ 38.1, -7.5 ], [ 38.1, -7.6 ], [ 38.1, -7.7 ], [ 38.1, -7.8 ], [ 38.2, -7.8 ], [ 38.2, -7.9 ], [ 38.1, -7.9 ], [ 38.1, -8.0 ], [ 38.1, -8.1 ], [ 38.0, -8.1 ], [ 38.0, -8.2 ], [ 37.9, -8.2 ], [ 37.9, -8.3 ], [ 38.0, -8.3 ], [ 38.0, -8.4 ], [ 37.9, -8.4 ], [ 37.9, -8.5 ], [ 38.0, -8.5 ], [ 38.1, -8.5 ], [ 38.1, -8.6 ], [ 38.2, -8.6 ], [ 38.2, -8.7 ], [ 38.3, -8.7 ], [ 38.3, -8.6 ], [ 38.4, -8.6 ], [ 38.4, -8.7 ], [ 38.4, -8.8 ], [ 38.4, -8.9 ], [ 38.5, -8.9 ], [ 38.5, -9.0 ], [ 38.6, -9.0 ], [ 38.6, -8.9 ], [ 38.6, -8.8 ], [ 38.7, -8.8 ], [ 38.8, -8.8 ], [ 38.8, -8.9 ], [ 38.9, -8.9 ], [ 39.0, -8.9 ], [ 39.1, -8.9 ], [ 39.1, -8.8 ], [ 39.2, -8.8 ], [ 39.2, -8.9 ], [ 39.2, -9.0 ], [ 39.2, -9.1 ], [ 39.3, -9.1 ], [ 39.3, -9.2 ], [ 39.4, -9.2 ], [ 39.4, -9.3 ], [ 39.4, -9.4 ], [ 39.4, -9.5 ], [ 39.5, -9.5 ], [ 39.5, -9.6 ], [ 39.4, -9.6 ], [ 39.3, -9.6 ], [ 39.2, -9.6 ], [ 39.2, -9.7 ], [ 39.2, -9.8 ], [ 39.2, -9.9 ], [ 39.3, -9.9 ], [ 39.3, -10.0 ], [ 39.2, -10.0 ], [ 39.2, -10.1 ], [ 39.1, -10.1 ], [ 39.1, -10.2 ], [ 39.0, -10.2 ], [ 39.0, -10.3 ], [ 39.1, -10.3 ], [ 39.1, -10.4 ], [ 39.2, -10.4 ], [ 39.2, -10.5 ], [ 39.1, -10.5 ], [ 39.1, -10.6 ], [ 39.0, -10.6 ], [ 39.0, -10.7 ], [ 38.9, -10.7 ], [ 38.9, -10.8 ], [ 38.9, -10.9 ], [ 38.9, -11.0 ], [ 38.9, -11.1 ], [ 38.9, -11.2 ], [ 38.8, -11.2 ], [ 38.8, -11.3 ], [ 38.7, -11.3 ], [ 38.6, -11.3 ], [ 38.6, -11.4 ], [ 38.7, -11.4 ], [ 38.8, -11.4 ], [ 38.8, -11.5 ], [ 38.9, -11.5 ], [ 39.0, -11.6 ], [ 39.0, -11.7 ], [ 39.1, -11.7 ], [ 39.2, -11.7 ], [ 39.3, -11.8 ], [ 39.4, -11.8 ], [ 39.4, -11.9 ], [ 39.5, -11.9 ], [ 39.5, -12.0 ], [ 39.6, -12.0 ], [ 39.6, -12.1 ], [ 39.6, -12.2 ], [ 39.6, -12.3 ], [ 39.7, -12.3 ], [ 39.7, -12.4 ], [ 39.8, -12.4 ], [ 39.9, -12.4 ], [ 39.9, -12.5 ], [ 40.0, -12.5 ], [ 40.0, -12.6 ], [ 40.0, -12.7 ], [ 40.0, -12.8 ], [ 40.0, -12.9 ], [ 40.0, -13.0 ], [ 40.0, -13.1 ], [ 40.0, -13.2 ], [ 40.0, -13.3 ], [ 39.9, -13.3 ], [ 39.9, -13.4 ], [ 39.8, -13.4 ], [ 39.8, -13.5 ], [ 39.7, -13.5 ], [ 39.6, -13.5 ], [ 39.6, -13.6 ], [ 39.5, -13.6 ], [ 39.4, -13.6 ], [ 39.4, -13.7 ], [ 39.3, -13.7 ], [ 39.3, -13.8 ], [ 39.4, -13.8 ], [ 39.5, -13.8 ], [ 39.6, -13.8 ], [ 39.7, -13.8 ], [ 39.8, -13.8 ], [ 39.9, -13.8 ], [ 40.0, -13.8 ], [ 40.0, -13.9 ], [ 40.1, -13.9 ], [ 40.1, -14.0 ], [ 40.1, -14.1 ], [ 40.1, -14.2 ], [ 40.2, -14.2 ], [ 40.2, -14.3 ], [ 40.2, -14.4 ], [ 40.1, -14.4 ], [ 40.1, -14.5 ], [ 40.1, -14.6 ], [ 40.1, -14.7 ], [ 40.1, -14.8 ], [ 40.0, -14.8 ], [ 40.0, -14.9 ], [ 40.0, -15.0 ], [ 40.0, -15.1 ], [ 39.9, -15.1 ], [ 39.9, -15.2 ], [ 39.9, -15.3 ], [ 39.8, -15.3 ], [ 39.8, -15.4 ], [ 39.7, -15.4 ], [ 39.7, -15.5 ], [ 39.7, -15.6 ], [ 39.6, -15.6 ], [ 39.6, -15.7 ], [ 39.5, -15.7 ], [ 39.5, -15.8 ], [ 39.4, -15.8 ], [ 39.4, -15.9 ], [ 39.3, -15.9 ], [ 39.3, -16.0 ], [ 39.2, -16.1 ], [ 39.2, -16.2 ], [ 39.1, -16.3 ], [ 39.0, -16.4 ], [ 38.9, -16.5 ], [ 38.8, -16.6 ], [ 38.7, -16.6 ], [ 38.6, -16.6 ], [ 38.4, -16.7 ], [ 38.3, -16.8 ], [ 38.1, -16.9 ], [ 38.0, -17.0 ], [ 37.9, -17.0 ], [ 37.7, -17.1 ], [ 37.6, -17.2 ], [ 37.5, -17.2 ], [ 37.4, -17.2 ], [ 37.3, -17.2 ], [ 37.2, -17.3 ], [ 37.0, -17.3 ], [ 36.9, -17.4 ], [ 36.8, -17.4 ], [ 36.6, -17.5 ], [ 36.5, -17.6 ], [ 36.4, -17.6 ], [ 36.3, -17.7 ], [ 36.2, -17.7 ], [ 36.1, -17.8 ], [ 36.1, -17.9 ], [ 36.0, -17.9 ], [ 35.9, -17.9 ], [ 35.7, -17.9 ], [ 35.6, -17.9 ], [ 35.5, -17.9 ], [ 35.4, -17.9 ], [ 35.4, -18.0 ], [ 35.4, -18.1 ], [ 35.3, -18.2 ], [ 35.2, -18.3 ], [ 35.1, -18.4 ], [ 35.0, -18.6 ], [ 34.9, -18.8 ], [ 34.8, -18.8 ], [ 34.8, -18.9 ], [ 34.7, -19.0 ], [ 34.7, -19.2 ], [ 34.6, -19.1 ], [ 34.5, -19.1 ], [ 34.5, -19.2 ], [ 34.4, -19.2 ], [ 34.4, -19.3 ], [ 34.4, -19.4 ], [ 34.3, -19.4 ], [ 34.3, -19.5 ], [ 34.3, -19.6 ], [ 34.3, -19.7 ], [ 34.3, -19.8 ], [ 34.4, -19.9 ], [ 34.4, -20.0 ], [ 34.4, -20.1 ], [ 34.4, -20.2 ], [ 34.4, -20.3 ], [ 34.4, -20.4 ], [ 34.4, -20.5 ], [ 34.4, -20.6 ], [ 34.4, -20.7 ], [ 34.5, -20.7 ], [ 34.5, -20.8 ], [ 34.6, -20.8 ], [ 34.6, -20.9 ], [ 34.7, -21.0 ], [ 34.7, -21.1 ], [ 34.6, -21.1 ], [ 34.6, -21.2 ], [ 34.5, -21.2 ], [ 34.4, -21.2 ], [ 34.3, -21.2 ], [ 34.3, -21.3 ], [ 34.3, -21.4 ], [ 34.4, -21.4 ], [ 34.6, -21.3 ], [ 34.6, -21.4 ], [ 34.6, -21.5 ], [ 34.5, -21.6 ], [ 34.5, -21.8 ], [ 34.5, -21.9 ], [ 34.5, -22.0 ], [ 34.6, -22.1 ], [ 34.5, -22.2 ], [ 34.4, -22.3 ], [ 34.3, -22.4 ], [ 34.3, -22.5 ], [ 34.3, -22.6 ], [ 34.4, -22.6 ], [ 34.5, -22.6 ], [ 34.6, -22.5 ], [ 34.7, -22.6 ], [ 34.7, -22.7 ], [ 34.7, -22.8 ], [ 34.8, -23.1 ], [ 34.8, -23.2 ], [ 34.8, -23.4 ], [ 34.8, -23.6 ], [ 34.7, -23.7 ], [ 34.7, -23.8 ], [ 34.7, -23.9 ], [ 34.6, -24.0 ], [ 34.5, -24.0 ], [ 34.4, -24.0 ], [ 34.4, -23.9 ], [ 34.3, -23.8 ], [ 34.2, -23.8 ], [ 34.2, -23.9 ], [ 34.2, -24.0 ], [ 34.3, -24.1 ], [ 34.3, -24.2 ], [ 34.2, -24.3 ], [ 34.1, -24.3 ], [ 34.1, -24.4 ], [ 34.0, -24.4 ], [ 33.9, -24.5 ], [ 33.7, -24.6 ], [ 33.6, -24.6 ], [ 33.5, -24.6 ], [ 33.5, -24.7 ], [ 33.5, -24.8 ], [ 33.4, -24.7 ], [ 33.3, -24.7 ], [ 33.3, -24.6 ], [ 33.3, -24.5 ], [ 33.3, -24.4 ], [ 33.2, -24.3 ], [ 33.2, -24.4 ], [ 33.1, -24.4 ], [ 33.2, -24.5 ], [ 33.2, -24.6 ], [ 33.2, -24.7 ], [ 33.1, -24.7 ], [ 32.9, -24.8 ], [ 32.8, -24.9 ], [ 32.8, -25.0 ], [ 32.6, -25.1 ], [ 32.5, -25.2 ], [ 32.4, -25.3 ], [ 32.3, -25.4 ], [ 32.3, -25.5 ], [ 32.3, -25.6 ], [ 32.1, -25.7 ], [ 32.1, -25.8 ], [ 32.0, -25.9 ], [ 32.0, -26.0 ], [ 31.9, -26.1 ], [ 31.9, -26.3 ], [ 31.8, -26.4 ], [ 31.8, -26.7 ], [ 31.8, -27.2 ], [ 31.9, -27.3 ], [ 32.0, -27.3 ], [ 32.0, -27.4 ], [ 32.1, -27.4 ], [ 32.1, -27.5 ], [ 32.2, -27.5 ], [ 32.2, -27.6 ], [ 32.3, -27.6 ], [ 32.3, -27.7 ], [ 32.3, -27.8 ], [ 32.3, -27.9 ], [ 32.2, -28.1 ], [ 32.1, -28.1 ], [ 32.1, -28.2 ], [ 32.1, -28.3 ], [ 32.2, -28.3 ], [ 32.2, -28.4 ], [ 32.2, -28.5 ], [ 32.1, -28.5 ], [ 32.1, -28.6 ], [ 32.0, -28.6 ], [ 32.0, -28.7 ], [ 31.9, -28.7 ], [ 31.8, -28.7 ], [ 31.8, -28.8 ], [ 31.7, -28.8 ], [ 31.6, -28.8 ], [ 31.5, -28.8 ], [ 31.5, -28.9 ], [ 31.4, -28.9 ], [ 31.3, -28.9 ], [ 31.3, -29.0 ], [ 31.3, -29.1 ], [ 31.3, -29.2 ], [ 31.2, -29.2 ], [ 31.2, -29.3 ], [ 31.1, -29.3 ], [ 31.1, -29.4 ], [ 31.0, -29.4 ], [ 31.0, -29.5 ], [ 30.9, -29.5 ], [ 30.8, -29.5 ], [ 30.8, -29.6 ], [ 30.8, -29.7 ], [ 30.9, -29.7 ], [ 30.9, -29.8 ], [ 30.8, -29.8 ], [ 30.8, -29.9 ], [ 30.7, -29.9 ], [ 30.7, -30.0 ], [ 30.6, -30.0 ], [ 30.6, -30.1 ], [ 30.6, -30.2 ], [ 30.5, -30.2 ], [ 30.5, -30.3 ], [ 30.4, -30.3 ], [ 30.4, -30.4 ], [ 30.3, -30.4 ], [ 30.4, -30.5 ], [ 30.3, -30.5 ], [ 30.2, -30.5 ], [ 30.2, -30.6 ], [ 30.3, -30.6 ], [ 30.3, -30.7 ], [ 30.2, -30.7 ], [ 30.2, -30.8 ], [ 30.2, -30.9 ], [ 30.1, -30.9 ], [ 30.1, -31.0 ], [ 30.0, -31.0 ], [ 30.0, -31.1 ], [ 29.9, -31.1 ], [ 29.9, -31.2 ], [ 29.8, -31.2 ], [ 29.8, -31.3 ], [ 29.7, -31.3 ], [ 29.7, -31.4 ], [ 29.6, -31.4 ], [ 29.6, -31.5 ], [ 29.5, -31.5 ], [ 29.4, -31.5 ], [ 29.4, -31.6 ], [ 29.3, -31.6 ], [ 29.2, -31.6 ], [ 29.2, -31.7 ], [ 29.2, -31.8 ], [ 29.1, -31.8 ], [ 29.1, -31.9 ], [ 29.0, -31.9 ], [ 29.0, -32.0 ], [ 28.9, -32.0 ], [ 28.9, -32.1 ], [ 28.9, -32.2 ], [ 28.8, -32.2 ], [ 28.8, -32.3 ], [ 28.7, -32.3 ], [ 28.7, -32.4 ], [ 28.6, -32.4 ], [ 28.6, -32.5 ], [ 28.5, -32.5 ], [ 28.4, -32.5 ], [ 28.4, -32.6 ], [ 28.3, -32.6 ], [ 28.3, -32.7 ], [ 28.2, -32.7 ], [ 28.1, -32.7 ], [ 28.1, -32.8 ], [ 28.0, -32.8 ], [ 27.9, -32.8 ], [ 27.8, -32.8 ], [ 27.8, -32.9 ], [ 27.7, -32.8 ], [ 27.7, -32.9 ], [ 27.6, -32.9 ], [ 27.5, -32.9 ], [ 27.4, -32.9 ], [ 27.4, -33.0 ], [ 27.3, -33.0 ], [ 27.2, -33.0 ], [ 27.2, -32.9 ], [ 27.1, -32.9 ], [ 27.1, -33.0 ], [ 27.0, -33.0 ], [ 27.0, -32.9 ], [ 26.9, -32.9 ], [ 26.9, -33.0 ], [ 26.8, -33.0 ], [ 26.8, -32.9 ], [ 26.7, -32.9 ], [ 26.7, -32.8 ], [ 26.7, -32.7 ], [ 26.7, -32.6 ], [ 26.7, -32.5 ], [ 26.6, -32.5 ], [ 26.6, -32.6 ], [ 26.6, -32.7 ], [ 26.6, -32.8 ], [ 26.5, -32.8 ], [ 26.4, -32.8 ], [ 26.4, -32.7 ], [ 26.4, -32.6 ], [ 26.3, -32.6 ], [ 26.2, -32.6 ], [ 26.1, -32.6 ], [ 26.1, -32.5 ], [ 26.1, -32.4 ], [ 26.2, -32.4 ], [ 26.2, -32.3 ], [ 26.3, -32.3 ], [ 26.4, -32.3 ], [ 26.5, -32.3 ], [ 26.6, -32.3 ], [ 26.6, -32.2 ], [ 26.6, -32.1 ], [ 26.5, -32.1 ], [ 26.5, -32.2 ], [ 26.4, -32.2 ], [ 26.4, -32.1 ], [ 26.4, -32.0 ], [ 26.3, -32.0 ], [ 26.2, -32.0 ], [ 26.1, -32.0 ], [ 26.1, -32.1 ], [ 26.0, -32.1 ], [ 26.0, -32.0 ], [ 26.0, -31.9 ], [ 26.1, -31.9 ], [ 26.1, -31.8 ], [ 26.2, -31.8 ], [ 26.2, -31.7 ], [ 26.3, -31.7 ], [ 26.3, -31.6 ], [ 26.4, -31.6 ], [ 26.5, -31.6 ], [ 26.5, -31.5 ], [ 26.4, -31.5 ], [ 26.4, -31.4 ], [ 26.4, -31.3 ], [ 26.4, -31.2 ], [ 26.5, -31.2 ], [ 26.5, -31.1 ], [ 26.4, -31.1 ], [ 26.4, -31.0 ], [ 26.5, -31.0 ], [ 26.6, -31.0 ], [ 26.6, -30.9 ], [ 26.7, -30.9 ], [ 26.8, -30.9 ], [ 26.8, -31.0 ], [ 26.9, -31.0 ], [ 27.0, -31.0 ], [ 27.1, -31.0 ], [ 27.2, -31.0 ], [ 27.2, -30.9 ], [ 27.2, -30.8 ], [ 27.2, -30.7 ], [ 27.3, -30.7 ], [ 27.4, -30.7 ], [ 27.5, -30.7 ], [ 27.6, -30.7 ], [ 27.6, -30.6 ], [ 27.7, -30.6 ], [ 27.7, -30.5 ], [ 27.8, -30.5 ], [ 27.8, -30.4 ], [ 27.9, -30.4 ], [ 28.0, -30.4 ], [ 28.0, -30.3 ], [ 28.0, -30.2 ], [ 28.1, -30.2 ], [ 28.2, -30.2 ], [ 28.2, -30.1 ], [ 28.3, -30.1 ], [ 28.4, -30.1 ], [ 28.5, -30.1 ], [ 28.6, -30.1 ], [ 28.7, -30.1 ], [ 28.8, -30.1 ], [ 28.8, -30.0 ], [ 28.8, -29.9 ], [ 28.7, -29.9 ], [ 28.6, -29.9 ], [ 28.6, -30.0 ], [ 28.5, -30.0 ], [ 28.4, -30.0 ], [ 28.3, -30.0 ], [ 28.3, -29.9 ], [ 28.3, -29.8 ], [ 28.3, -29.7 ], [ 28.2, -29.7 ], [ 28.2, -29.8 ], [ 28.2, -29.9 ], [ 28.2, -30.0 ], [ 28.1, -30.0 ], [ 28.1, -29.9 ], [ 28.0, -29.9 ], [ 28.0, -30.0 ], [ 27.9, -30.0 ], [ 27.8, -30.0 ], [ 27.8, -30.1 ], [ 27.9, -30.1 ], [ 27.9, -30.2 ], [ 27.8, -30.2 ], [ 27.7, -30.2 ], [ 27.7, -30.3 ], [ 27.6, -30.3 ], [ 27.6, -30.2 ], [ 27.5, -30.2 ], [ 27.5, -30.1 ], [ 27.6, -30.1 ], [ 27.6, -30.0 ], [ 27.5, -30.0 ], [ 27.5, -29.9 ], [ 27.6, -29.9 ], [ 27.7, -29.9 ], [ 27.7, -29.8 ], [ 27.7, -29.7 ], [ 27.6, -29.7 ], [ 27.5, -29.6 ], [ 27.6, -29.6 ], [ 27.7, -29.6 ], [ 27.7, -29.5 ], [ 27.8, -29.5 ], [ 27.8, -29.4 ], [ 27.8, -29.3 ], [ 27.7, -29.3 ], [ 27.7, -29.2 ], [ 27.8, -29.2 ], [ 27.9, -29.2 ], [ 28.0, -29.2 ], [ 28.0, -29.1 ], [ 28.1, -29.1 ], [ 28.2, -29.1 ], [ 28.2, -29.0 ], [ 28.2, -28.9 ], [ 28.3, -28.9 ], [ 28.4, -28.9 ], [ 28.3, -28.8 ], [ 28.4, -28.8 ], [ 28.5, -28.8 ], [ 28.5, -28.7 ], [ 28.4, -28.7 ], [ 28.3, -28.7 ], [ 28.3, -28.6 ], [ 28.4, -28.6 ], [ 28.5, -28.6 ], [ 28.5, -28.5 ], [ 28.6, -28.5 ], [ 28.7, -28.5 ], [ 28.7, -28.6 ], [ 28.8, -28.6 ], [ 28.8, -28.7 ], [ 28.9, -28.7 ], [ 28.9, -28.6 ], [ 28.9, -28.5 ], [ 29.0, -28.5 ], [ 29.0, -28.4 ], [ 29.1, -28.4 ], [ 29.1, -28.5 ], [ 29.2, -28.5 ], [ 29.3, -28.5 ], [ 29.3, -28.4 ], [ 29.4, -28.4 ], [ 29.4, -28.3 ], [ 29.5, -28.3 ], [ 29.6, -28.3 ], [ 29.6, -28.2 ], [ 29.7, -28.2 ], [ 29.7, -28.1 ], [ 29.6, -28.1 ], [ 29.6, -28.0 ], [ 29.7, -28.0 ], [ 29.7, -27.9 ], [ 29.7, -27.8 ], [ 29.7, -27.7 ], [ 29.7, -27.6 ], [ 29.8, -27.6 ], [ 29.8, -27.5 ], [ 29.7, -27.5 ], [ 29.7, -27.4 ], [ 29.8, -27.4 ], [ 29.9, -27.4 ], [ 29.9, -27.5 ], [ 30.0, -27.5 ], [ 30.1, -27.5 ], [ 30.1, -27.6 ], [ 30.2, -27.6 ], [ 30.3, -27.6 ], [ 30.4, -27.6 ], [ 30.4, -27.7 ], [ 30.4, -27.8 ], [ 30.5, -27.8 ], [ 30.5, -27.7 ], [ 30.6, -27.7 ], [ 30.6, -27.8 ], [ 30.7, -27.8 ], [ 30.8, -27.8 ], [ 30.8, -27.7 ], [ 30.9, -27.7 ], [ 30.9, -27.6 ], [ 30.9, -27.5 ], [ 31.0, -27.5 ], [ 31.1, -27.5 ], [ 31.1, -27.4 ], [ 31.0, -27.4 ], [ 31.0, -27.3 ], [ 31.1, -27.3 ], [ 31.1, -27.2 ], [ 31.2, -27.2 ], [ 31.2, -27.3 ], [ 31.3, -27.3 ], [ 31.3, -27.2 ], [ 31.4, -27.2 ], [ 31.4, -27.1 ], [ 31.3, -27.1 ], [ 31.4, -27.0 ], [ 31.4, -26.9 ], [ 31.3, -26.9 ], [ 31.3, -27.0 ], [ 31.2, -27.0 ], [ 31.1, -27.0 ], [ 31.1, -26.9 ], [ 31.2, -26.9 ], [ 31.2, -26.8 ], [ 31.2, -26.7 ], [ 31.3, -26.7 ], [ 31.3, -26.6 ], [ 31.2, -26.6 ], [ 31.1, -26.6 ], [ 31.0, -26.6 ], [ 31.0, -26.5 ], [ 31.1, -26.5 ], [ 31.1, -26.4 ], [ 31.2, -26.4 ], [ 31.3, -26.4 ], [ 31.3, -26.3 ], [ 31.2, -26.3 ], [ 31.2, -26.2 ], [ 31.3, -26.2 ], [ 31.3, -26.1 ], [ 31.2, -26.1 ], [ 31.1, -26.1 ], [ 31.0, -26.1 ], [ 31.0, -26.0 ], [ 31.0, -25.9 ], [ 31.1, -25.9 ], [ 31.1, -26.0 ], [ 31.2, -26.0 ], [ 31.3, -26.0 ], [ 31.3, -25.9 ], [ 31.2, -25.9 ], [ 31.2, -25.8 ], [ 31.3, -25.8 ], [ 31.4, -25.8 ], [ 31.4, -25.7 ], [ 31.3, -25.7 ], [ 31.2, -25.7 ], [ 31.1, -25.7 ], [ 31.1, -25.8 ], [ 31.0, -25.8 ], [ 30.9, -25.8 ], [ 30.8, -25.8 ], [ 30.8, -25.7 ], [ 30.7, -25.7 ], [ 30.7, -25.6 ], [ 30.8, -25.6 ], [ 30.8, -25.5 ], [ 30.7, -25.5 ], [ 30.6, -25.5 ], [ 30.6, -25.4 ], [ 30.6, -25.3 ], [ 30.7, -25.3 ], [ 30.7, -25.4 ], [ 30.8, -25.3 ], [ 30.9, -25.3 ], [ 30.9, -25.2 ], [ 31.0, -25.2 ], [ 31.0, -25.1 ], [ 30.9, -25.1 ], [ 30.9, -25.0 ], [ 30.9, -24.9 ], [ 30.9, -24.8 ], [ 30.9, -24.7 ], [ 30.9, -24.6 ], [ 30.9, -24.5 ], [ 30.8, -24.5 ], [ 30.7, -24.6 ], [ 30.6, -24.6 ], [ 30.6, -24.5 ], [ 30.5, -24.5 ], [ 30.5, -24.6 ], [ 30.5, -24.7 ], [ 30.6, -24.7 ], [ 30.6, -24.8 ], [ 30.5, -24.8 ], [ 30.4, -24.8 ], [ 30.4, -24.9 ], [ 30.3, -24.9 ], [ 30.2, -24.9 ], [ 30.2, -25.0 ], [ 30.1, -25.0 ], [ 30.0, -25.0 ], [ 30.0, -25.1 ], [ 30.0, -25.2 ], [ 29.9, -25.2 ], [ 29.8, -25.2 ], [ 29.8, -25.1 ], [ 29.8, -25.0 ], [ 29.8, -24.9 ], [ 29.8, -24.8 ], [ 29.7, -24.8 ], [ 29.7, -24.9 ], [ 29.7, -25.0 ], [ 29.6, -25.0 ], [ 29.5, -25.0 ], [ 29.5, -25.1 ], [ 29.5, -25.2 ], [ 29.6, -25.2 ], [ 29.7, -25.2 ], [ 29.7, -25.3 ], [ 29.7, -25.4 ], [ 29.7, -25.5 ], [ 29.6, -25.5 ], [ 29.5, -25.5 ], [ 29.4, -25.5 ], [ 29.3, -25.5 ], [ 29.3, -25.6 ], [ 29.2, -25.6 ], [ 29.1, -25.7 ], [ 29.1, -25.6 ], [ 29.0, -25.6 ], [ 28.9, -25.6 ], [ 28.8, -25.6 ], [ 28.7, -25.6 ], [ 28.7, -25.7 ], [ 28.6, -25.7 ], [ 28.6, -25.6 ], [ 28.5, -25.6 ], [ 28.5, -25.7 ], [ 28.5, -25.8 ], [ 28.5, -25.9 ], [ 28.4, -25.9 ], [ 28.3, -25.9 ], [ 28.3, -25.8 ], [ 28.2, -25.8 ], [ 28.1, -25.8 ], [ 28.0, -25.8 ], [ 27.9, -25.8 ], [ 27.8, -25.8 ], [ 27.8, -25.9 ], [ 27.7, -25.9 ], [ 27.7, -26.0 ], [ 27.6, -26.0 ], [ 27.5, -26.0 ], [ 27.5, -26.1 ], [ 27.4, -26.1 ], [ 27.3, -26.1 ], [ 27.2, -26.1 ], [ 27.2, -26.0 ], [ 27.3, -26.0 ], [ 27.3, -25.9 ], [ 27.2, -25.9 ], [ 27.1, -25.9 ], [ 27.0, -25.9 ], [ 26.9, -25.9 ], [ 26.9, -25.8 ], [ 26.8, -25.8 ], [ 26.7, -25.8 ], [ 26.7, -25.7 ], [ 26.6, -25.7 ], [ 26.5, -25.7 ], [ 26.5, -25.8 ], [ 26.5, -25.9 ], [ 26.4, -25.9 ], [ 26.4, -25.8 ], [ 26.3, -25.8 ], [ 26.2, -25.8 ], [ 26.1, -25.8 ], [ 26.1, -25.7 ], [ 26.0, -25.7 ], [ 26.0, -25.6 ], [ 25.9, -25.6 ], [ 25.9, -25.5 ], [ 25.8, -25.5 ], [ 25.8, -25.4 ], [ 25.7, -25.4 ], [ 25.7, -25.5 ], [ 25.6, -25.5 ], [ 25.6, -25.6 ], [ 25.6, -25.7 ], [ 25.5, -25.7 ], [ 25.4, -25.7 ], [ 25.4, -25.8 ], [ 25.3, -25.8 ], [ 25.2, -25.8 ], [ 25.2, -25.7 ], [ 25.1, -25.7 ], [ 25.1, -25.6 ], [ 25.0, -25.6 ], [ 25.0, -25.5 ], [ 24.9, -25.5 ], [ 24.9, -25.4 ], [ 24.8, -25.4 ], [ 24.7, -25.4 ], [ 24.7, -25.3 ], [ 24.7, -25.2 ], [ 24.6, -25.2 ], [ 24.6, -25.1 ], [ 24.7, -25.1 ], [ 24.8, -25.1 ], [ 24.8, -25.0 ], [ 24.7, -25.0 ], [ 24.6, -25.0 ], [ 24.6, -24.9 ], [ 24.6, -24.8 ], [ 24.5, -24.8 ], [ 24.4, -24.8 ], [ 24.4, -24.7 ], [ 24.5, -24.7 ], [ 24.6, -24.7 ], [ 24.7, -24.7 ], [ 24.8, -24.7 ], [ 24.8, -24.8 ], [ 24.9, -24.8 ], [ 24.9, -24.7 ], [ 25.0, -24.7 ], [ 25.0, -24.8 ], [ 25.1, -24.8 ], [ 25.1, -24.7 ], [ 25.2, -24.7 ], [ 25.2, -24.6 ], [ 25.3, -24.6 ], [ 25.3, -24.5 ], [ 25.3, -24.4 ], [ 25.4, -24.4 ], [ 25.5, -24.4 ], [ 25.5, -24.3 ], [ 25.5, -24.2 ], [ 25.5, -24.1 ], [ 25.6, -24.1 ], [ 25.7, -24.1 ], [ 25.7, -24.0 ], [ 25.8, -24.0 ], [ 25.8, -23.9 ], [ 25.9, -23.9 ], [ 26.0, -23.9 ], [ 26.1, -23.8 ], [ 26.1, -23.7 ], [ 26.1, -23.6 ], [ 26.0, -23.6 ], [ 25.9, -23.6 ], [ 25.8, -23.6 ], [ 25.8, -23.5 ], [ 25.7, -23.5 ], [ 25.6, -23.5 ], [ 25.6, -23.4 ], [ 25.7, -23.4 ], [ 25.7, -23.3 ], [ 25.8, -23.3 ], [ 25.8, -23.2 ], [ 25.9, -23.2 ], [ 25.9, -23.1 ], [ 26.0, -23.1 ], [ 26.0, -23.2 ], [ 26.1, -23.2 ], [ 26.1, -23.1 ], [ 26.1, -23.0 ], [ 26.0, -23.0 ], [ 26.0, -22.9 ], [ 26.1, -22.9 ], [ 26.1, -22.8 ], [ 26.2, -22.8 ], [ 26.3, -22.8 ], [ 26.3, -22.7 ], [ 26.3, -22.6 ], [ 26.3, -22.5 ], [ 26.4, -22.5 ], [ 26.5, -22.5 ], [ 26.5, -22.4 ], [ 26.6, -22.4 ], [ 26.7, -22.4 ], [ 26.7, -22.3 ], [ 26.8, -22.3 ], [ 26.8, -22.2 ], [ 26.8, -22.1 ], [ 26.7, -22.1 ], [ 26.6, -22.1 ], [ 26.5, -22.1 ], [ 26.5, -22.0 ], [ 26.4, -22.0 ], [ 26.4, -21.9 ], [ 26.3, -21.9 ], [ 26.3, -21.8 ], [ 26.4, -21.8 ], [ 26.4, -21.7 ], [ 26.4, -21.6 ], [ 26.4, -21.5 ], [ 26.3, -21.5 ], [ 26.3, -21.4 ], [ 26.2, -21.4 ], [ 26.1, -21.4 ], [ 26.0, -21.4 ], [ 25.9, -21.4 ], [ 25.9, -21.5 ], [ 25.8, -21.5 ], [ 25.8, -21.4 ], [ 25.7, -21.4 ], [ 25.6, -21.4 ], [ 25.6, -21.5 ], [ 25.5, -21.5 ], [ 25.4, -21.5 ], [ 25.3, -21.5 ], [ 25.2, -21.5 ], [ 25.1, -21.4 ], [ 25.0, -21.4 ], [ 24.9, -21.4 ], [ 24.8, -21.4 ], [ 24.7, -21.4 ], [ 24.7, -21.3 ], [ 24.8, -21.3 ], [ 24.8, -21.2 ], [ 24.9, -21.2 ], [ 25.0, -21.2 ], [ 25.1, -21.1 ], [ 25.1, -21.0 ], [ 25.2, -21.0 ], [ 25.3, -21.1 ], [ 25.4, -21.1 ], [ 25.4, -21.2 ], [ 25.5, -21.2 ], [ 25.5, -21.1 ], [ 25.6, -21.1 ], [ 25.7, -21.1 ], [ 25.8, -21.1 ], [ 25.8, -21.2 ], [ 25.9, -21.2 ], [ 26.0, -21.2 ], [ 26.1, -21.2 ], [ 26.2, -21.2 ], [ 26.3, -21.2 ], [ 26.4, -21.2 ], [ 26.4, -21.1 ], [ 26.4, -21.0 ], [ 26.3, -21.0 ], [ 26.3, -20.9 ], [ 26.2, -20.9 ], [ 26.2, -20.8 ], [ 26.2, -20.7 ], [ 26.2, -20.6 ], [ 26.3, -20.6 ], [ 26.3, -20.5 ], [ 26.3, -20.4 ], [ 26.4, -20.4 ], [ 26.4, -20.3 ], [ 26.3, -20.3 ], [ 26.2, -20.3 ], [ 26.1, -20.3 ], [ 26.0, -20.3 ], [ 25.9, -20.3 ], [ 25.8, -20.3 ], [ 25.7, -20.3 ], [ 25.7, -20.2 ], [ 25.6, -20.2 ], [ 25.6, -20.3 ], [ 25.5, -20.3 ], [ 25.4, -20.3 ], [ 25.4, -20.4 ], [ 25.4, -20.5 ], [ 25.3, -20.5 ], [ 25.2, -20.5 ], [ 25.1, -20.5 ], [ 25.0, -20.5 ], [ 24.9, -20.6 ], [ 24.9, -20.5 ], [ 24.8, -20.5 ], [ 24.8, -20.4 ], [ 24.8, -20.3 ], [ 24.7, -20.3 ], [ 24.7, -20.2 ], [ 24.6, -20.2 ], [ 24.6, -20.1 ], [ 24.6, -20.0 ], [ 24.5, -20.0 ], [ 24.5, -19.9 ], [ 24.4, -19.9 ], [ 24.3, -19.9 ], [ 24.2, -19.9 ], [ 24.2, -19.8 ], [ 24.3, -19.8 ], [ 24.3, -19.7 ], [ 24.3, -19.6 ], [ 24.3, -19.5 ], [ 24.3, -19.4 ], [ 24.4, -19.4 ], [ 24.4, -19.3 ], [ 24.5, -19.3 ], [ 24.6, -19.3 ], [ 24.6, -19.4 ], [ 24.7, -19.5 ], [ 24.7, -19.4 ], [ 24.8, -19.4 ], [ 24.9, -19.5 ], [ 25.0, -19.5 ], [ 25.0, -19.6 ], [ 25.1, -19.6 ], [ 25.1, -19.5 ], [ 25.2, -19.5 ], [ 25.3, -19.5 ], [ 25.3, -19.6 ], [ 25.4, -19.6 ], [ 25.5, -19.6 ], [ 25.6, -19.6 ], [ 25.7, -19.6 ], [ 25.7, -19.5 ], [ 25.8, -19.5 ], [ 25.9, -19.5 ], [ 26.0, -19.5 ], [ 26.1, -19.5 ], [ 26.4, -19.4 ], [ 25.8, -18.8 ], [ 25.8, -18.9 ], [ 25.7, -18.9 ], [ 25.6, -18.9 ], [ 25.5, -18.9 ], [ 25.4, -18.9 ], [ 25.4, -18.8 ], [ 25.3, -18.8 ], [ 25.2, -18.8 ], [ 25.1, -18.9 ], [ 25.0, -18.9 ], [ 24.9, -18.9 ], [ 24.9, -18.8 ], [ 24.8, -18.8 ], [ 24.8, -18.7 ], [ 24.7, -18.7 ], [ 24.7, -18.6 ], [ 24.6, -18.6 ], [ 24.6, -18.7 ], [ 24.5, -18.7 ], [ 24.5, -18.8 ], [ 24.6, -18.8 ], [ 24.6, -18.9 ], [ 24.5, -18.9 ], [ 24.4, -18.9 ], [ 24.4, -19.0 ], [ 24.3, -19.0 ], [ 24.3, -19.1 ], [ 24.2, -19.1 ], [ 24.1, -19.1 ], [ 24.1, -19.2 ], [ 24.0, -19.2 ], [ 23.9, -19.3 ], [ 23.9, -19.4 ], [ 23.9, -19.5 ], [ 23.9, -19.6 ], [ 23.8, -19.6 ], [ 23.7, -19.5 ], [ 23.7, -19.4 ], [ 23.6, -19.4 ], [ 23.5, -19.4 ], [ 23.5, -19.3 ], [ 23.4, -19.3 ], [ 23.3, -19.2 ], [ 23.4, -19.2 ], [ 23.5, -19.2 ], [ 23.6, -19.2 ], [ 23.7, -19.2 ], [ 23.8, -19.2 ], [ 23.8, -19.1 ], [ 23.7, -19.1 ], [ 23.6, -19.1 ], [ 23.5, -19.1 ], [ 23.4, -19.1 ], [ 23.3, -19.1 ], [ 23.2, -19.1 ], [ 23.2, -19.0 ], [ 23.1, -19.0 ], [ 23.0, -19.0 ], [ 22.9, -19.0 ], [ 22.8, -19.0 ], [ 22.8, -18.9 ], [ 22.9, -18.9 ], [ 22.9, -18.8 ], [ 23.0, -18.8 ], [ 23.1, -18.8 ], [ 23.2, -18.8 ], [ 23.2, -18.7 ], [ 23.1, -18.7 ], [ 23.0, -18.7 ], [ 23.0, -18.6 ], [ 23.0, -18.5 ], [ 22.9, -18.5 ], [ 22.9, -18.6 ], [ 22.9, -18.7 ], [ 22.8, -18.7 ], [ 22.7, -18.8 ], [ 22.6, -18.8 ], [ 22.6, -18.9 ], [ 22.5, -18.9 ], [ 22.5, -18.8 ], [ 22.4, -18.8 ], [ 22.4, -18.7 ], [ 22.3, -18.7 ], [ 22.2, -18.7 ], [ 22.2, -18.6 ], [ 22.2, -18.5 ], [ 22.1, -18.5 ], [ 22.1, -18.4 ], [ 22.0, -18.4 ], [ 21.9, -18.4 ], [ 21.9, -18.5 ], [ 21.9, -18.6 ], [ 22.0, -18.6 ], [ 22.0, -18.7 ], [ 22.1, -18.7 ], [ 22.1, -18.8 ], [ 22.2, -18.8 ], [ 22.2, -18.9 ], [ 22.2, -19.0 ], [ 22.2, -19.1 ] ], [ [ 30.2, -4.0 ], [ 30.3, -4.0 ], [ 30.3, -3.9 ], [ 30.2, -3.9 ], [ 30.2, -4.0 ] ], [ [ 30.2, -3.5 ], [ 30.2, -3.4 ], [ 30.1, -3.4 ], [ 30.1, -3.5 ], [ 30.2, -3.5 ] ], [ [ 10.7, 5.8 ], [ 10.6, 5.7 ], [ 10.7, 5.7 ], [ 10.7, 5.6 ], [ 10.8, 5.6 ], [ 10.8, 5.7 ], [ 10.8, 5.8 ], [ 10.7, 5.8 ] ], [ [ -7.4, 7.6 ], [ -7.3, 7.7 ], [ -7.2, 7.8 ], [ -7.3, 7.8 ], [ -7.4, 7.8 ], [ -7.5, 7.8 ], [ -7.6, 7.8 ], [ -7.5, 7.7 ], [ -7.5, 7.6 ], [ -7.4, 7.6 ] ], [ [ -7.3, 7.9 ], [ -7.4, 7.9 ], [ -7.4, 7.8 ], [ -7.3, 7.9 ] ], [ [ -8.9, 9.0 ], [ -8.9, 9.1 ], [ -8.9, 9.2 ], [ -8.9, 9.3 ], [ -9.0, 9.3 ], [ -9.0, 9.2 ], [ -9.0, 9.1 ], [ -9.0, 9.0 ], [ -8.9, 9.0 ] ], [ [ -9.4, 9.3 ], [ -9.5, 9.3 ], [ -9.6, 9.3 ], [ -9.6, 9.2 ], [ -9.5, 9.2 ], [ -9.4, 9.2 ], [ -9.4, 9.3 ] ], [ [ -12.8, 9.5 ], [ -12.8, 9.6 ], [ -12.8, 9.7 ], [ -12.8, 9.8 ], [ -12.8, 9.9 ], [ -12.9, 9.9 ], [ -12.9, 9.8 ], [ -12.9, 9.7 ], [ -12.9, 9.6 ], [ -12.9, 9.5 ], [ -12.8, 9.5 ] ], [ [ -14.0, 10.1 ], [ -14.0, 10.2 ], [ -14.1, 10.1 ], [ -14.0, 10.1 ] ], [ [ -13.0, 19.9 ], [ -12.9, 19.9 ], [ -12.9, 20.0 ], [ -13.0, 19.9 ] ], [ [ -12.4, 19.6 ], [ -12.3, 19.6 ], [ -12.2, 19.6 ], [ -12.1, 19.6 ], [ -12.1, 19.7 ], [ -12.2, 19.7 ], [ -12.3, 19.7 ], [ -12.4, 19.7 ], [ -12.4, 19.6 ] ], [ [ 8.7, 17.3 ], [ 8.8, 17.3 ], [ 8.7, 17.4 ], [ 8.7, 17.3 ] ], [ [ 22.4, 16.5 ], [ 22.4, 16.4 ], [ 22.5, 16.4 ], [ 22.4, 16.5 ] ], [ [ 23.1, 16.3 ], [ 23.2, 16.3 ], [ 23.2, 16.2 ], [ 23.3, 16.2 ], [ 23.4, 16.2 ], [ 23.4, 16.3 ], [ 23.4, 16.4 ], [ 23.3, 16.4 ], [ 23.2, 16.4 ], [ 23.1, 16.4 ], [ 23.1, 16.3 ] ], [ [ 37.0, 18.9 ], [ 36.9, 18.9 ], [ 36.9, 18.8 ], [ 37.0, 18.8 ], [ 37.0, 18.7 ], [ 37.0, 18.6 ], [ 37.1, 18.5 ], [ 37.2, 18.6 ], [ 37.2, 18.7 ], [ 37.2, 18.8 ], [ 37.2, 18.9 ], [ 37.1, 18.9 ], [ 37.0, 19.0 ], [ 37.0, 18.9 ] ], [ [ 38.3, 14.3 ], [ 38.2, 14.3 ], [ 38.2, 14.2 ], [ 38.3, 14.2 ], [ 38.3, 14.3 ] ], [ [ 38.2, 14.4 ], [ 38.1, 14.4 ], [ 38.1, 14.3 ], [ 38.2, 14.3 ], [ 38.2, 14.4 ] ], [ [ 38.2, 14.0 ], [ 38.2, 13.9 ], [ 38.3, 13.9 ], [ 38.3, 14.0 ], [ 38.2, 14.0 ] ], [ [ 39.1, 13.0 ], [ 39.0, 13.0 ], [ 39.0, 12.9 ], [ 39.1, 12.9 ], [ 39.1, 13.0 ] ], [ [ 38.9, 12.9 ], [ 38.8, 12.9 ], [ 38.8, 12.8 ], [ 38.9, 12.8 ], [ 38.9, 12.9 ] ], [ [ 37.9, 5.5 ], [ 37.9, 5.4 ], [ 37.9, 5.3 ], [ 38.0, 5.3 ], [ 38.0, 5.4 ], [ 38.0, 5.5 ], [ 37.9, 5.5 ] ], [ [ 37.9, 5.6 ], [ 37.9, 5.7 ], [ 37.9, 5.8 ], [ 37.9, 5.9 ], [ 37.8, 5.9 ], [ 37.8, 5.8 ], [ 37.8, 5.7 ], [ 37.8, 5.6 ], [ 37.8, 5.5 ], [ 37.9, 5.5 ], [ 37.9, 5.6 ] ], [ [ 41.5, 9.0 ], [ 41.5, 8.9 ], [ 41.6, 8.9 ], [ 41.6, 9.0 ], [ 41.5, 9.0 ] ], [ [ 47.4, 10.3 ], [ 47.5, 10.3 ], [ 47.4, 10.4 ], [ 47.4, 10.3 ] ], [ [ 38.0, -4.4 ], [ 37.9, -4.4 ], [ 37.9, -4.5 ], [ 38.0, -4.5 ], [ 38.0, -4.4 ] ], [ [ 38.3, -5.3 ], [ 38.2, -5.3 ], [ 38.1, -5.3 ], [ 38.1, -5.4 ], [ 38.2, -5.4 ], [ 38.3, -5.4 ], [ 38.4, -5.4 ], [ 38.4, -5.3 ], [ 38.3, -5.3 ] ], [ [ 38.0, -8.6 ], [ 38.0, -8.7 ], [ 38.1, -8.7 ], [ 38.1, -8.6 ], [ 38.0, -8.6 ] ], [ [ 39.2, -9.2 ], [ 39.2, -9.3 ], [ 39.3, -9.3 ], [ 39.3, -9.2 ], [ 39.2, -9.2 ] ], [ [ 38.5, -11.4 ], [ 38.4, -11.4 ], [ 38.4, -11.5 ], [ 38.5, -11.5 ], [ 38.6, -11.5 ], [ 38.6, -11.4 ], [ 38.5, -11.4 ] ], [ [ 31.1, -29.2 ], [ 31.0, -29.2 ], [ 31.0, -29.3 ], [ 31.1, -29.3 ], [ 31.1, -29.2 ] ], [ [ 30.7, -24.5 ], [ 30.7, -24.4 ], [ 30.6, -24.4 ], [ 30.6, -24.5 ], [ 30.7, -24.5 ] ], [ [ 26.3, -22.9 ], [ 26.4, -22.9 ], [ 26.4, -22.8 ], [ 26.3, -22.8 ], [ 26.3, -22.9 ] ], [ [ 26.1, -20.2 ], [ 26.0, -20.2 ], [ 26.0, -20.3 ], [ 26.1, -20.2 ] ], [ [ 24.6, -19.9 ], [ 24.6, -19.8 ], [ 24.5, -19.8 ], [ 24.5, -19.9 ], [ 24.6, -19.9 ] ], [ [ 24.7, -19.8 ], [ 24.7, -19.7 ], [ 24.6, -19.7 ], [ 24.6, -19.8 ], [ 24.7, -19.8 ] ], [ [ 24.0, -19.1 ], [ 24.0, -19.0 ], [ 24.0, -18.9 ], [ 24.0, -18.8 ], [ 24.0, -18.7 ], [ 24.1, -18.6 ], [ 24.1, -18.5 ], [ 24.0, -18.5 ], [ 23.9, -18.5 ], [ 23.8, -18.5 ], [ 23.8, -18.6 ], [ 23.9, -18.6 ], [ 23.9, -18.7 ], [ 23.8, -18.7 ], [ 23.8, -18.8 ], [ 23.9, -18.8 ], [ 23.9, -18.9 ], [ 23.8, -18.9 ], [ 23.8, -19.0 ], [ 23.9, -19.0 ], [ 23.9, -19.1 ], [ 23.9, -19.2 ], [ 24.0, -19.2 ], [ 24.0, -19.1 ] ], [ [ 23.3, -18.7 ], [ 23.3, -18.6 ], [ 23.2, -18.6 ], [ 23.2, -18.7 ], [ 23.3, -18.7 ] ], [ [ 23.4, -18.6 ], [ 23.5, -18.6 ], [ 23.6, -18.6 ], [ 23.6, -18.5 ], [ 23.7, -18.5 ], [ 23.7, -18.4 ], [ 23.8, -18.4 ], [ 23.8, -18.3 ], [ 23.7, -18.3 ], [ 23.6, -18.3 ], [ 23.6, -18.2 ], [ 23.5, -18.2 ], [ 23.4, -18.2 ], [ 23.4, -18.3 ], [ 23.4, -18.4 ], [ 23.5, -18.4 ], [ 23.5, -18.5 ], [ 23.4, -18.5 ], [ 23.3, -18.5 ], [ 23.3, -18.6 ], [ 23.4, -18.6 ] ], [ [ 23.4, -18.1 ], [ 23.3, -18.1 ], [ 23.3, -18.2 ], [ 23.4, -18.2 ], [ 23.4, -18.1 ] ], [ [ 21.9, -18.3 ], [ 21.8, -18.3 ], [ 21.9, -18.4 ], [ 21.9, -18.3 ] ], [ [ 33.8, 1.0 ], [ 33.9, 1.0 ], [ 34.0, 1.0 ], [ 34.0, 1.1 ], [ 33.9, 1.1 ], [ 33.8, 1.1 ], [ 33.8, 1.0 ] ], [ [ 34.2, 1.0 ], [ 34.3, 1.0 ], [ 34.3, 0.9 ], [ 34.4, 0.9 ], [ 34.5, 0.9 ], [ 34.5, 0.8 ], [ 34.6, 0.8 ], [ 34.7, 0.8 ], [ 34.8, 0.8 ], [ 34.8, 0.9 ], [ 34.8, 1.0 ], [ 34.8, 1.1 ], [ 34.8, 1.2 ], [ 34.7, 1.2 ], [ 34.7, 1.3 ], [ 34.7, 1.4 ], [ 34.6, 1.4 ], [ 34.5, 1.4 ], [ 34.4, 1.4 ], [ 34.4, 1.3 ], [ 34.3, 1.3 ], [ 34.3, 1.2 ], [ 34.2, 1.2 ], [ 34.2, 1.1 ], [ 34.2, 1.0 ] ], [ [ 35.1, 1.2 ], [ 35.1, 1.1 ], [ 35.2, 1.1 ], [ 35.2, 1.0 ], [ 35.3, 1.0 ], [ 35.4, 1.0 ], [ 35.4, 0.9 ], [ 35.5, 0.9 ], [ 35.5, 0.8 ], [ 35.6, 0.8 ], [ 35.6, 0.9 ], [ 35.6, 1.0 ], [ 35.6, 1.1 ], [ 35.6, 1.2 ], [ 35.6, 1.3 ], [ 35.6, 1.4 ], [ 35.5, 1.4 ], [ 35.4, 1.4 ], [ 35.4, 1.3 ], [ 35.3, 1.3 ], [ 35.2, 1.3 ], [ 35.1, 1.3 ], [ 35.1, 1.2 ] ], [ [ 35.4, 0.7 ], [ 35.4, 0.6 ], [ 35.4, 0.5 ], [ 35.4, 0.4 ], [ 35.4, 0.3 ], [ 35.4, 0.2 ], [ 35.3, 0.2 ], [ 35.2, 0.2 ], [ 35.2, 0.3 ], [ 35.1, 0.3 ], [ 35.1, 0.4 ], [ 35.2, 0.4 ], [ 35.2, 0.5 ], [ 35.2, 0.6 ], [ 35.1, 0.6 ], [ 35.1, 0.5 ], [ 35.0, 0.5 ], [ 34.9, 0.5 ], [ 34.9, 0.4 ], [ 34.9, 0.3 ], [ 34.8, 0.3 ], [ 34.8, 0.2 ], [ 34.8, 0.1 ], [ 34.7, 0.1 ], [ 34.7, 0.0 ], [ 34.8, 0.0 ], [ 34.9, 0.0 ], [ 35.0, 0.0 ], [ 35.1, 0.0 ], [ 35.2, 0.0 ], [ 35.2, 0.1 ], [ 35.3, 0.1 ], [ 35.3, 0.0 ], [ 35.3, -0.1 ], [ 35.3, -0.2 ], [ 35.4, -0.2 ], [ 35.4, -0.3 ], [ 35.3, -0.3 ], [ 35.2, -0.3 ], [ 35.2, -0.4 ], [ 35.1, -0.4 ], [ 35.1, -0.5 ], [ 35.0, -0.5 ], [ 34.9, -0.5 ], [ 34.8, -0.5 ], [ 34.8, -0.6 ], [ 34.7, -0.6 ], [ 34.7, -0.7 ], [ 34.6, -0.7 ], [ 34.6, -0.8 ], [ 34.7, -0.8 ], [ 34.7, -0.9 ], [ 34.6, -0.9 ], [ 34.5, -0.9 ], [ 34.5, -1.0 ], [ 34.6, -1.0 ], [ 34.6, -1.1 ], [ 34.6, -1.2 ], [ 34.5, -1.2 ], [ 34.4, -1.2 ], [ 34.4, -1.3 ], [ 34.4, -1.4 ], [ 34.5, -1.4 ], [ 34.6, -1.4 ], [ 34.6, -1.5 ], [ 34.7, -1.5 ], [ 34.7, -1.4 ], [ 34.8, -1.4 ], [ 34.9, -1.4 ], [ 34.9, -1.3 ], [ 35.0, -1.3 ], [ 35.0, -1.2 ], [ 35.0, -1.1 ], [ 34.9, -1.1 ], [ 34.9, -1.0 ], [ 35.0, -1.0 ], [ 35.0, -0.9 ], [ 35.1, -0.9 ], [ 35.2, -0.9 ], [ 35.2, -1.0 ], [ 35.3, -1.0 ], [ 35.4, -1.0 ], [ 35.4, -0.9 ], [ 35.5, -0.9 ], [ 35.5, -1.0 ], [ 35.6, -1.0 ], [ 35.7, -1.0 ], [ 35.8, -1.0 ], [ 35.8, -1.1 ], [ 35.9, -1.1 ], [ 35.9, -1.2 ], [ 35.9, -1.3 ], [ 36.0, -1.3 ], [ 36.0, -1.2 ], [ 36.1, -1.2 ], [ 36.2, -1.2 ], [ 36.2, -1.1 ], [ 36.2, -1.0 ], [ 36.2, -0.9 ], [ 36.2, -0.8 ], [ 36.2, -0.7 ], [ 36.3, -0.7 ], [ 36.3, -0.6 ], [ 36.2, -0.6 ], [ 36.1, -0.6 ], [ 36.1, -0.5 ], [ 36.0, -0.5 ], [ 36.0, -0.4 ], [ 36.0, -0.3 ], [ 36.1, -0.3 ], [ 36.2, -0.3 ], [ 36.2, -0.4 ], [ 36.3, -0.4 ], [ 36.3, -0.5 ], [ 36.4, -0.5 ], [ 36.4, -0.6 ], [ 36.4, -0.7 ], [ 36.5, -0.7 ], [ 36.5, -0.8 ], [ 36.5, -0.9 ], [ 36.6, -0.9 ], [ 36.6, -1.0 ], [ 36.6, -1.1 ], [ 36.6, -1.2 ], [ 36.6, -1.3 ], [ 36.6, -1.4 ], [ 36.7, -1.4 ], [ 36.8, -1.4 ], [ 36.8, -1.3 ], [ 36.9, -1.3 ], [ 36.9, -1.2 ], [ 36.9, -1.1 ], [ 37.0, -1.1 ], [ 37.1, -1.1 ], [ 37.1, -1.0 ], [ 37.1, -0.9 ], [ 37.1, -0.8 ], [ 37.1, -0.7 ], [ 37.2, -0.7 ], [ 37.2, -0.6 ], [ 37.3, -0.6 ], [ 37.3, -0.5 ], [ 37.4, -0.5 ], [ 37.5, -0.5 ], [ 37.6, -0.5 ], [ 37.6, -0.4 ], [ 37.7, -0.4 ], [ 37.7, -0.3 ], [ 37.7, -0.2 ], [ 37.7, -0.1 ], [ 37.7, 0.0 ], [ 37.8, 0.0 ], [ 37.8, 0.1 ], [ 37.9, 0.1 ], [ 38.0, 0.1 ], [ 38.0, 0.2 ], [ 38.0, 0.3 ], [ 38.0, 0.4 ], [ 37.9, 0.4 ], [ 37.9, 0.3 ], [ 37.8, 0.3 ], [ 37.8, 0.2 ], [ 37.7, 0.2 ], [ 37.6, 0.2 ], [ 37.5, 0.2 ], [ 37.5, 0.1 ], [ 37.4, 0.1 ], [ 37.4, 0.2 ], [ 37.3, 0.2 ], [ 37.3, 0.3 ], [ 37.3, 0.4 ], [ 37.2, 0.4 ], [ 37.2, 0.3 ], [ 37.2, 0.2 ], [ 37.1, 0.2 ], [ 37.1, 0.1 ], [ 37.1, 0.0 ], [ 37.0, 0.0 ], [ 37.0, -0.1 ], [ 37.0, -0.2 ], [ 37.0, -0.3 ], [ 36.9, -0.3 ], [ 36.9, -0.2 ], [ 36.8, -0.2 ], [ 36.8, -0.1 ], [ 36.7, -0.1 ], [ 36.6, -0.1 ], [ 36.6, 0.0 ], [ 36.5, 0.0 ], [ 36.5, 0.1 ], [ 36.5, 0.2 ], [ 36.4, 0.2 ], [ 36.4, 0.3 ], [ 36.4, 0.4 ], [ 36.3, 0.4 ], [ 36.2, 0.4 ], [ 36.2, 0.3 ], [ 36.2, 0.2 ], [ 36.3, 0.2 ], [ 36.3, 0.1 ], [ 36.3, 0.0 ], [ 36.2, 0.0 ], [ 36.2, -0.1 ], [ 36.1, -0.1 ], [ 36.1, -0.2 ], [ 36.0, -0.2 ], [ 35.9, -0.2 ], [ 35.9, -0.3 ], [ 35.8, -0.3 ], [ 35.8, -0.2 ], [ 35.8, -0.1 ], [ 35.8, 0.0 ], [ 35.8, 0.1 ], [ 35.8, 0.2 ], [ 35.8, 0.3 ], [ 35.7, 0.3 ], [ 35.7, 0.2 ], [ 35.6, 0.2 ], [ 35.6, 0.3 ], [ 35.6, 0.4 ], [ 35.6, 0.5 ], [ 35.5, 0.5 ], [ 35.5, 0.6 ], [ 35.5, 0.7 ], [ 35.4, 0.7 ] ], [ [ 37.2, 0.5 ], [ 37.1, 0.5 ], [ 37.1, 0.4 ], [ 37.2, 0.4 ], [ 37.2, 0.5 ] ], [ [ 37.1, 0.6 ], [ 37.0, 0.6 ], [ 37.0, 0.5 ], [ 37.1, 0.5 ], [ 37.1, 0.6 ] ], [ [ 37.0, 0.7 ], [ 36.9, 0.7 ], [ 36.9, 0.6 ], [ 37.0, 0.6 ], [ 37.0, 0.7 ] ], [ [ 33.9, -1.2 ], [ 34.0, -1.2 ], [ 34.0, -1.1 ], [ 34.1, -1.1 ], [ 34.1, -1.0 ], [ 34.1, -0.9 ], [ 34.2, -0.9 ], [ 34.2, -0.8 ], [ 34.1, -0.8 ], [ 34.1, -0.7 ], [ 34.1, -0.6 ], [ 34.1, -0.5 ], [ 34.2, -0.5 ], [ 34.2, -0.4 ], [ 34.2, -0.3 ], [ 34.3, -0.3 ], [ 34.3, -0.2 ], [ 34.2, -0.2 ], [ 34.1, -0.2 ], [ 34.1, -0.1 ], [ 34.0, -0.1 ], [ 34.0, 0.0 ], [ 34.0, 0.1 ], [ 34.0, 0.2 ], [ 33.9, 0.2 ], [ 33.8, 0.2 ], [ 33.7, 0.2 ], [ 33.7, 0.3 ], [ 33.6, 0.3 ], [ 33.6, 0.2 ], [ 33.5, 0.2 ], [ 33.5, 0.3 ], [ 33.5, 0.4 ], [ 33.4, 0.4 ], [ 33.3, 0.4 ], [ 33.2, 0.4 ], [ 33.2, 0.3 ], [ 33.3, 0.3 ], [ 33.3, 0.2 ], [ 33.2, 0.2 ], [ 33.1, 0.2 ], [ 33.1, 0.1 ], [ 33.0, 0.1 ], [ 32.9, 0.1 ], [ 32.8, 0.1 ], [ 32.7, 0.1 ], [ 32.7, 0.2 ], [ 32.7, 0.3 ], [ 32.6, 0.3 ], [ 32.6, 0.2 ], [ 32.6, 0.1 ], [ 32.5, 0.1 ], [ 32.5, 0.0 ], [ 32.4, 0.0 ], [ 32.3, 0.0 ], [ 32.2, 0.0 ], [ 32.2, -0.1 ], [ 32.1, -0.1 ], [ 32.1, 0.0 ], [ 32.0, 0.0 ], [ 32.0, -0.1 ], [ 31.9, -0.1 ], [ 31.9, -0.2 ], [ 32.0, -0.2 ], [ 32.0, -0.3 ], [ 32.0, -0.4 ], [ 31.9, -0.4 ], [ 31.9, -0.5 ], [ 31.8, -0.5 ], [ 31.8, -0.6 ], [ 31.8, -0.7 ], [ 31.7, -0.7 ], [ 31.7, -0.8 ], [ 31.8, -0.8 ], [ 31.8, -0.9 ], [ 31.8, -1.0 ], [ 31.9, -1.0 ], [ 31.9, -1.1 ], [ 31.9, -1.2 ], [ 31.9, -1.3 ], [ 31.8, -1.3 ], [ 31.8, -1.4 ], [ 31.8, -1.5 ], [ 31.8, -1.6 ], [ 31.7, -1.6 ], [ 31.7, -1.7 ], [ 31.7, -1.8 ], [ 31.7, -1.9 ], [ 31.6, -1.9 ], [ 31.6, -2.0 ], [ 31.7, -2.0 ], [ 31.7, -2.1 ], [ 31.7, -2.2 ], [ 31.7, -2.3 ], [ 31.8, -2.3 ], [ 31.8, -2.2 ], [ 31.9, -2.2 ], [ 31.9, -2.3 ], [ 31.9, -2.4 ], [ 31.9, -2.5 ], [ 31.8, -2.5 ], [ 31.7, -2.5 ], [ 31.7, -2.6 ], [ 31.8, -2.6 ], [ 31.8, -2.7 ], [ 31.9, -2.7 ], [ 32.0, -2.7 ], [ 32.0, -2.6 ], [ 32.0, -2.5 ], [ 32.1, -2.5 ], [ 32.1, -2.4 ], [ 32.2, -2.4 ], [ 32.2, -2.3 ], [ 32.3, -2.3 ], [ 32.3, -2.4 ], [ 32.4, -2.4 ], [ 32.4, -2.5 ], [ 32.5, -2.5 ], [ 32.6, -2.5 ], [ 32.6, -2.4 ], [ 32.7, -2.4 ], [ 32.7, -2.5 ], [ 32.8, -2.5 ], [ 32.8, -2.6 ], [ 32.8, -2.7 ], [ 32.9, -2.7 ], [ 32.9, -2.6 ], [ 32.9, -2.5 ], [ 32.9, -2.4 ], [ 33.0, -2.4 ], [ 33.1, -2.4 ], [ 33.1, -2.5 ], [ 33.2, -2.5 ], [ 33.3, -2.5 ], [ 33.4, -2.5 ], [ 33.5, -2.5 ], [ 33.5, -2.4 ], [ 33.6, -2.4 ], [ 33.6, -2.3 ], [ 33.7, -2.3 ], [ 33.8, -2.3 ], [ 33.8, -2.2 ], [ 33.8, -2.1 ], [ 33.7, -2.1 ], [ 33.6, -2.1 ], [ 33.6, -2.2 ], [ 33.5, -2.2 ], [ 33.5, -2.1 ], [ 33.4, -2.1 ], [ 33.3, -2.1 ], [ 33.3, -2.0 ], [ 33.4, -2.0 ], [ 33.5, -2.0 ], [ 33.5, -1.9 ], [ 33.4, -1.9 ], [ 33.3, -1.9 ], [ 33.3, -1.8 ], [ 33.4, -1.8 ], [ 33.5, -1.8 ], [ 33.6, -1.8 ], [ 33.6, -1.7 ], [ 33.7, -1.7 ], [ 33.7, -1.6 ], [ 33.7, -1.5 ], [ 33.8, -1.5 ], [ 33.9, -1.5 ], [ 33.9, -1.4 ], [ 33.8, -1.4 ], [ 33.8, -1.3 ], [ 33.9, -1.3 ], [ 33.9, -1.2 ] ], [ [ 34.3, -0.4 ], [ 34.3, -0.5 ], [ 34.4, -0.5 ], [ 34.5, -0.5 ], [ 34.5, -0.4 ], [ 34.5, -0.3 ], [ 34.6, -0.3 ], [ 34.7, -0.3 ], [ 34.8, -0.3 ], [ 34.8, -0.2 ], [ 34.7, -0.2 ], [ 34.7, -0.1 ], [ 34.6, -0.1 ], [ 34.6, -0.2 ], [ 34.5, -0.2 ], [ 34.4, -0.2 ], [ 34.4, -0.3 ], [ 34.3, -0.3 ], [ 34.3, -0.4 ] ], [ [ 31.6, -2.3 ], [ 31.6, -2.4 ], [ 31.7, -2.4 ], [ 31.7, -2.3 ], [ 31.6, -2.3 ] ], [ [ 32.1, -2.6 ], [ 32.2, -2.6 ], [ 32.2, -2.5 ], [ 32.1, -2.5 ], [ 32.1, -2.6 ] ], [ [ 33.5, -8.7 ], [ 33.5, -8.8 ], [ 33.6, -8.8 ], [ 33.6, -8.7 ], [ 33.5, -8.7 ] ], [ [ 33.9, -8.9 ], [ 33.8, -8.9 ], [ 33.7, -8.9 ], [ 33.7, -9.0 ], [ 33.7, -9.1 ], [ 33.6, -9.1 ], [ 33.6, -9.2 ], [ 33.7, -9.2 ], [ 33.8, -9.2 ], [ 33.9, -9.2 ], [ 33.9, -9.3 ], [ 34.0, -9.3 ], [ 34.0, -9.4 ], [ 34.1, -9.4 ], [ 34.1, -9.5 ], [ 34.0, -9.5 ], [ 34.0, -9.6 ], [ 34.0, -9.7 ], [ 33.9, -9.7 ], [ 33.9, -9.8 ], [ 33.9, -9.9 ], [ 33.9, -10.0 ], [ 34.0, -10.0 ], [ 34.0, -10.1 ], [ 34.0, -10.2 ], [ 34.1, -10.2 ], [ 34.1, -10.3 ], [ 34.2, -10.3 ], [ 34.2, -10.4 ], [ 34.2, -10.5 ], [ 34.2, -10.6 ], [ 34.1, -10.6 ], [ 34.1, -10.7 ], [ 34.0, -10.7 ], [ 34.0, -10.6 ], [ 33.9, -10.6 ], [ 33.9, -10.5 ], [ 33.9, -10.4 ], [ 33.8, -10.4 ], [ 33.8, -10.5 ], [ 33.7, -10.5 ], [ 33.7, -10.6 ], [ 33.8, -10.6 ], [ 33.8, -10.7 ], [ 33.9, -10.7 ], [ 33.9, -10.8 ], [ 34.0, -10.8 ], [ 34.1, -10.8 ], [ 34.1, -10.9 ], [ 34.1, -11.0 ], [ 34.1, -11.1 ], [ 34.0, -11.1 ], [ 34.0, -11.2 ], [ 34.1, -11.2 ], [ 34.2, -11.2 ], [ 34.2, -11.3 ], [ 34.3, -11.3 ], [ 34.3, -11.4 ], [ 34.3, -11.5 ], [ 34.3, -11.6 ], [ 34.3, -11.7 ], [ 34.3, -11.8 ], [ 34.2, -11.8 ], [ 34.2, -11.9 ], [ 34.1, -11.9 ], [ 34.1, -12.0 ], [ 34.1, -12.1 ], [ 34.0, -12.1 ], [ 34.0, -12.2 ], [ 34.0, -12.3 ], [ 34.0, -12.4 ], [ 34.1, -12.4 ], [ 34.2, -12.4 ], [ 34.2, -12.5 ], [ 34.2, -12.6 ], [ 34.2, -12.7 ], [ 34.3, -12.7 ], [ 34.3, -12.8 ], [ 34.3, -12.9 ], [ 34.3, -13.0 ], [ 34.3, -13.1 ], [ 34.3, -13.2 ], [ 34.3, -13.3 ], [ 34.3, -13.4 ], [ 34.4, -13.4 ], [ 34.4, -13.5 ], [ 34.4, -13.6 ], [ 34.5, -13.6 ], [ 34.6, -13.6 ], [ 34.6, -13.7 ], [ 34.6, -13.8 ], [ 34.6, -13.9 ], [ 34.5, -13.9 ], [ 34.5, -14.0 ], [ 34.5, -14.1 ], [ 34.6, -14.1 ], [ 34.6, -14.2 ], [ 34.7, -14.2 ], [ 34.7, -14.3 ], [ 34.8, -14.3 ], [ 34.8, -14.2 ], [ 34.8, -14.1 ], [ 34.8, -14.0 ], [ 34.9, -14.0 ], [ 34.9, -14.1 ], [ 34.9, -14.2 ], [ 35.0, -14.2 ], [ 35.1, -14.2 ], [ 35.1, -14.3 ], [ 35.2, -14.3 ], [ 35.2, -14.2 ], [ 35.2, -14.1 ], [ 35.2, -14.0 ], [ 35.1, -14.0 ], [ 35.1, -13.9 ], [ 35.1, -13.8 ], [ 35.1, -13.7 ], [ 35.0, -13.7 ], [ 34.9, -13.7 ], [ 34.9, -13.6 ], [ 34.9, -13.5 ], [ 34.9, -13.4 ], [ 34.8, -13.4 ], [ 34.8, -13.3 ], [ 34.8, -13.2 ], [ 34.8, -13.1 ], [ 34.8, -13.0 ], [ 34.8, -12.9 ], [ 34.8, -12.8 ], [ 34.8, -12.7 ], [ 34.8, -12.6 ], [ 34.8, -12.5 ], [ 34.7, -12.5 ], [ 34.7, -12.4 ], [ 34.7, -12.3 ], [ 34.7, -12.2 ], [ 34.7, -12.1 ], [ 34.8, -12.1 ], [ 34.9, -12.1 ], [ 34.9, -12.0 ], [ 34.9, -11.9 ], [ 34.9, -11.8 ], [ 35.0, -11.8 ], [ 35.0, -11.7 ], [ 35.0, -11.6 ], [ 35.0, -11.5 ], [ 34.9, -11.5 ], [ 34.9, -11.4 ], [ 34.9, -11.3 ], [ 34.8, -11.3 ], [ 34.8, -11.2 ], [ 34.7, -11.2 ], [ 34.7, -11.1 ], [ 34.6, -11.1 ], [ 34.6, -11.0 ], [ 34.6, -10.9 ], [ 34.6, -10.8 ], [ 34.7, -10.8 ], [ 34.7, -10.7 ], [ 34.6, -10.7 ], [ 34.6, -10.6 ], [ 34.6, -10.5 ], [ 34.6, -10.4 ], [ 34.6, -10.3 ], [ 34.6, -10.2 ], [ 34.5, -10.2 ], [ 34.5, -10.1 ], [ 34.5, -10.0 ], [ 34.6, -10.0 ], [ 34.6, -9.9 ], [ 34.7, -9.9 ], [ 34.7, -9.8 ], [ 34.8, -9.8 ], [ 34.9, -9.8 ], [ 35.0, -9.8 ], [ 35.0, -9.9 ], [ 35.1, -9.9 ], [ 35.1, -9.8 ], [ 35.1, -9.7 ], [ 35.2, -9.7 ], [ 35.2, -9.8 ], [ 35.2, -9.9 ], [ 35.3, -9.9 ], [ 35.3, -9.8 ], [ 35.3, -9.7 ], [ 35.3, -9.6 ], [ 35.2, -9.6 ], [ 35.2, -9.5 ], [ 35.3, -9.5 ], [ 35.3, -9.4 ], [ 35.3, -9.3 ], [ 35.3, -9.2 ], [ 35.3, -9.1 ], [ 35.2, -9.1 ], [ 35.1, -9.1 ], [ 35.1, -9.0 ], [ 35.0, -9.0 ], [ 34.9, -9.0 ], [ 34.8, -9.0 ], [ 34.8, -9.1 ], [ 34.7, -9.1 ], [ 34.7, -9.2 ], [ 34.7, -9.3 ], [ 34.6, -9.3 ], [ 34.6, -9.2 ], [ 34.5, -9.2 ], [ 34.4, -9.2 ], [ 34.4, -9.1 ], [ 34.4, -9.0 ], [ 34.3, -9.0 ], [ 34.3, -9.1 ], [ 34.2, -9.1 ], [ 34.1, -9.1 ], [ 34.1, -9.0 ], [ 34.0, -9.0 ], [ 34.0, -8.9 ], [ 33.9, -8.9 ] ], [ [ 35.2, -14.4 ], [ 35.3, -14.4 ], [ 35.3, -14.3 ], [ 35.2, -14.3 ], [ 35.2, -14.4 ] ], [ [ 35.0, -11.3 ], [ 35.0, -11.2 ], [ 35.0, -11.1 ], [ 35.0, -11.0 ], [ 35.0, -10.9 ], [ 34.9, -10.9 ], [ 34.9, -10.8 ], [ 34.8, -10.8 ], [ 34.8, -10.9 ], [ 34.8, -11.0 ], [ 34.8, -11.1 ], [ 34.9, -11.1 ], [ 34.9, -11.2 ], [ 34.9, -11.3 ], [ 35.0, -11.3 ] ], [ [ 34.6, -10.1 ], [ 34.7, -10.1 ], [ 34.7, -10.0 ], [ 34.6, -10.0 ], [ 34.6, -10.1 ] ], [ [ 28.1, -15.5 ], [ 28.2, -15.5 ], [ 28.3, -15.5 ], [ 28.3, -15.4 ], [ 28.2, -15.4 ], [ 28.1, -15.4 ], [ 28.1, -15.5 ] ], [ [ 33.1, -20.3 ], [ 33.2, -20.3 ], [ 33.2, -20.2 ], [ 33.3, -20.2 ], [ 33.3, -20.1 ], [ 33.2, -20.1 ], [ 33.1, -20.1 ], [ 33.1, -20.0 ], [ 33.2, -20.0 ], [ 33.2, -19.9 ], [ 33.3, -19.9 ], [ 33.3, -19.8 ], [ 33.4, -19.8 ], [ 33.4, -19.7 ], [ 33.5, -19.6 ], [ 33.6, -19.6 ], [ 33.6, -19.5 ], [ 33.7, -19.5 ], [ 33.7, -19.4 ], [ 33.7, -19.3 ], [ 33.8, -19.3 ], [ 33.8, -19.2 ], [ 33.7, -19.2 ], [ 33.7, -19.1 ], [ 33.7, -19.0 ], [ 33.6, -19.0 ], [ 33.6, -19.1 ], [ 33.6, -19.2 ], [ 33.5, -19.2 ], [ 33.5, -19.3 ], [ 33.5, -19.4 ], [ 33.4, -19.4 ], [ 33.4, -19.5 ], [ 33.3, -19.6 ], [ 33.3, -19.7 ], [ 33.2, -19.7 ], [ 33.1, -19.7 ], [ 33.1, -19.6 ], [ 33.0, -19.6 ], [ 32.9, -19.5 ], [ 32.8, -19.5 ], [ 32.8, -19.4 ], [ 32.8, -19.3 ], [ 32.8, -19.2 ], [ 32.8, -19.1 ], [ 32.7, -19.1 ], [ 32.6, -19.1 ], [ 32.6, -19.2 ], [ 32.6, -19.3 ], [ 32.5, -19.3 ], [ 32.5, -19.4 ], [ 32.5, -19.5 ], [ 32.6, -19.7 ], [ 32.5, -19.7 ], [ 32.6, -19.8 ], [ 32.5, -19.8 ], [ 32.5, -19.9 ], [ 32.5, -20.0 ], [ 32.6, -20.1 ], [ 32.7, -20.1 ], [ 32.8, -20.1 ], [ 32.8, -20.2 ], [ 32.8, -20.3 ], [ 32.7, -20.3 ], [ 32.7, -20.4 ], [ 32.7, -20.5 ], [ 32.6, -20.5 ], [ 32.6, -20.6 ], [ 32.6, -20.7 ], [ 32.7, -20.7 ], [ 32.8, -20.6 ], [ 32.9, -20.6 ], [ 33.0, -20.6 ], [ 33.0, -20.5 ], [ 33.1, -20.5 ], [ 33.1, -20.4 ], [ 33.1, -20.3 ] ], [ [ 21.4, -10.9 ], [ 21.3, -11.0 ], [ 21.3, -11.1 ], [ 21.2, -11.1 ], [ 21.2, -11.2 ], [ 21.1, -11.2 ], [ 21.1, -11.1 ], [ 21.0, -11.1 ], [ 20.9, -11.1 ], [ 20.8, -11.1 ], [ 20.7, -11.2 ], [ 20.7, -11.3 ], [ 20.7, -11.4 ], [ 20.8, -11.4 ], [ 20.8, -11.5 ], [ 20.8, -11.6 ], [ 20.9, -11.7 ], [ 20.9, -11.8 ], [ 20.8, -11.8 ], [ 20.7, -11.9 ], [ 20.7, -12.0 ], [ 20.7, -12.1 ], [ 20.7, -12.2 ], [ 20.7, -12.3 ], [ 20.7, -12.4 ], [ 20.7, -12.5 ], [ 20.8, -12.5 ], [ 20.8, -12.6 ], [ 20.9, -12.6 ], [ 20.9, -12.7 ], [ 21.0, -12.7 ], [ 21.0, -12.8 ], [ 21.1, -12.8 ], [ 21.2, -12.9 ], [ 21.3, -13.0 ], [ 21.3, -13.1 ], [ 21.4, -13.2 ], [ 21.5, -13.3 ], [ 21.4, -13.3 ], [ 21.4, -13.4 ], [ 21.5, -13.4 ], [ 21.6, -13.4 ], [ 21.7, -13.4 ], [ 21.7, -13.5 ], [ 21.6, -13.5 ], [ 21.6, -13.6 ], [ 21.6, -13.7 ], [ 21.7, -13.7 ], [ 21.7, -13.8 ], [ 21.8, -13.8 ], [ 21.9, -13.9 ], [ 22.0, -14.0 ], [ 22.0, -14.1 ], [ 22.0, -14.2 ], [ 21.9, -14.2 ], [ 21.8, -14.2 ], [ 21.7, -14.2 ], [ 21.7, -14.3 ], [ 21.8, -14.3 ], [ 21.8, -14.4 ], [ 21.8, -14.5 ], [ 21.8, -14.6 ], [ 21.8, -14.7 ], [ 21.9, -14.7 ], [ 21.9, -14.8 ], [ 21.9, -14.9 ], [ 21.9, -15.0 ], [ 21.8, -15.0 ], [ 21.7, -15.0 ], [ 21.7, -15.1 ], [ 21.7, -15.2 ], [ 21.6, -15.2 ], [ 21.6, -15.3 ], [ 21.5, -15.4 ], [ 21.5, -15.5 ], [ 21.5, -15.6 ], [ 21.6, -15.7 ], [ 21.7, -15.8 ], [ 21.8, -15.9 ], [ 21.8, -16.0 ], [ 21.9, -16.0 ], [ 22.0, -16.1 ], [ 22.0, -16.0 ], [ 22.1, -16.0 ], [ 22.1, -16.1 ], [ 22.1, -16.2 ], [ 22.2, -16.2 ], [ 22.2, -16.3 ], [ 22.3, -16.3 ], [ 22.4, -16.3 ], [ 22.4, -16.4 ], [ 22.5, -16.4 ], [ 22.5, -16.5 ], [ 22.5, -16.6 ], [ 22.6, -16.6 ], [ 22.6, -16.7 ], [ 22.7, -16.7 ], [ 22.7, -16.8 ], [ 22.8, -16.8 ], [ 22.8, -16.9 ], [ 22.9, -16.9 ], [ 23.0, -16.9 ], [ 23.0, -17.0 ], [ 23.0, -17.1 ], [ 23.1, -17.1 ], [ 23.2, -17.1 ], [ 23.3, -17.1 ], [ 23.4, -17.1 ], [ 23.4, -17.0 ], [ 23.4, -16.9 ], [ 23.3, -16.9 ], [ 23.3, -16.8 ], [ 23.2, -16.8 ], [ 23.2, -16.7 ], [ 23.2, -16.6 ], [ 23.3, -16.6 ], [ 23.3, -16.5 ], [ 23.3, -16.4 ], [ 23.2, -16.4 ], [ 23.2, -16.3 ], [ 23.1, -16.3 ], [ 23.0, -16.3 ], [ 22.9, -16.3 ], [ 22.9, -16.2 ], [ 23.0, -16.2 ], [ 23.0, -16.1 ], [ 22.9, -16.1 ], [ 22.9, -16.0 ], [ 22.9, -15.9 ], [ 22.9, -15.8 ], [ 22.9, -15.7 ], [ 22.8, -15.7 ], [ 22.7, -15.7 ], [ 22.7, -15.6 ], [ 22.8, -15.6 ], [ 22.8, -15.5 ], [ 22.8, -15.4 ], [ 22.9, -15.4 ], [ 22.9, -15.5 ], [ 22.9, -15.6 ], [ 23.0, -15.6 ], [ 23.0, -15.7 ], [ 23.0, -15.8 ], [ 23.1, -15.8 ], [ 23.1, -15.9 ], [ 23.1, -16.0 ], [ 23.1, -16.1 ], [ 23.2, -16.1 ], [ 23.2, -16.2 ], [ 23.3, -16.2 ], [ 23.3, -16.1 ], [ 23.3, -16.0 ], [ 23.3, -15.9 ], [ 23.3, -15.8 ], [ 23.3, -15.7 ], [ 23.2, -15.7 ], [ 23.2, -15.6 ], [ 23.2, -15.5 ], [ 23.2, -15.4 ], [ 23.2, -15.3 ], [ 23.1, -15.3 ], [ 23.1, -15.2 ], [ 23.1, -15.1 ], [ 23.2, -15.1 ], [ 23.2, -15.0 ], [ 23.3, -15.0 ], [ 23.3, -14.9 ], [ 23.3, -14.8 ], [ 23.4, -14.8 ], [ 23.5, -14.8 ], [ 23.5, -14.9 ], [ 23.6, -14.9 ], [ 23.7, -14.9 ], [ 23.8, -14.9 ], [ 23.8, -14.8 ], [ 23.7, -14.8 ], [ 23.7, -14.7 ], [ 23.8, -14.7 ], [ 23.8, -14.6 ], [ 23.8, -14.5 ], [ 23.7, -14.5 ], [ 23.7, -14.6 ], [ 23.6, -14.6 ], [ 23.6, -14.7 ], [ 23.5, -14.7 ], [ 23.4, -14.7 ], [ 23.3, -14.7 ], [ 23.2, -14.7 ], [ 23.2, -14.6 ], [ 23.2, -14.5 ], [ 23.2, -14.4 ], [ 23.2, -14.3 ], [ 23.1, -14.3 ], [ 23.1, -14.2 ], [ 23.0, -14.2 ], [ 23.0, -14.1 ], [ 22.9, -14.1 ], [ 22.9, -14.0 ], [ 22.9, -13.9 ], [ 22.9, -13.8 ], [ 23.0, -13.8 ], [ 23.1, -13.8 ], [ 23.1, -13.7 ], [ 23.0, -13.7 ], [ 22.9, -13.7 ], [ 22.8, -13.7 ], [ 22.8, -13.6 ], [ 22.7, -13.6 ], [ 22.7, -13.5 ], [ 22.7, -13.4 ], [ 22.7, -13.3 ], [ 22.8, -13.3 ], [ 22.8, -13.2 ], [ 22.7, -13.2 ], [ 22.7, -13.1 ], [ 22.7, -13.0 ], [ 22.7, -12.9 ], [ 22.7, -12.8 ], [ 22.6, -12.7 ], [ 22.6, -12.6 ], [ 22.5, -12.5 ], [ 22.6, -12.5 ], [ 22.6, -12.4 ], [ 22.6, -12.3 ], [ 22.6, -12.2 ], [ 22.7, -12.2 ], [ 22.8, -12.1 ], [ 22.8, -12.0 ], [ 22.9, -11.9 ], [ 23.0, -11.8 ], [ 23.1, -11.7 ], [ 23.1, -11.6 ], [ 23.1, -11.5 ], [ 23.0, -11.5 ], [ 22.9, -11.5 ], [ 22.9, -11.6 ], [ 22.8, -11.6 ], [ 22.7, -11.6 ], [ 22.6, -11.6 ], [ 22.5, -11.6 ], [ 22.5, -11.5 ], [ 22.6, -11.5 ], [ 22.7, -11.5 ], [ 22.7, -11.4 ], [ 22.8, -11.4 ], [ 22.9, -11.4 ], [ 22.8, -11.3 ], [ 22.9, -11.2 ], [ 22.9, -11.1 ], [ 22.8, -11.1 ], [ 22.7, -11.1 ], [ 22.7, -11.0 ], [ 22.6, -11.0 ], [ 22.6, -10.9 ], [ 22.5, -10.9 ], [ 22.5, -11.0 ], [ 22.5, -11.1 ], [ 22.4, -11.1 ], [ 22.3, -11.2 ], [ 22.2, -11.2 ], [ 22.1, -11.2 ], [ 22.1, -11.1 ], [ 22.0, -11.1 ], [ 21.9, -11.1 ], [ 21.8, -11.1 ], [ 21.8, -11.0 ], [ 21.7, -11.0 ], [ 21.7, -11.1 ], [ 21.6, -11.1 ], [ 21.6, -11.0 ], [ 21.5, -11.0 ], [ 21.4, -10.9 ] ], [ [ 22.5, -16.7 ], [ 22.5, -16.8 ], [ 22.6, -16.8 ], [ 22.6, -16.7 ], [ 22.5, -16.7 ] ], [ [ 23.3, -15.1 ], [ 23.4, -15.1 ], [ 23.4, -15.0 ], [ 23.3, -15.0 ], [ 23.3, -15.1 ] ], [ [ 23.4, -15.2 ], [ 23.5, -15.2 ], [ 23.5, -15.1 ], [ 23.4, -15.1 ], [ 23.4, -15.2 ] ], [ [ 23.7, -14.4 ], [ 23.7, -14.3 ], [ 23.6, -14.3 ], [ 23.6, -14.4 ], [ 23.5, -14.4 ], [ 23.5, -14.5 ], [ 23.6, -14.5 ], [ 23.7, -14.5 ], [ 23.7, -14.4 ] ], [ [ 23.4, -14.5 ], [ 23.3, -14.5 ], [ 23.3, -14.6 ], [ 23.4, -14.6 ], [ 23.5, -14.6 ], [ 23.5, -14.5 ], [ 23.4, -14.5 ] ], [ [ 23.2, -13.7 ], [ 23.2, -13.6 ], [ 23.1, -13.6 ], [ 23.1, -13.7 ], [ 23.2, -13.7 ] ], [ [ 22.9, -13.6 ], [ 22.9, -13.5 ], [ 22.8, -13.5 ], [ 22.8, -13.6 ], [ 22.9, -13.6 ] ], [ [ 22.8, -13.4 ], [ 22.9, -13.4 ], [ 22.9, -13.3 ], [ 22.8, -13.3 ], [ 22.8, -13.4 ] ], [ [ 23.0, -13.3 ], [ 23.0, -13.2 ], [ 23.0, -13.1 ], [ 22.9, -13.1 ], [ 22.9, -13.2 ], [ 22.9, -13.3 ], [ 23.0, -13.3 ] ], [ [ 25.9, -15.9 ], [ 26.0, -15.9 ], [ 26.1, -15.9 ], [ 26.1, -16.0 ], [ 26.2, -16.0 ], [ 26.2, -15.9 ], [ 26.2, -15.8 ], [ 26.1, -15.8 ], [ 26.1, -15.7 ], [ 26.0, -15.7 ], [ 25.9, -15.7 ], [ 25.9, -15.8 ], [ 25.8, -15.8 ], [ 25.8, -15.9 ], [ 25.9, -15.9 ] ], [ [ 25.2, -17.5 ], [ 25.1, -17.5 ], [ 25.1, -17.4 ], [ 25.1, -17.3 ], [ 25.0, -17.3 ], [ 24.9, -17.3 ], [ 24.9, -17.4 ], [ 24.9, -17.5 ], [ 24.8, -17.5 ], [ 24.7, -17.5 ], [ 24.7, -17.4 ], [ 24.6, -17.4 ], [ 24.6, -17.5 ], [ 24.5, -17.5 ], [ 24.4, -17.5 ], [ 24.4, -17.6 ], [ 24.5, -17.6 ], [ 24.6, -17.6 ], [ 24.6, -17.7 ], [ 24.7, -17.7 ], [ 24.7, -17.8 ], [ 24.7, -17.9 ], [ 24.8, -17.9 ], [ 24.8, -17.8 ], [ 24.9, -17.8 ], [ 25.0, -17.8 ], [ 25.0, -17.9 ], [ 25.1, -17.9 ], [ 25.1, -17.8 ], [ 25.2, -17.8 ], [ 25.2, -17.7 ], [ 25.2, -17.6 ], [ 25.2, -17.5 ] ], [ [ 25.2, -17.3 ], [ 25.2, -17.2 ], [ 25.1, -17.2 ], [ 25.1, -17.3 ], [ 25.2, -17.3 ] ], [ [ 25.3, -17.2 ], [ 25.3, -17.1 ], [ 25.2, -17.1 ], [ 25.2, -17.2 ], [ 25.3, -17.2 ] ], [ [ 24.6, -17.9 ], [ 24.6, -18.0 ], [ 24.7, -18.0 ], [ 24.7, -17.9 ], [ 24.6, -17.9 ] ], [ [ 24.5, -18.0 ], [ 24.5, -17.9 ], [ 24.4, -17.9 ], [ 24.4, -17.8 ], [ 24.3, -17.8 ], [ 24.2, -17.8 ], [ 24.2, -17.9 ], [ 24.2, -18.0 ], [ 24.3, -18.0 ], [ 24.3, -18.1 ], [ 24.3, -18.2 ], [ 24.4, -18.2 ], [ 24.5, -18.2 ], [ 24.5, -18.1 ], [ 24.6, -18.1 ], [ 24.6, -18.0 ], [ 24.5, -18.0 ] ], [ [ 24.1, -18.0 ], [ 24.1, -18.1 ], [ 24.2, -18.1 ], [ 24.2, -18.0 ], [ 24.1, -18.0 ] ], [ [ 24.0, -18.1 ], [ 24.0, -18.2 ], [ 24.1, -18.1 ], [ 24.0, -18.1 ] ], [ [ 25.1, -15.3 ], [ 25.1, -15.2 ], [ 25.0, -15.2 ], [ 25.0, -15.3 ], [ 25.1, -15.3 ] ], [ [ 23.5, -16.9 ], [ 23.6, -16.9 ], [ 23.6, -17.0 ], [ 23.7, -17.0 ], [ 23.7, -17.1 ], [ 23.7, -17.2 ], [ 23.8, -17.2 ], [ 23.9, -17.2 ], [ 23.9, -17.1 ], [ 23.8, -17.1 ], [ 23.8, -17.0 ], [ 23.8, -16.9 ], [ 23.7, -16.9 ], [ 23.7, -16.8 ], [ 23.7, -16.7 ], [ 23.6, -16.7 ], [ 23.5, -16.7 ], [ 23.5, -16.8 ], [ 23.5, -16.9 ] ], [ [ 23.9, -17.3 ], [ 24.0, -17.3 ], [ 24.0, -17.2 ], [ 23.9, -17.2 ], [ 23.9, -17.3 ] ], [ [ 23.3, -17.7 ], [ 23.3, -17.8 ], [ 23.3, -17.9 ], [ 23.4, -17.9 ], [ 23.4, -17.8 ], [ 23.4, -17.7 ], [ 23.3, -17.7 ] ], [ [ 23.2, -17.9 ], [ 23.2, -18.0 ], [ 23.3, -18.0 ], [ 23.3, -17.9 ], [ 23.2, -17.9 ] ], [ [ 14.3, -14.0 ], [ 14.3, -14.1 ], [ 14.4, -14.0 ], [ 14.4, -13.9 ], [ 14.5, -13.9 ], [ 14.5, -13.8 ], [ 14.6, -13.8 ], [ 14.6, -13.7 ], [ 14.7, -13.6 ], [ 14.8, -13.5 ], [ 14.8, -13.4 ], [ 14.9, -13.3 ], [ 14.9, -13.2 ], [ 15.0, -13.3 ], [ 15.1, -13.3 ], [ 15.2, -13.3 ], [ 15.3, -13.3 ], [ 15.4, -13.3 ], [ 15.5, -13.2 ], [ 15.5, -13.1 ], [ 15.6, -13.1 ], [ 15.7, -13.1 ], [ 15.8, -13.1 ], [ 15.8, -13.0 ], [ 15.7, -13.0 ], [ 15.7, -12.9 ], [ 15.7, -12.8 ], [ 15.7, -12.7 ], [ 15.6, -12.6 ], [ 15.6, -12.5 ], [ 15.6, -12.4 ], [ 15.5, -12.5 ], [ 15.5, -12.4 ], [ 15.6, -12.3 ], [ 15.5, -12.3 ], [ 15.5, -12.2 ], [ 15.4, -12.1 ], [ 15.4, -12.2 ], [ 15.3, -12.2 ], [ 15.2, -12.2 ], [ 15.2, -12.1 ], [ 15.2, -12.0 ], [ 15.1, -12.0 ], [ 15.2, -11.9 ], [ 15.2, -11.8 ], [ 15.1, -11.7 ], [ 15.1, -11.8 ], [ 15.0, -11.8 ], [ 15.0, -11.7 ], [ 14.9, -11.6 ], [ 14.9, -11.7 ], [ 14.8, -11.6 ], [ 14.7, -11.7 ], [ 14.8, -11.7 ], [ 14.8, -11.8 ], [ 14.7, -11.8 ], [ 14.6, -11.8 ], [ 14.7, -11.9 ], [ 14.7, -12.0 ], [ 14.8, -12.0 ], [ 14.8, -12.1 ], [ 14.8, -12.2 ], [ 14.7, -12.2 ], [ 14.7, -12.3 ], [ 14.8, -12.3 ], [ 14.9, -12.3 ], [ 14.9, -12.4 ], [ 15.0, -12.4 ], [ 15.0, -12.5 ], [ 14.9, -12.5 ], [ 14.8, -12.5 ], [ 14.8, -12.4 ], [ 14.7, -12.4 ], [ 14.6, -12.5 ], [ 14.6, -12.6 ], [ 14.5, -12.7 ], [ 14.6, -12.7 ], [ 14.7, -12.7 ], [ 14.8, -12.7 ], [ 14.7, -12.8 ], [ 14.8, -12.8 ], [ 14.9, -12.8 ], [ 14.9, -12.7 ], [ 15.0, -12.6 ], [ 15.1, -12.5 ], [ 15.1, -12.6 ], [ 15.1, -12.7 ], [ 15.1, -12.8 ], [ 15.2, -12.8 ], [ 15.3, -12.8 ], [ 15.3, -12.9 ], [ 15.4, -12.9 ], [ 15.4, -13.0 ], [ 15.3, -13.0 ], [ 15.3, -13.1 ], [ 15.2, -13.0 ], [ 15.2, -12.9 ], [ 15.1, -12.9 ], [ 15.0, -12.9 ], [ 14.9, -12.9 ], [ 14.8, -12.9 ], [ 14.9, -13.0 ], [ 14.8, -13.0 ], [ 14.8, -13.1 ], [ 14.8, -13.2 ], [ 14.8, -13.3 ], [ 14.7, -13.4 ], [ 14.6, -13.4 ], [ 14.6, -13.5 ], [ 14.5, -13.5 ], [ 14.4, -13.6 ], [ 14.3, -13.6 ], [ 14.3, -13.7 ], [ 14.2, -13.7 ], [ 14.1, -13.7 ], [ 14.1, -13.8 ], [ 14.2, -13.9 ], [ 14.3, -14.0 ] ], [ [ 15.8, -18.9 ], [ 15.7, -18.9 ], [ 15.6, -18.9 ], [ 15.5, -18.9 ], [ 15.5, -19.0 ], [ 15.4, -19.0 ], [ 15.4, -19.1 ], [ 15.5, -19.1 ], [ 15.5, -19.2 ], [ 15.6, -19.2 ], [ 15.6, -19.1 ], [ 15.7, -19.0 ], [ 15.7, -19.1 ], [ 15.7, -19.2 ], [ 15.8, -19.2 ], [ 15.8, -19.1 ], [ 15.9, -19.1 ], [ 15.9, -19.2 ], [ 16.0, -19.2 ], [ 16.1, -19.2 ], [ 16.1, -19.1 ], [ 16.2, -19.1 ], [ 16.3, -19.1 ], [ 16.3, -19.0 ], [ 16.4, -19.0 ], [ 16.5, -19.0 ], [ 16.6, -18.9 ], [ 16.6, -19.0 ], [ 16.7, -18.9 ], [ 16.7, -18.8 ], [ 16.8, -18.8 ], [ 16.8, -18.7 ], [ 16.9, -18.7 ], [ 16.9, -18.6 ], [ 16.8, -18.6 ], [ 16.8, -18.5 ], [ 16.8, -18.4 ], [ 16.7, -18.4 ], [ 16.6, -18.4 ], [ 16.5, -18.4 ], [ 16.5, -18.5 ], [ 16.4, -18.5 ], [ 16.3, -18.5 ], [ 16.2, -18.6 ], [ 16.1, -18.6 ], [ 16.1, -18.7 ], [ 16.0, -18.7 ], [ 15.9, -18.7 ], [ 15.9, -18.8 ], [ 15.8, -18.8 ], [ 15.8, -18.9 ] ], [ [ 16.8, -18.9 ], [ 16.9, -18.8 ], [ 16.8, -18.8 ], [ 16.8, -18.9 ] ], [ [ 17.0, -18.8 ], [ 17.1, -18.8 ], [ 17.1, -18.7 ], [ 17.0, -18.7 ], [ 16.9, -18.8 ], [ 17.0, -18.8 ] ], [ [ 15.3, -19.2 ], [ 15.3, -19.1 ], [ 15.2, -19.1 ], [ 15.2, -19.2 ], [ 15.2, -19.3 ], [ 15.3, -19.3 ], [ 15.3, -19.2 ] ], [ [ 15.1, -19.1 ], [ 15.0, -19.1 ], [ 15.0, -19.2 ], [ 15.1, -19.2 ], [ 15.2, -19.1 ], [ 15.1, -19.1 ] ], [ [ 15.7, -18.7 ], [ 15.8, -18.7 ], [ 15.8, -18.6 ], [ 15.8, -18.5 ], [ 15.7, -18.5 ], [ 15.7, -18.6 ], [ 15.7, -18.7 ] ], [ [ 22.3, -16.5 ], [ 22.2, -16.5 ], [ 22.2, -16.6 ], [ 22.3, -16.6 ], [ 22.4, -16.6 ], [ 22.4, -16.5 ], [ 22.3, -16.5 ] ], [ [ 14.7, -11.3 ], [ 14.7, -11.2 ], [ 14.6, -11.2 ], [ 14.6, -11.3 ], [ 14.7, -11.4 ], [ 14.7, -11.5 ], [ 14.8, -11.4 ], [ 14.9, -11.3 ], [ 14.9, -11.2 ], [ 14.8, -11.2 ], [ 14.8, -11.3 ], [ 14.7, -11.3 ] ], [ [ 16.0, -12.7 ], [ 16.0, -12.8 ], [ 16.1, -12.8 ], [ 16.2, -12.8 ], [ 16.2, -12.7 ], [ 16.1, -12.7 ], [ 16.1, -12.6 ], [ 16.0, -12.6 ], [ 16.0, -12.7 ] ], [ [ 16.2, -12.6 ], [ 16.2, -12.5 ], [ 16.1, -12.5 ], [ 16.1, -12.6 ], [ 16.2, -12.6 ] ], [ [ 15.6, -10.9 ], [ 15.5, -10.9 ], [ 15.4, -10.8 ], [ 15.4, -10.7 ], [ 15.3, -10.6 ], [ 15.3, -10.7 ], [ 15.3, -10.8 ], [ 15.2, -10.8 ], [ 15.2, -10.9 ], [ 15.3, -10.9 ], [ 15.3, -11.0 ], [ 15.2, -11.0 ], [ 15.2, -11.1 ], [ 15.3, -11.1 ], [ 15.3, -11.2 ], [ 15.4, -11.2 ], [ 15.4, -11.1 ], [ 15.5, -11.1 ], [ 15.5, -11.0 ], [ 15.6, -10.9 ] ], [ [ 23.7, -17.8 ], [ 23.7, -17.9 ], [ 23.8, -17.9 ], [ 23.8, -17.8 ], [ 23.7, -17.8 ] ], [ [ 23.3, -14.2 ], [ 23.3, -14.1 ], [ 23.2, -14.1 ], [ 23.2, -14.2 ], [ 23.3, -14.2 ] ], [ [ 23.1, -13.5 ], [ 23.1, -13.4 ], [ 23.0, -13.4 ], [ 23.0, -13.5 ], [ 23.1, -13.5 ] ], [ [ 23.1, -12.9 ], [ 23.1, -12.8 ], [ 23.2, -12.8 ], [ 23.2, -12.7 ], [ 23.1, -12.7 ], [ 23.0, -12.8 ], [ 22.9, -12.8 ], [ 22.9, -12.9 ], [ 22.8, -12.9 ], [ 22.8, -13.0 ], [ 22.9, -13.0 ], [ 23.0, -13.0 ], [ 23.0, -12.9 ], [ 23.1, -12.9 ] ], [ [ 23.7, -12.7 ], [ 23.6, -12.8 ], [ 23.7, -12.8 ], [ 23.7, -12.7 ] ], [ [ 30.6, -28.6 ], [ 30.5, -28.6 ], [ 30.5, -28.7 ], [ 30.6, -28.7 ], [ 30.6, -28.6 ] ], [ [ 29.1, -31.5 ], [ 29.0, -31.5 ], [ 29.0, -31.6 ], [ 29.1, -31.6 ], [ 29.1, -31.5 ] ], [ [ 27.7, -32.6 ], [ 27.7, -32.7 ], [ 27.8, -32.7 ], [ 27.8, -32.6 ], [ 27.7, -32.6 ] ], [ [ 27.2, -31.2 ], [ 27.3, -31.2 ], [ 27.3, -31.1 ], [ 27.2, -31.1 ], [ 27.1, -31.1 ], [ 27.1, -31.2 ], [ 27.2, -31.2 ] ], [ [ 29.4, -30.8 ], [ 29.3, -30.7 ], [ 29.3, -30.8 ], [ 29.4, -30.8 ] ], [ [ 28.7, -29.5 ], [ 28.7, -29.6 ], [ 28.7, -29.7 ], [ 28.7, -29.8 ], [ 28.8, -29.8 ], [ 28.8, -29.7 ], [ 28.8, -29.6 ], [ 28.8, -29.5 ], [ 28.7, -29.5 ] ], [ [ 28.2, -29.5 ], [ 28.1, -29.5 ], [ 28.1, -29.6 ], [ 28.2, -29.6 ], [ 28.2, -29.5 ] ], [ [ 29.8, -24.0 ], [ 29.8, -24.1 ], [ 29.9, -24.1 ], [ 30.0, -24.1 ], [ 30.0, -24.0 ], [ 30.1, -24.0 ], [ 30.1, -23.9 ], [ 30.1, -23.8 ], [ 30.0, -23.8 ], [ 29.9, -23.8 ], [ 29.9, -23.9 ], [ 29.9, -24.0 ], [ 29.8, -24.0 ] ], [ [ 30.1, -24.1 ], [ 30.2, -24.1 ], [ 30.2, -24.2 ], [ 30.3, -24.2 ], [ 30.3, -24.1 ], [ 30.3, -24.0 ], [ 30.2, -24.0 ], [ 30.1, -24.0 ], [ 30.1, -24.1 ] ], [ [ 30.3, -24.3 ], [ 30.4, -24.3 ], [ 30.4, -24.2 ], [ 30.3, -24.2 ], [ 30.3, -24.3 ] ], [ [ 30.4, -24.4 ], [ 30.5, -24.4 ], [ 30.5, -24.3 ], [ 30.4, -24.3 ], [ 30.4, -24.4 ] ], [ [ 30.1, -23.0 ], [ 30.1, -23.1 ], [ 30.2, -23.1 ], [ 30.1, -23.0 ] ], [ [ 31.6, -23.6 ], [ 31.7, -23.6 ], [ 31.6, -23.5 ], [ 31.6, -23.6 ] ], [ [ 31.5, -23.4 ], [ 31.5, -23.5 ], [ 31.6, -23.5 ], [ 31.5, -23.4 ] ], [ [ 30.2, -3.1 ], [ 30.1, -3.1 ], [ 30.1, -3.2 ], [ 30.1, -3.3 ], [ 30.2, -3.3 ], [ 30.2, -3.2 ], [ 30.2, -3.1 ] ], [ [ 30.3, -3.1 ], [ 30.3, -3.0 ], [ 30.2, -3.0 ], [ 30.2, -3.1 ], [ 30.3, -3.1 ] ], [ [ 30.1, -3.0 ], [ 30.0, -3.0 ], [ 30.0, -3.1 ], [ 30.1, -3.1 ], [ 30.1, -3.0 ] ], [ [ 30.7, -3.2 ], [ 30.8, -3.2 ], [ 30.8, -3.1 ], [ 30.7, -3.1 ], [ 30.7, -3.0 ], [ 30.6, -3.0 ], [ 30.6, -3.1 ], [ 30.6, -3.2 ], [ 30.7, -3.2 ] ], [ [ 30.5, -3.2 ], [ 30.4, -3.2 ], [ 30.4, -3.3 ], [ 30.5, -3.3 ], [ 30.6, -3.3 ], [ 30.6, -3.2 ], [ 30.5, -3.2 ] ], [ [ 30.3, -3.3 ], [ 30.3, -3.4 ], [ 30.3, -3.5 ], [ 30.4, -3.5 ], [ 30.4, -3.4 ], [ 30.4, -3.3 ], [ 30.3, -3.3 ] ], [ [ 28.1, -14.6 ], [ 28.1, -14.5 ], [ 28.0, -14.5 ], [ 28.0, -14.4 ], [ 28.0, -14.3 ], [ 28.1, -14.3 ], [ 28.1, -14.2 ], [ 28.0, -14.2 ], [ 27.9, -14.2 ], [ 27.9, -14.1 ], [ 27.8, -14.1 ], [ 27.8, -14.0 ], [ 27.9, -14.0 ], [ 28.0, -14.0 ], [ 28.0, -13.9 ], [ 27.9, -13.9 ], [ 27.8, -13.9 ], [ 27.7, -13.9 ], [ 27.7, -14.0 ], [ 27.7, -14.1 ], [ 27.6, -14.1 ], [ 27.6, -14.0 ], [ 27.5, -14.0 ], [ 27.5, -14.1 ], [ 27.4, -14.1 ], [ 27.3, -14.1 ], [ 27.3, -14.2 ], [ 27.2, -14.2 ], [ 27.2, -14.3 ], [ 27.1, -14.3 ], [ 27.0, -14.3 ], [ 27.0, -14.4 ], [ 27.1, -14.4 ], [ 27.2, -14.4 ], [ 27.3, -14.4 ], [ 27.3, -14.5 ], [ 27.4, -14.5 ], [ 27.5, -14.5 ], [ 27.6, -14.5 ], [ 27.6, -14.6 ], [ 27.7, -14.6 ], [ 27.8, -14.6 ], [ 27.8, -14.7 ], [ 27.9, -14.7 ], [ 27.9, -14.6 ], [ 28.0, -14.6 ], [ 28.1, -14.6 ] ], [ [ 30.8, -11.9 ], [ 30.8, -11.8 ], [ 30.7, -11.8 ], [ 30.7, -11.9 ], [ 30.8, -11.9 ] ], [ [ 30.7, -11.7 ], [ 30.7, -11.6 ], [ 30.7, -11.5 ], [ 30.8, -11.5 ], [ 30.8, -11.4 ], [ 30.7, -11.4 ], [ 30.7, -11.3 ], [ 30.7, -11.2 ], [ 30.7, -11.1 ], [ 30.6, -11.1 ], [ 30.6, -11.2 ], [ 30.5, -11.1 ], [ 30.4, -11.1 ], [ 30.3, -11.1 ], [ 30.3, -11.0 ], [ 30.2, -11.0 ], [ 30.1, -11.0 ], [ 30.1, -10.9 ], [ 30.1, -10.8 ], [ 30.0, -10.8 ], [ 29.9, -10.8 ], [ 29.9, -10.9 ], [ 29.8, -10.9 ], [ 29.8, -11.0 ], [ 29.7, -11.0 ], [ 29.7, -11.1 ], [ 29.6, -11.1 ], [ 29.6, -11.2 ], [ 29.6, -11.3 ], [ 29.5, -11.3 ], [ 29.5, -11.4 ], [ 29.6, -11.4 ], [ 29.7, -11.4 ], [ 29.7, -11.5 ], [ 29.7, -11.6 ], [ 29.6, -11.6 ], [ 29.6, -11.7 ], [ 29.5, -11.7 ], [ 29.5, -11.8 ], [ 29.6, -11.8 ], [ 29.6, -11.9 ], [ 29.6, -12.0 ], [ 29.6, -12.1 ], [ 29.6, -12.2 ], [ 29.5, -12.2 ], [ 29.5, -12.3 ], [ 29.5, -12.4 ], [ 29.6, -12.4 ], [ 29.7, -12.4 ], [ 29.8, -12.4 ], [ 29.9, -12.4 ], [ 29.9, -12.3 ], [ 30.0, -12.3 ], [ 30.1, -12.3 ], [ 30.2, -12.3 ], [ 30.2, -12.2 ], [ 30.3, -12.2 ], [ 30.4, -12.2 ], [ 30.5, -12.2 ], [ 30.5, -12.1 ], [ 30.6, -12.1 ], [ 30.6, -12.0 ], [ 30.5, -12.0 ], [ 30.5, -11.9 ], [ 30.5, -11.8 ], [ 30.6, -11.8 ], [ 30.7, -11.8 ], [ 30.7, -11.7 ] ], [ [ 30.8, -11.6 ], [ 30.9, -11.6 ], [ 30.9, -11.5 ], [ 30.8, -11.5 ], [ 30.8, -11.6 ] ], [ [ 30.8, -11.1 ], [ 30.8, -11.0 ], [ 30.7, -11.0 ], [ 30.7, -11.1 ], [ 30.8, -11.1 ] ], [ [ 28.7, -10.5 ], [ 28.7, -10.4 ], [ 28.7, -10.3 ], [ 28.6, -10.3 ], [ 28.6, -10.4 ], [ 28.6, -10.5 ], [ 28.7, -10.5 ] ], [ [ 28.6, -10.0 ], [ 28.6, -10.1 ], [ 28.7, -10.1 ], [ 28.7, -10.0 ], [ 28.7, -9.9 ], [ 28.7, -9.8 ], [ 28.7, -9.7 ], [ 28.7, -9.6 ], [ 28.8, -9.6 ], [ 28.9, -9.6 ], [ 28.9, -9.5 ], [ 28.8, -9.5 ], [ 28.7, -9.5 ], [ 28.7, -9.4 ], [ 28.7, -9.3 ], [ 28.8, -9.3 ], [ 28.8, -9.2 ], [ 28.8, -9.1 ], [ 28.9, -9.1 ], [ 28.9, -9.0 ], [ 29.0, -9.0 ], [ 29.0, -8.9 ], [ 29.1, -8.9 ], [ 29.1, -8.8 ], [ 29.1, -8.7 ], [ 29.2, -8.7 ], [ 29.2, -8.6 ], [ 29.1, -8.6 ], [ 29.0, -8.6 ], [ 29.0, -8.5 ], [ 28.9, -8.5 ], [ 28.8, -8.6 ], [ 28.8, -8.7 ], [ 28.7, -8.7 ], [ 28.7, -8.8 ], [ 28.6, -8.8 ], [ 28.6, -8.9 ], [ 28.5, -8.9 ], [ 28.5, -9.0 ], [ 28.4, -9.0 ], [ 28.4, -9.1 ], [ 28.3, -9.1 ], [ 28.3, -9.2 ], [ 28.3, -9.3 ], [ 28.3, -9.4 ], [ 28.4, -9.4 ], [ 28.4, -9.5 ], [ 28.3, -9.5 ], [ 28.3, -9.6 ], [ 28.4, -9.6 ], [ 28.4, -9.7 ], [ 28.4, -9.8 ], [ 28.4, -9.9 ], [ 28.4, -10.0 ], [ 28.5, -10.0 ], [ 28.6, -10.0 ] ], [ [ 30.9, -6.6 ], [ 30.9, -6.7 ], [ 31.0, -6.7 ], [ 31.0, -6.6 ], [ 30.9, -6.6 ] ], [ [ 30.4, -6.3 ], [ 30.5, -6.3 ], [ 30.5, -6.2 ], [ 30.4, -6.2 ], [ 30.4, -6.3 ] ], [ [ 30.6, -6.2 ], [ 30.6, -6.1 ], [ 30.6, -6.0 ], [ 30.5, -6.0 ], [ 30.5, -6.1 ], [ 30.5, -6.2 ], [ 30.6, -6.2 ] ], [ [ 30.2, -6.0 ], [ 30.1, -6.0 ], [ 30.1, -6.1 ], [ 30.2, -6.1 ], [ 30.2, -6.0 ] ], [ [ 30.2, -5.7 ], [ 30.1, -5.7 ], [ 30.1, -5.8 ], [ 30.2, -5.8 ], [ 30.2, -5.7 ] ], [ [ 30.5, -5.4 ], [ 30.4, -5.4 ], [ 30.4, -5.5 ], [ 30.5, -5.5 ], [ 30.5, -5.4 ] ], [ [ 30.7, -5.3 ], [ 30.8, -5.3 ], [ 30.8, -5.2 ], [ 30.7, -5.2 ], [ 30.7, -5.3 ] ], [ [ 29.9, -4.4 ], [ 29.9, -4.5 ], [ 30.0, -4.5 ], [ 30.0, -4.6 ], [ 30.0, -4.7 ], [ 30.1, -4.7 ], [ 30.1, -4.6 ], [ 30.1, -4.5 ], [ 30.2, -4.5 ], [ 30.2, -4.4 ], [ 30.2, -4.3 ], [ 30.1, -4.3 ], [ 30.0, -4.3 ], [ 30.0, -4.4 ], [ 29.9, -4.4 ] ], [ [ 30.6, -4.1 ], [ 30.6, -4.0 ], [ 30.5, -4.0 ], [ 30.5, -4.1 ], [ 30.5, -4.2 ], [ 30.6, -4.2 ], [ 30.6, -4.1 ] ], [ [ 30.5, -3.9 ], [ 30.4, -3.9 ], [ 30.4, -4.0 ], [ 30.5, -4.0 ], [ 30.5, -3.9 ] ], [ [ 33.8, -11.6 ], [ 33.7, -11.6 ], [ 33.7, -11.7 ], [ 33.8, -11.7 ], [ 33.8, -11.8 ], [ 33.8, -11.9 ], [ 33.8, -12.0 ], [ 33.9, -12.0 ], [ 33.9, -11.9 ], [ 33.9, -11.8 ], [ 33.9, -11.7 ], [ 34.0, -11.7 ], [ 34.0, -11.6 ], [ 34.0, -11.5 ], [ 33.9, -11.5 ], [ 33.9, -11.6 ], [ 33.8, -11.6 ] ], [ [ 32.2, -10.2 ], [ 32.2, -10.3 ], [ 32.3, -10.3 ], [ 32.3, -10.2 ], [ 32.3, -10.1 ], [ 32.2, -10.1 ], [ 32.2, -10.2 ] ], [ [ 33.5, -10.1 ], [ 33.5, -10.0 ], [ 33.4, -10.0 ], [ 33.4, -10.1 ], [ 33.4, -10.2 ], [ 33.5, -10.2 ], [ 33.5, -10.1 ] ], [ [ 33.4, -9.9 ], [ 33.3, -9.9 ], [ 33.3, -10.0 ], [ 33.4, -10.0 ], [ 33.4, -9.9 ] ], [ [ 31.8, -10.3 ], [ 31.7, -10.3 ], [ 31.7, -10.4 ], [ 31.6, -10.4 ], [ 31.6, -10.5 ], [ 31.6, -10.6 ], [ 31.7, -10.6 ], [ 31.7, -10.5 ], [ 31.8, -10.5 ], [ 31.8, -10.6 ], [ 31.9, -10.6 ], [ 32.0, -10.6 ], [ 32.0, -10.5 ], [ 32.0, -10.4 ], [ 32.1, -10.4 ], [ 32.1, -10.3 ], [ 32.1, -10.2 ], [ 32.1, -10.1 ], [ 32.1, -10.0 ], [ 32.2, -10.0 ], [ 32.2, -9.9 ], [ 32.3, -9.9 ], [ 32.4, -9.9 ], [ 32.4, -9.8 ], [ 32.5, -9.8 ], [ 32.6, -9.8 ], [ 32.6, -9.9 ], [ 32.5, -9.9 ], [ 32.5, -10.0 ], [ 32.6, -10.0 ], [ 32.7, -10.0 ], [ 32.7, -9.9 ], [ 32.7, -9.8 ], [ 32.7, -9.7 ], [ 32.7, -9.6 ], [ 32.6, -9.6 ], [ 32.6, -9.5 ], [ 32.6, -9.4 ], [ 32.5, -9.4 ], [ 32.5, -9.3 ], [ 32.4, -9.3 ], [ 32.3, -9.3 ], [ 32.3, -9.2 ], [ 32.2, -9.2 ], [ 32.2, -9.3 ], [ 32.1, -9.3 ], [ 32.1, -9.4 ], [ 32.2, -9.4 ], [ 32.2, -9.5 ], [ 32.1, -9.5 ], [ 32.0, -9.5 ], [ 32.0, -9.6 ], [ 32.0, -9.7 ], [ 31.9, -9.7 ], [ 31.9, -9.8 ], [ 31.9, -9.9 ], [ 31.9, -10.0 ], [ 32.0, -10.0 ], [ 32.0, -10.1 ], [ 31.9, -10.1 ], [ 31.9, -10.2 ], [ 31.8, -10.2 ], [ 31.8, -10.3 ] ], [ [ 32.8, -9.8 ], [ 32.9, -9.8 ], [ 32.9, -9.7 ], [ 32.8, -9.7 ], [ 32.8, -9.8 ] ], [ [ 33.0, -9.7 ], [ 33.0, -9.6 ], [ 33.0, -9.5 ], [ 32.9, -9.5 ], [ 32.9, -9.6 ], [ 32.9, -9.7 ], [ 33.0, -9.7 ] ], [ [ 33.1, -9.1 ], [ 33.1, -9.2 ], [ 33.2, -9.2 ], [ 33.3, -9.2 ], [ 33.3, -9.3 ], [ 33.3, -9.4 ], [ 33.3, -9.5 ], [ 33.4, -9.5 ], [ 33.4, -9.6 ], [ 33.4, -9.7 ], [ 33.5, -9.7 ], [ 33.6, -9.7 ], [ 33.6, -9.6 ], [ 33.5, -9.6 ], [ 33.5, -9.5 ], [ 33.6, -9.5 ], [ 33.6, -9.4 ], [ 33.5, -9.4 ], [ 33.5, -9.3 ], [ 33.5, -9.2 ], [ 33.5, -9.1 ], [ 33.4, -9.1 ], [ 33.4, -9.0 ], [ 33.3, -9.0 ], [ 33.2, -9.0 ], [ 33.2, -9.1 ], [ 33.1, -9.1 ] ], [ [ 33.6, -9.0 ], [ 33.6, -8.9 ], [ 33.5, -8.9 ], [ 33.5, -9.0 ], [ 33.6, -9.0 ] ], [ [ 31.5, -8.0 ], [ 31.5, -8.1 ], [ 31.5, -8.2 ], [ 31.5, -8.3 ], [ 31.6, -8.3 ], [ 31.7, -8.3 ], [ 31.7, -8.2 ], [ 31.6, -8.2 ], [ 31.6, -8.1 ], [ 31.6, -8.0 ], [ 31.5, -8.0 ] ], [ [ 31.5, -7.9 ], [ 31.5, -7.8 ], [ 31.4, -7.8 ], [ 31.4, -7.9 ], [ 31.4, -8.0 ], [ 31.5, -8.0 ], [ 31.5, -7.9 ] ], [ [ 32.5, -8.3 ], [ 32.5, -8.4 ], [ 32.5, -8.5 ], [ 32.6, -8.5 ], [ 32.7, -8.5 ], [ 32.8, -8.5 ], [ 32.9, -8.5 ], [ 32.9, -8.4 ], [ 32.8, -8.4 ], [ 32.8, -8.3 ], [ 32.7, -8.3 ], [ 32.7, -8.2 ], [ 32.6, -8.2 ], [ 32.6, -8.1 ], [ 32.5, -8.1 ], [ 32.5, -8.0 ], [ 32.4, -8.0 ], [ 32.4, -7.9 ], [ 32.3, -7.9 ], [ 32.3, -7.8 ], [ 32.2, -7.8 ], [ 32.2, -7.7 ], [ 32.1, -7.7 ], [ 32.1, -7.6 ], [ 32.0, -7.6 ], [ 31.9, -7.6 ], [ 31.9, -7.5 ], [ 31.8, -7.5 ], [ 31.7, -7.5 ], [ 31.7, -7.4 ], [ 31.6, -7.4 ], [ 31.5, -7.4 ], [ 31.4, -7.4 ], [ 31.4, -7.5 ], [ 31.5, -7.5 ], [ 31.5, -7.6 ], [ 31.6, -7.6 ], [ 31.6, -7.7 ], [ 31.7, -7.7 ], [ 31.7, -7.8 ], [ 31.6, -7.8 ], [ 31.6, -7.9 ], [ 31.7, -7.9 ], [ 31.7, -8.0 ], [ 31.7, -8.1 ], [ 31.8, -8.1 ], [ 31.8, -8.2 ], [ 31.9, -8.2 ], [ 31.9, -8.1 ], [ 31.9, -8.0 ], [ 32.0, -8.0 ], [ 32.0, -8.1 ], [ 32.1, -8.1 ], [ 32.2, -8.1 ], [ 32.3, -8.1 ], [ 32.4, -8.1 ], [ 32.4, -8.2 ], [ 32.4, -8.3 ], [ 32.5, -8.3 ] ], [ [ 31.1, -7.6 ], [ 31.1, -7.7 ], [ 31.1, -7.8 ], [ 31.2, -7.8 ], [ 31.2, -7.9 ], [ 31.3, -7.9 ], [ 31.3, -7.8 ], [ 31.3, -7.7 ], [ 31.3, -7.6 ], [ 31.2, -7.6 ], [ 31.2, -7.5 ], [ 31.1, -7.5 ], [ 31.1, -7.6 ] ], [ [ 31.5, -7.2 ], [ 31.6, -7.2 ], [ 31.6, -7.1 ], [ 31.5, -7.1 ], [ 31.5, -7.2 ] ], [ [ 31.4, -6.8 ], [ 31.4, -6.7 ], [ 31.4, -6.6 ], [ 31.3, -6.6 ], [ 31.3, -6.7 ], [ 31.3, -6.8 ], [ 31.2, -6.8 ], [ 31.2, -6.7 ], [ 31.2, -6.6 ], [ 31.1, -6.6 ], [ 31.1, -6.7 ], [ 31.1, -6.8 ], [ 31.0, -6.8 ], [ 30.9, -6.8 ], [ 30.9, -6.9 ], [ 31.0, -6.9 ], [ 31.1, -6.9 ], [ 31.1, -7.0 ], [ 31.0, -7.0 ], [ 31.0, -7.1 ], [ 31.1, -7.1 ], [ 31.2, -7.1 ], [ 31.3, -7.1 ], [ 31.3, -7.0 ], [ 31.3, -6.9 ], [ 31.4, -6.9 ], [ 31.4, -6.8 ] ], [ [ 31.2, -5.7 ], [ 31.2, -5.6 ], [ 31.1, -5.6 ], [ 31.1, -5.7 ], [ 31.1, -5.8 ], [ 31.2, -5.8 ], [ 31.2, -5.7 ] ], [ [ 31.1, -5.5 ], [ 31.1, -5.4 ], [ 31.0, -5.4 ], [ 31.0, -5.5 ], [ 31.0, -5.6 ], [ 31.1, -5.6 ], [ 31.1, -5.5 ] ], [ [ 31.5, -5.6 ], [ 31.5, -5.5 ], [ 31.4, -5.5 ], [ 31.4, -5.6 ], [ 31.5, -5.6 ] ], [ [ 31.8, -4.8 ], [ 31.8, -4.7 ], [ 31.7, -4.7 ], [ 31.7, -4.8 ], [ 31.8, -4.8 ] ], [ [ 31.7, -4.6 ], [ 31.6, -4.6 ], [ 31.6, -4.5 ], [ 31.7, -4.5 ], [ 31.7, -4.4 ], [ 31.8, -4.4 ], [ 31.8, -4.3 ], [ 31.8, -4.2 ], [ 31.7, -4.2 ], [ 31.7, -4.1 ], [ 31.6, -4.1 ], [ 31.6, -4.0 ], [ 31.6, -3.9 ], [ 31.5, -3.9 ], [ 31.5, -4.0 ], [ 31.4, -4.0 ], [ 31.4, -3.9 ], [ 31.4, -3.8 ], [ 31.3, -3.8 ], [ 31.3, -3.7 ], [ 31.2, -3.7 ], [ 31.2, -3.6 ], [ 31.1, -3.6 ], [ 31.1, -3.7 ], [ 31.0, -3.7 ], [ 30.9, -3.7 ], [ 30.8, -3.7 ], [ 30.7, -3.7 ], [ 30.7, -3.8 ], [ 30.8, -3.8 ], [ 30.9, -3.8 ], [ 30.9, -3.9 ], [ 31.0, -3.9 ], [ 31.0, -4.0 ], [ 31.1, -4.0 ], [ 31.1, -3.9 ], [ 31.1, -3.8 ], [ 31.2, -3.8 ], [ 31.2, -3.9 ], [ 31.3, -3.9 ], [ 31.3, -4.0 ], [ 31.3, -4.1 ], [ 31.3, -4.2 ], [ 31.3, -4.3 ], [ 31.3, -4.4 ], [ 31.2, -4.4 ], [ 31.2, -4.5 ], [ 31.2, -4.6 ], [ 31.3, -4.6 ], [ 31.3, -4.7 ], [ 31.4, -4.7 ], [ 31.4, -4.8 ], [ 31.3, -4.8 ], [ 31.2, -4.8 ], [ 31.1, -4.8 ], [ 31.1, -4.7 ], [ 31.0, -4.7 ], [ 31.0, -4.6 ], [ 30.9, -4.6 ], [ 30.9, -4.7 ], [ 30.8, -4.7 ], [ 30.8, -4.6 ], [ 30.8, -4.5 ], [ 30.8, -4.4 ], [ 30.8, -4.3 ], [ 30.8, -4.2 ], [ 30.8, -4.1 ], [ 30.7, -4.1 ], [ 30.7, -4.2 ], [ 30.7, -4.3 ], [ 30.7, -4.4 ], [ 30.7, -4.5 ], [ 30.7, -4.6 ], [ 30.7, -4.7 ], [ 30.7, -4.8 ], [ 30.8, -4.8 ], [ 30.8, -4.9 ], [ 30.9, -4.9 ], [ 30.9, -5.0 ], [ 31.0, -5.0 ], [ 31.1, -5.0 ], [ 31.2, -5.0 ], [ 31.2, -5.1 ], [ 31.2, -5.2 ], [ 31.1, -5.2 ], [ 31.0, -5.2 ], [ 31.0, -5.3 ], [ 31.1, -5.3 ], [ 31.2, -5.3 ], [ 31.3, -5.3 ], [ 31.3, -5.2 ], [ 31.3, -5.1 ], [ 31.3, -5.0 ], [ 31.4, -5.0 ], [ 31.5, -5.0 ], [ 31.5, -4.9 ], [ 31.6, -4.9 ], [ 31.6, -4.8 ], [ 31.5, -4.8 ], [ 31.5, -4.7 ], [ 31.6, -4.7 ], [ 31.7, -4.7 ], [ 31.7, -4.6 ] ], [ [ 31.8, -13.7 ], [ 31.8, -13.8 ], [ 31.9, -13.8 ], [ 31.9, -13.7 ], [ 31.8, -13.7 ] ], [ [ 30.6, -13.7 ], [ 30.7, -13.7 ], [ 30.7, -13.6 ], [ 30.8, -13.6 ], [ 30.8, -13.5 ], [ 30.7, -13.5 ], [ 30.6, -13.5 ], [ 30.6, -13.6 ], [ 30.6, -13.7 ] ], [ [ 30.3, -2.8 ], [ 30.3, -2.9 ], [ 30.4, -2.9 ], [ 30.4, -2.8 ], [ 30.3, -2.8 ] ], [ [ 30.1, -2.9 ], [ 30.1, -2.8 ], [ 30.1, -2.7 ], [ 30.0, -2.7 ], [ 30.0, -2.8 ], [ 30.0, -2.9 ], [ 30.1, -2.9 ] ], [ [ 30.2, -2.7 ], [ 30.2, -2.6 ], [ 30.1, -2.6 ], [ 30.1, -2.7 ], [ 30.2, -2.7 ] ], [ [ 30.3, -2.6 ], [ 30.3, -2.5 ], [ 30.2, -2.5 ], [ 30.2, -2.6 ], [ 30.3, -2.6 ] ], [ [ 30.7, -2.4 ], [ 30.7, -2.3 ], [ 30.6, -2.3 ], [ 30.6, -2.4 ], [ 30.7, -2.4 ] ], [ [ 30.5, -2.2 ], [ 30.6, -2.2 ], [ 30.7, -2.2 ], [ 30.8, -2.2 ], [ 30.8, -2.1 ], [ 30.7, -2.1 ], [ 30.6, -2.1 ], [ 30.5, -2.1 ], [ 30.5, -2.2 ] ], [ [ 33.0, 1.4 ], [ 33.1, 1.4 ], [ 33.1, 1.3 ], [ 33.2, 1.3 ], [ 33.2, 1.2 ], [ 33.3, 1.2 ], [ 33.3, 1.3 ], [ 33.3, 1.4 ], [ 33.2, 1.4 ], [ 33.2, 1.5 ], [ 33.1, 1.5 ], [ 33.1, 1.6 ], [ 33.0, 1.6 ], [ 32.9, 1.6 ], [ 32.8, 1.6 ], [ 32.7, 1.6 ], [ 32.7, 1.5 ], [ 32.6, 1.5 ], [ 32.5, 1.5 ], [ 32.5, 1.4 ], [ 32.6, 1.4 ], [ 32.7, 1.4 ], [ 32.7, 1.3 ], [ 32.8, 1.3 ], [ 32.9, 1.3 ], [ 32.9, 1.4 ], [ 33.0, 1.4 ] ], [ [ 32.5, 1.7 ], [ 32.5, 1.6 ], [ 32.6, 1.6 ], [ 32.6, 1.7 ], [ 32.5, 1.7 ] ], [ [ 32.7, 1.7 ], [ 32.8, 1.7 ], [ 32.8, 1.8 ], [ 32.7, 1.8 ], [ 32.7, 1.7 ] ], [ [ 32.9, 1.8 ], [ 33.0, 1.8 ], [ 33.0, 1.9 ], [ 32.9, 1.9 ], [ 32.8, 1.9 ], [ 32.8, 1.8 ], [ 32.9, 1.8 ] ], [ [ 37.5, 13.4 ], [ 37.5, 13.5 ], [ 37.5, 13.6 ], [ 37.4, 13.6 ], [ 37.4, 13.5 ], [ 37.3, 13.5 ], [ 37.3, 13.4 ], [ 37.2, 13.4 ], [ 37.2, 13.3 ], [ 37.3, 13.3 ], [ 37.4, 13.3 ], [ 37.4, 13.2 ], [ 37.5, 13.2 ], [ 37.5, 13.3 ], [ 37.5, 13.4 ] ], [ [ 37.4, 13.7 ], [ 37.3, 13.7 ], [ 37.3, 13.6 ], [ 37.4, 13.6 ], [ 37.4, 13.7 ] ], [ [ 37.3, 13.8 ], [ 37.2, 13.8 ], [ 37.2, 13.7 ], [ 37.3, 13.7 ], [ 37.3, 13.8 ] ], [ [ 33.5, 8.8 ], [ 33.5, 8.9 ], [ 33.4, 8.9 ], [ 33.4, 9.0 ], [ 33.3, 9.1 ], [ 33.2, 9.2 ], [ 33.2, 9.3 ], [ 33.3, 9.4 ], [ 33.4, 9.4 ], [ 33.5, 9.5 ], [ 33.5, 9.6 ], [ 33.5, 9.7 ], [ 33.6, 9.8 ], [ 33.6, 9.9 ], [ 33.6, 10.0 ], [ 33.5, 10.0 ], [ 33.5, 9.9 ], [ 33.4, 9.9 ], [ 33.3, 9.8 ], [ 33.2, 9.8 ], [ 33.1, 9.8 ], [ 33.0, 9.8 ], [ 32.9, 9.8 ], [ 32.9, 9.7 ], [ 32.8, 9.7 ], [ 32.7, 9.7 ], [ 32.7, 9.6 ], [ 32.6, 9.6 ], [ 32.5, 9.6 ], [ 32.4, 9.6 ], [ 32.3, 9.6 ], [ 32.3, 9.5 ], [ 32.2, 9.5 ], [ 32.1, 9.5 ], [ 32.0, 9.5 ], [ 32.0, 9.4 ], [ 31.9, 9.4 ], [ 31.8, 9.4 ], [ 31.8, 9.3 ], [ 31.7, 9.3 ], [ 31.6, 9.3 ], [ 31.5, 9.3 ], [ 31.5, 9.4 ], [ 31.4, 9.4 ], [ 31.3, 9.4 ], [ 31.2, 9.4 ], [ 31.1, 9.4 ], [ 31.0, 9.4 ], [ 30.9, 9.4 ], [ 30.8, 9.4 ], [ 30.8, 9.5 ], [ 30.7, 9.5 ], [ 30.6, 9.5 ], [ 30.5, 9.5 ], [ 30.4, 9.5 ], [ 30.3, 9.5 ], [ 30.2, 9.5 ], [ 30.1, 9.5 ], [ 30.0, 9.5 ], [ 30.0, 9.6 ], [ 29.9, 9.6 ], [ 29.8, 9.6 ], [ 29.7, 9.5 ], [ 29.6, 9.5 ], [ 29.6, 9.4 ], [ 29.5, 9.4 ], [ 29.4, 9.3 ], [ 29.3, 9.3 ], [ 29.1, 9.4 ], [ 29.0, 9.4 ], [ 28.9, 9.4 ], [ 28.4, 9.4 ], [ 28.2, 9.4 ], [ 28.1, 9.3 ], [ 28.0, 9.3 ], [ 27.9, 9.3 ], [ 27.9, 9.2 ], [ 27.8, 9.2 ], [ 27.8, 9.1 ], [ 27.9, 9.1 ], [ 27.9, 9.0 ], [ 28.0, 9.0 ], [ 28.1, 9.0 ], [ 28.1, 8.9 ], [ 28.2, 8.9 ], [ 28.3, 8.9 ], [ 28.4, 8.9 ], [ 28.4, 8.8 ], [ 28.5, 8.8 ], [ 28.6, 8.8 ], [ 28.6, 8.7 ], [ 28.7, 8.7 ], [ 28.7, 8.6 ], [ 28.8, 8.6 ], [ 28.9, 8.6 ], [ 28.9, 8.5 ], [ 29.0, 8.5 ], [ 29.1, 8.5 ], [ 29.1, 8.4 ], [ 29.2, 8.4 ], [ 29.3, 8.4 ], [ 29.3, 8.3 ], [ 29.4, 8.3 ], [ 29.4, 8.2 ], [ 29.4, 8.1 ], [ 29.5, 8.1 ], [ 29.5, 8.0 ], [ 29.4, 8.0 ], [ 29.4, 7.9 ], [ 29.4, 7.8 ], [ 29.4, 7.7 ], [ 29.4, 7.6 ], [ 29.5, 7.6 ], [ 29.5, 7.5 ], [ 29.5, 7.4 ], [ 29.6, 7.4 ], [ 29.6, 7.3 ], [ 29.7, 7.3 ], [ 29.7, 7.2 ], [ 29.8, 7.2 ], [ 29.8, 7.1 ], [ 29.9, 7.1 ], [ 29.9, 7.0 ], [ 30.0, 7.0 ], [ 30.0, 6.9 ], [ 30.1, 6.9 ], [ 30.2, 6.9 ], [ 30.3, 6.9 ], [ 30.4, 6.9 ], [ 30.5, 6.9 ], [ 30.6, 6.9 ], [ 30.7, 6.9 ], [ 30.8, 6.9 ], [ 30.9, 6.9 ], [ 30.9, 6.8 ], [ 31.0, 6.8 ], [ 31.0, 6.7 ], [ 31.1, 6.6 ], [ 31.2, 6.5 ], [ 31.2, 6.4 ], [ 31.3, 6.3 ], [ 31.3, 6.2 ], [ 31.3, 6.1 ], [ 31.4, 6.0 ], [ 31.4, 5.9 ], [ 31.5, 5.9 ], [ 31.6, 5.8 ], [ 31.6, 5.7 ], [ 31.6, 5.6 ], [ 31.6, 5.5 ], [ 31.6, 5.4 ], [ 31.6, 5.3 ], [ 31.6, 5.2 ], [ 31.6, 5.1 ], [ 31.6, 5.0 ], [ 31.6, 4.9 ], [ 31.6, 4.8 ], [ 31.7, 4.8 ], [ 31.8, 4.8 ], [ 31.8, 4.9 ], [ 31.9, 4.9 ], [ 32.0, 4.9 ], [ 32.0, 5.0 ], [ 32.1, 5.0 ], [ 32.2, 5.0 ], [ 32.2, 5.1 ], [ 32.3, 5.1 ], [ 32.4, 5.1 ], [ 32.4, 5.2 ], [ 32.5, 5.2 ], [ 32.5, 5.3 ], [ 32.6, 5.3 ], [ 32.6, 5.4 ], [ 32.7, 5.4 ], [ 32.7, 5.5 ], [ 32.8, 5.5 ], [ 32.8, 5.6 ], [ 32.9, 5.6 ], [ 32.9, 5.7 ], [ 33.0, 5.7 ], [ 33.0, 5.8 ], [ 33.1, 5.8 ], [ 33.1, 5.9 ], [ 33.2, 5.9 ], [ 33.2, 6.0 ], [ 33.3, 6.0 ], [ 33.3, 6.1 ], [ 33.4, 6.1 ], [ 33.4, 6.2 ], [ 33.4, 6.3 ], [ 33.5, 6.3 ], [ 33.5, 6.4 ], [ 33.5, 6.5 ], [ 33.5, 6.6 ], [ 33.5, 6.7 ], [ 33.6, 6.7 ], [ 33.6, 6.8 ], [ 33.6, 6.9 ], [ 33.6, 7.0 ], [ 33.6, 7.1 ], [ 33.6, 7.2 ], [ 33.6, 7.3 ], [ 33.6, 7.4 ], [ 33.6, 7.5 ], [ 33.6, 7.6 ], [ 33.6, 7.7 ], [ 33.7, 7.7 ], [ 33.7, 7.6 ], [ 33.8, 7.6 ], [ 33.9, 7.6 ], [ 34.0, 7.6 ], [ 34.1, 7.6 ], [ 34.1, 7.7 ], [ 34.0, 7.7 ], [ 33.9, 7.7 ], [ 33.9, 7.8 ], [ 34.0, 7.8 ], [ 34.1, 7.8 ], [ 34.1, 7.9 ], [ 34.0, 7.9 ], [ 34.0, 8.0 ], [ 34.1, 8.0 ], [ 34.1, 8.1 ], [ 34.2, 8.1 ], [ 34.3, 8.1 ], [ 34.3, 8.2 ], [ 34.3, 8.3 ], [ 34.2, 8.3 ], [ 34.2, 8.4 ], [ 34.3, 8.4 ], [ 34.3, 8.5 ], [ 34.2, 8.5 ], [ 34.2, 8.6 ], [ 34.2, 8.7 ], [ 34.1, 8.7 ], [ 34.1, 8.6 ], [ 34.1, 8.5 ], [ 34.0, 8.5 ], [ 33.9, 8.5 ], [ 33.9, 8.4 ], [ 33.8, 8.4 ], [ 33.7, 8.4 ], [ 33.7, 8.5 ], [ 33.6, 8.5 ], [ 33.5, 8.5 ], [ 33.5, 8.6 ], [ 33.5, 8.7 ], [ 33.6, 8.7 ], [ 33.5, 8.8 ] ], [ [ 11.4, 6.5 ], [ 11.5, 6.5 ], [ 11.6, 6.5 ], [ 11.7, 6.6 ], [ 11.8, 6.6 ], [ 11.9, 6.7 ], [ 11.8, 6.7 ], [ 11.7, 6.8 ], [ 11.8, 6.8 ], [ 11.8, 6.9 ], [ 11.8, 7.0 ], [ 11.9, 7.0 ], [ 12.0, 7.1 ], [ 12.1, 7.0 ], [ 12.1, 7.1 ], [ 12.2, 7.1 ], [ 12.2, 7.0 ], [ 12.3, 7.0 ], [ 12.4, 7.0 ], [ 12.4, 7.1 ], [ 12.5, 7.2 ], [ 12.5, 7.3 ], [ 12.6, 7.2 ], [ 12.6, 7.3 ], [ 12.6, 7.4 ], [ 12.5, 7.4 ], [ 12.4, 7.4 ], [ 12.3, 7.4 ], [ 12.3, 7.5 ], [ 12.3, 7.6 ], [ 12.2, 7.6 ], [ 12.2, 7.5 ], [ 12.1, 7.4 ], [ 12.1, 7.3 ], [ 12.0, 7.4 ], [ 12.0, 7.5 ], [ 12.0, 7.6 ], [ 11.9, 7.6 ], [ 11.8, 7.6 ], [ 11.8, 7.5 ], [ 11.7, 7.5 ], [ 11.6, 7.5 ], [ 11.6, 7.3 ], [ 11.7, 7.2 ], [ 11.7, 7.1 ], [ 11.6, 7.1 ], [ 11.5, 7.1 ], [ 11.4, 7.2 ], [ 11.4, 7.1 ], [ 11.4, 7.0 ], [ 11.3, 7.0 ], [ 11.3, 7.1 ], [ 11.2, 7.1 ], [ 11.2, 7.2 ], [ 11.1, 7.2 ], [ 11.1, 7.3 ], [ 11.1, 7.4 ], [ 11.0, 7.4 ], [ 11.0, 7.3 ], [ 10.9, 7.2 ], [ 11.0, 7.1 ], [ 11.0, 7.0 ], [ 10.9, 7.0 ], [ 10.9, 6.9 ], [ 10.9, 6.8 ], [ 10.9, 6.7 ], [ 11.0, 6.7 ], [ 11.1, 6.6 ], [ 11.1, 6.5 ], [ 11.1, 6.4 ], [ 11.2, 6.5 ], [ 11.3, 6.5 ], [ 11.3, 6.4 ], [ 11.4, 6.4 ], [ 11.4, 6.5 ] ], [ [ 12.7, 7.3 ], [ 12.8, 7.3 ], [ 12.8, 7.4 ], [ 12.9, 7.5 ], [ 12.9, 7.6 ], [ 13.0, 7.6 ], [ 13.0, 7.7 ], [ 13.0, 7.8 ], [ 12.9, 7.9 ], [ 12.8, 7.9 ], [ 12.8, 7.8 ], [ 12.7, 7.8 ], [ 12.6, 7.8 ], [ 12.6, 7.7 ], [ 12.5, 7.7 ], [ 12.6, 7.6 ], [ 12.6, 7.5 ], [ 12.6, 7.4 ], [ 12.7, 7.3 ] ], [ [ 11.2, 7.5 ], [ 11.1, 7.5 ], [ 11.1, 7.4 ], [ 11.2, 7.5 ] ], [ [ 12.2, 8.3 ], [ 12.3, 8.3 ], [ 12.3, 8.4 ], [ 12.2, 8.5 ], [ 12.2, 8.4 ], [ 12.2, 8.3 ] ], [ [ 12.9, 8.8 ], [ 12.9, 8.9 ], [ 12.8, 8.9 ], [ 12.8, 8.8 ], [ 12.7, 8.7 ], [ 12.7, 8.8 ], [ 12.6, 8.7 ], [ 12.5, 8.7 ], [ 12.5, 8.6 ], [ 12.6, 8.5 ], [ 12.6, 8.6 ], [ 12.7, 8.6 ], [ 12.8, 8.7 ], [ 12.9, 8.8 ] ], [ [ 14.3, 7.1 ], [ 14.3, 7.2 ], [ 14.4, 7.1 ], [ 14.4, 7.0 ], [ 14.5, 7.0 ], [ 14.5, 7.1 ], [ 14.5, 7.2 ], [ 14.5, 7.3 ], [ 14.6, 7.3 ], [ 14.7, 7.3 ], [ 14.7, 7.4 ], [ 14.6, 7.4 ], [ 14.5, 7.4 ], [ 14.4, 7.3 ], [ 14.3, 7.3 ], [ 14.2, 7.3 ], [ 14.2, 7.2 ], [ 14.2, 7.1 ], [ 14.2, 7.0 ], [ 14.3, 7.0 ], [ 14.3, 7.1 ] ], [ [ 14.3, 7.4 ], [ 14.3, 7.5 ], [ 14.2, 7.5 ], [ 14.1, 7.5 ], [ 14.0, 7.5 ], [ 14.0, 7.4 ], [ 14.1, 7.4 ], [ 14.1, 7.3 ], [ 14.2, 7.4 ], [ 14.3, 7.4 ] ], [ [ 13.4, 8.3 ], [ 13.4, 8.4 ], [ 13.3, 8.4 ], [ 13.2, 8.4 ], [ 13.1, 8.5 ], [ 13.1, 8.4 ], [ 13.1, 8.3 ], [ 13.2, 8.3 ], [ 13.3, 8.3 ], [ 13.4, 8.2 ], [ 13.4, 8.3 ] ], [ [ -15.9, 13.5 ], [ -15.9, 13.4 ], [ -15.8, 13.4 ], [ -15.7, 13.4 ], [ -15.7, 13.5 ], [ -15.8, 13.5 ], [ -15.9, 13.5 ] ], [ [ -15.6, 13.4 ], [ -15.6, 13.5 ], [ -15.7, 13.5 ], [ -15.6, 13.4 ] ], [ [ -12.6, 12.1 ], [ -12.6, 12.0 ], [ -12.5, 12.0 ], [ -12.5, 11.9 ], [ -12.5, 11.8 ], [ -12.4, 11.8 ], [ -12.4, 11.7 ], [ -12.3, 11.7 ], [ -12.2, 11.7 ], [ -12.2, 11.6 ], [ -12.3, 11.6 ], [ -12.4, 11.6 ], [ -12.5, 11.6 ], [ -12.6, 11.6 ], [ -12.6, 11.5 ], [ -12.7, 11.5 ], [ -12.7, 11.4 ], [ -12.8, 11.4 ], [ -12.9, 11.4 ], [ -13.0, 11.4 ], [ -13.0, 11.3 ], [ -12.9, 11.3 ], [ -12.9, 11.2 ], [ -12.9, 11.1 ], [ -13.0, 11.1 ], [ -13.0, 11.0 ], [ -12.9, 11.0 ], [ -12.8, 11.0 ], [ -12.7, 11.0 ], [ -12.7, 10.9 ], [ -12.6, 10.9 ], [ -12.6, 10.8 ], [ -12.5, 10.8 ], [ -12.4, 10.8 ], [ -12.4, 10.7 ], [ -12.4, 10.6 ], [ -12.3, 10.6 ], [ -12.3, 10.5 ], [ -12.2, 10.5 ], [ -12.2, 10.6 ], [ -12.1, 10.6 ], [ -12.1, 10.5 ], [ -12.1, 10.4 ], [ -12.0, 10.4 ], [ -12.0, 10.3 ], [ -11.9, 10.3 ], [ -11.9, 10.4 ], [ -11.8, 10.4 ], [ -11.8, 10.5 ], [ -11.8, 10.6 ], [ -11.7, 10.6 ], [ -11.7, 10.7 ], [ -11.7, 10.8 ], [ -11.7, 10.9 ], [ -11.8, 10.9 ], [ -11.8, 11.0 ], [ -11.9, 11.0 ], [ -11.9, 11.1 ], [ -11.9, 11.2 ], [ -11.9, 11.3 ], [ -11.9, 11.4 ], [ -11.8, 11.4 ], [ -11.8, 11.5 ], [ -11.8, 11.6 ], [ -11.8, 11.7 ], [ -11.8, 11.8 ], [ -11.9, 11.8 ], [ -11.9, 11.9 ], [ -11.9, 12.0 ], [ -11.9, 12.1 ], [ -12.1, 12.2 ], [ -12.2, 12.2 ], [ -12.3, 12.2 ], [ -12.4, 12.2 ], [ -12.5, 12.2 ], [ -12.5, 12.1 ], [ -12.6, 12.1 ] ], [ [ 0.6, 7.6 ], [ 0.6, 7.5 ], [ 0.6, 7.4 ], [ 0.6, 7.3 ], [ 0.6, 7.2 ], [ 0.6, 7.1 ], [ 0.5, 7.1 ], [ 0.5, 7.0 ], [ 0.4, 7.0 ], [ 0.4, 6.9 ], [ 0.4, 6.8 ], [ 0.5, 6.8 ], [ 0.6, 6.8 ], [ 0.6, 6.9 ], [ 0.7, 6.9 ], [ 0.7, 7.0 ], [ 0.7, 7.1 ], [ 0.8, 7.1 ], [ 0.8, 7.2 ], [ 0.8, 7.3 ], [ 0.9, 7.3 ], [ 0.9, 7.4 ], [ 1.0, 7.4 ], [ 1.0, 7.5 ], [ 1.1, 7.5 ], [ 1.1, 7.6 ], [ 1.1, 7.7 ], [ 1.0, 7.8 ], [ 0.9, 7.8 ], [ 0.9, 7.9 ], [ 0.8, 7.9 ], [ 0.8, 8.0 ], [ 0.9, 8.0 ], [ 0.9, 8.1 ], [ 0.9, 8.2 ], [ 0.8, 8.2 ], [ 0.8, 8.3 ], [ 0.8, 8.4 ], [ 0.7, 8.3 ], [ 0.6, 8.4 ], [ 0.6, 8.3 ], [ 0.6, 8.2 ], [ 0.5, 8.2 ], [ 0.5, 8.1 ], [ 0.6, 8.1 ], [ 0.6, 8.0 ], [ 0.6, 7.9 ], [ 0.6, 7.8 ], [ 0.6, 7.7 ], [ 0.6, 7.6 ] ], [ [ 8.7, 9.4 ], [ 8.7, 9.2 ], [ 8.8, 9.1 ], [ 8.9, 9.1 ], [ 9.0, 9.1 ], [ 9.1, 9.1 ], [ 9.3, 9.2 ], [ 9.4, 9.3 ], [ 9.5, 9.3 ], [ 9.6, 9.3 ], [ 9.6, 9.5 ], [ 9.5, 9.8 ], [ 9.5, 9.9 ], [ 9.6, 9.9 ], [ 9.6, 10.0 ], [ 9.6, 10.1 ], [ 9.6, 10.2 ], [ 9.7, 10.3 ], [ 9.6, 10.4 ], [ 9.5, 10.3 ], [ 9.4, 10.3 ], [ 9.3, 10.3 ], [ 9.2, 10.4 ], [ 9.2, 10.3 ], [ 9.2, 10.2 ], [ 9.1, 10.2 ], [ 9.1, 10.1 ], [ 9.0, 10.1 ], [ 9.0, 10.0 ], [ 8.9, 10.0 ], [ 8.9, 10.1 ], [ 8.9, 10.2 ], [ 9.0, 10.3 ], [ 9.1, 10.4 ], [ 9.1, 10.5 ], [ 9.1, 10.6 ], [ 9.0, 10.6 ], [ 8.9, 10.5 ], [ 8.9, 10.4 ], [ 8.8, 10.3 ], [ 8.8, 10.2 ], [ 8.7, 10.1 ], [ 8.6, 10.1 ], [ 8.6, 10.0 ], [ 8.6, 9.9 ], [ 8.6, 9.8 ], [ 8.5, 9.7 ], [ 8.4, 9.6 ], [ 8.5, 9.5 ], [ 8.6, 9.5 ], [ 8.7, 9.4 ] ], [ [ -7.6, 7.9 ], [ -7.6, 8.0 ], [ -7.7, 8.0 ], [ -7.7, 7.9 ], [ -7.6, 7.9 ] ], [ [ -7.5, 8.0 ], [ -7.4, 8.0 ], [ -7.4, 8.1 ], [ -7.5, 8.1 ], [ -7.5, 8.0 ] ], [ [ -8.4, 8.4 ], [ -8.3, 8.4 ], [ -8.3, 8.5 ], [ -8.4, 8.5 ], [ -8.4, 8.4 ] ], [ [ -8.4, 8.9 ], [ -8.4, 9.0 ], [ -8.5, 9.0 ], [ -8.6, 9.0 ], [ -8.6, 8.9 ], [ -8.6, 8.8 ], [ -8.5, 8.8 ], [ -8.5, 8.7 ], [ -8.4, 8.8 ], [ -8.3, 8.8 ], [ -8.3, 8.9 ], [ -8.4, 8.9 ] ], [ [ -11.6, 10.4 ], [ -11.5, 10.4 ], [ -11.5, 10.3 ], [ -11.4, 10.3 ], [ -11.3, 10.3 ], [ -11.3, 10.2 ], [ -11.2, 10.2 ], [ -11.2, 10.3 ], [ -11.2, 10.4 ], [ -11.2, 10.5 ], [ -11.2, 10.6 ], [ -11.1, 10.6 ], [ -11.1, 10.7 ], [ -11.0, 10.7 ], [ -10.9, 10.7 ], [ -10.8, 10.7 ], [ -10.8, 10.8 ], [ -10.8, 10.9 ], [ -10.9, 10.9 ], [ -10.9, 11.0 ], [ -11.0, 11.0 ], [ -11.1, 11.0 ], [ -11.2, 11.0 ], [ -11.3, 11.0 ], [ -11.4, 11.0 ], [ -11.4, 10.9 ], [ -11.4, 10.8 ], [ -11.5, 10.8 ], [ -11.5, 10.7 ], [ -11.6, 10.7 ], [ -11.6, 10.6 ], [ -11.6, 10.5 ], [ -11.7, 10.5 ], [ -11.7, 10.4 ], [ -11.6, 10.4 ] ], [ [ -16.6, 12.6 ], [ -16.5, 12.6 ], [ -16.5, 12.7 ], [ -16.6, 12.7 ], [ -16.6, 12.6 ] ], [ [ -5.9, 7.2 ], [ -5.8, 7.2 ], [ -5.8, 7.3 ], [ -5.9, 7.3 ], [ -6.0, 7.3 ], [ -5.9, 7.2 ] ], [ [ -5.8, 7.5 ], [ -5.9, 7.5 ], [ -5.9, 7.4 ], [ -5.8, 7.4 ], [ -5.8, 7.5 ] ], [ [ 10.7, 7.5 ], [ 10.7, 7.4 ], [ 10.8, 7.4 ], [ 10.8, 7.5 ], [ 10.7, 7.5 ] ], [ [ -6.3, 7.8 ], [ -6.2, 7.7 ], [ -6.2, 7.8 ], [ -6.3, 7.8 ] ], [ [ -6.1, 7.7 ], [ -6.0, 7.7 ], [ -6.0, 7.8 ], [ -6.1, 7.8 ], [ -6.1, 7.7 ] ], [ [ 12.0, 8.4 ], [ 11.9, 8.4 ], [ 11.9, 8.5 ], [ 11.9, 8.6 ], [ 11.8, 8.6 ], [ 11.8, 8.7 ], [ 11.7, 8.8 ], [ 11.6, 8.8 ], [ 11.6, 8.7 ], [ 11.7, 8.7 ], [ 11.7, 8.6 ], [ 11.7, 8.5 ], [ 11.7, 8.4 ], [ 11.7, 8.3 ], [ 11.7, 8.2 ], [ 11.7, 8.1 ], [ 11.8, 8.0 ], [ 11.9, 8.0 ], [ 12.0, 8.0 ], [ 11.9, 8.1 ], [ 11.9, 8.2 ], [ 12.0, 8.2 ], [ 12.0, 8.3 ], [ 12.0, 8.4 ] ], [ [ -5.1, 14.2 ], [ -5.2, 14.1 ], [ -5.2, 14.0 ], [ -5.1, 14.0 ], [ -5.0, 14.0 ], [ -4.9, 14.0 ], [ -4.8, 14.0 ], [ -4.7, 14.0 ], [ -4.6, 13.9 ], [ -4.6, 13.8 ], [ -4.5, 13.8 ], [ -4.6, 13.7 ], [ -4.7, 13.7 ], [ -4.7, 13.6 ], [ -4.8, 13.6 ], [ -4.9, 13.5 ], [ -5.0, 13.5 ], [ -5.1, 13.4 ], [ -5.2, 13.4 ], [ -5.3, 13.3 ], [ -5.2, 13.2 ], [ -5.0, 13.3 ], [ -4.9, 13.3 ], [ -4.8, 13.2 ], [ -4.7, 13.3 ], [ -4.7, 13.4 ], [ -4.7, 13.5 ], [ -4.6, 13.6 ], [ -4.5, 13.6 ], [ -4.3, 13.7 ], [ -4.3, 13.8 ], [ -4.2, 14.0 ], [ -4.1, 14.1 ], [ -4.1, 14.2 ], [ -4.1, 14.4 ], [ -4.0, 14.5 ], [ -4.0, 14.6 ], [ -4.0, 14.7 ], [ -4.0, 14.8 ], [ -3.9, 14.8 ], [ -3.9, 14.9 ], [ -3.9, 15.0 ], [ -3.8, 15.0 ], [ -3.8, 15.1 ], [ -3.8, 15.2 ], [ -3.8, 15.3 ], [ -3.7, 15.3 ], [ -3.6, 15.3 ], [ -3.6, 15.4 ], [ -3.6, 15.5 ], [ -3.5, 15.5 ], [ -3.5, 15.6 ], [ -3.6, 15.7 ], [ -3.6, 15.8 ], [ -3.5, 15.7 ], [ -3.4, 15.7 ], [ -3.3, 15.6 ], [ -3.2, 15.6 ], [ -3.1, 15.7 ], [ -3.1, 15.8 ], [ -3.0, 15.8 ], [ -2.9, 15.8 ], [ -2.8, 15.8 ], [ -2.7, 15.8 ], [ -2.6, 15.8 ], [ -2.5, 15.8 ], [ -2.5, 15.9 ], [ -2.4, 16.0 ], [ -2.3, 16.1 ], [ -2.2, 16.2 ], [ -2.1, 16.2 ], [ -2.1, 16.3 ], [ -2.2, 16.3 ], [ -2.3, 16.3 ], [ -2.3, 16.2 ], [ -2.5, 16.2 ], [ -2.6, 16.2 ], [ -2.7, 16.2 ], [ -2.8, 16.2 ], [ -2.9, 16.2 ], [ -3.0, 16.2 ], [ -3.1, 16.2 ], [ -3.1, 16.3 ], [ -3.0, 16.3 ], [ -3.0, 16.4 ], [ -3.0, 16.5 ], [ -2.8, 16.6 ], [ -2.7, 16.6 ], [ -2.5, 16.6 ], [ -2.4, 16.7 ], [ -2.3, 16.7 ], [ -2.2, 16.7 ], [ -2.1, 16.8 ], [ -2.0, 16.8 ], [ -1.9, 16.8 ], [ -1.7, 16.9 ], [ -1.6, 16.9 ], [ -1.5, 16.9 ], [ -1.3, 16.9 ], [ -1.1, 17.0 ], [ -1.0, 17.0 ], [ -0.7, 16.9 ], [ -0.6, 16.9 ], [ -0.4, 16.9 ], [ -0.4, 16.8 ], [ -0.3, 16.7 ], [ -0.2, 16.7 ], [ -0.2, 16.8 ], [ -0.2, 16.9 ], [ -0.3, 17.0 ], [ -0.4, 17.1 ], [ -0.6, 17.0 ], [ -0.7, 17.1 ], [ -0.9, 17.1 ], [ -1.2, 17.2 ], [ -1.3, 17.2 ], [ -1.5, 17.2 ], [ -1.6, 17.1 ], [ -1.8, 17.0 ], [ -2.0, 17.0 ], [ -2.2, 17.0 ], [ -2.3, 16.9 ], [ -2.4, 16.9 ], [ -2.6, 16.9 ], [ -2.7, 16.8 ], [ -2.8, 16.8 ], [ -2.9, 16.8 ], [ -2.9, 16.7 ], [ -3.0, 16.7 ], [ -3.1, 16.7 ], [ -3.2, 16.7 ], [ -3.4, 16.6 ], [ -3.4, 16.5 ], [ -3.5, 16.5 ], [ -3.6, 16.4 ], [ -3.7, 16.3 ], [ -3.8, 16.3 ], [ -3.9, 16.3 ], [ -4.0, 16.2 ], [ -4.1, 16.2 ], [ -4.1, 16.1 ], [ -4.3, 16.1 ], [ -4.4, 16.1 ], [ -4.4, 16.0 ], [ -4.5, 16.1 ], [ -4.5, 16.0 ], [ -4.6, 15.9 ], [ -4.7, 15.9 ], [ -4.7, 15.8 ], [ -4.8, 15.8 ], [ -4.9, 15.8 ], [ -4.9, 15.7 ], [ -4.9, 15.6 ], [ -4.8, 15.6 ], [ -4.7, 15.6 ], [ -4.7, 15.7 ], [ -4.6, 15.7 ], [ -4.6, 15.6 ], [ -4.5, 15.5 ], [ -4.6, 15.5 ], [ -4.7, 15.4 ], [ -4.7, 15.3 ], [ -4.7, 15.2 ], [ -4.8, 15.1 ], [ -4.8, 15.0 ], [ -4.8, 14.9 ], [ -4.9, 14.8 ], [ -4.9, 14.7 ], [ -4.9, 14.6 ], [ -5.0, 14.6 ], [ -5.0, 14.5 ], [ -5.0, 14.4 ], [ -5.0, 14.3 ], [ -5.1, 14.2 ] ], [ [ 0.6, 8.9 ], [ 0.6, 8.8 ], [ 0.6, 8.7 ], [ 0.6, 8.6 ], [ 0.7, 8.6 ], [ 0.7, 8.5 ], [ 0.8, 8.5 ], [ 0.8, 8.6 ], [ 0.8, 8.7 ], [ 0.8, 8.8 ], [ 0.7, 8.8 ], [ 0.7, 8.9 ], [ 0.6, 8.9 ] ], [ [ 1.3, 9.1 ], [ 1.2, 9.1 ], [ 1.2, 9.0 ], [ 1.3, 9.0 ], [ 1.3, 9.1 ] ], [ [ 1.3, 9.2 ], [ 1.4, 9.3 ], [ 1.4, 9.4 ], [ 1.3, 9.4 ], [ 1.2, 9.4 ], [ 1.2, 9.3 ], [ 1.1, 9.3 ], [ 1.0, 9.3 ], [ 1.1, 9.2 ], [ 1.2, 9.2 ], [ 1.3, 9.2 ] ], [ [ 1.6, 10.4 ], [ 1.6, 10.5 ], [ 1.5, 10.5 ], [ 1.5, 10.4 ], [ 1.5, 10.3 ], [ 1.4, 10.3 ], [ 1.4, 10.2 ], [ 1.5, 10.2 ], [ 1.5, 10.1 ], [ 1.6, 10.1 ], [ 1.6, 10.2 ], [ 1.6, 10.3 ], [ 1.7, 10.3 ], [ 1.7, 10.4 ], [ 1.6, 10.4 ] ], [ [ 8.5, 11.1 ], [ 8.6, 11.1 ], [ 8.7, 11.1 ], [ 8.8, 11.1 ], [ 8.8, 11.2 ], [ 8.8, 11.3 ], [ 8.7, 11.3 ], [ 8.7, 11.4 ], [ 8.6, 11.4 ], [ 8.6, 11.5 ], [ 8.5, 11.5 ], [ 8.5, 11.6 ], [ 8.4, 11.6 ], [ 8.3, 11.6 ], [ 8.3, 11.5 ], [ 8.3, 11.4 ], [ 8.2, 11.4 ], [ 8.2, 11.3 ], [ 8.2, 11.2 ], [ 8.3, 11.2 ], [ 8.4, 11.2 ], [ 8.4, 11.3 ], [ 8.5, 11.3 ], [ 8.5, 11.2 ], [ 8.5, 11.1 ] ], [ [ 15.0, 12.0 ], [ 15.0, 12.1 ], [ 14.9, 12.1 ], [ 14.9, 12.0 ], [ 15.0, 12.0 ] ], [ [ 14.9, 12.2 ], [ 14.9, 12.3 ], [ 14.9, 12.4 ], [ 14.8, 12.4 ], [ 14.8, 12.5 ], [ 14.8, 12.6 ], [ 14.8, 12.7 ], [ 14.8, 12.8 ], [ 14.8, 12.9 ], [ 14.9, 12.9 ], [ 15.0, 12.9 ], [ 15.1, 12.9 ], [ 15.1, 13.0 ], [ 15.2, 13.0 ], [ 15.2, 13.1 ], [ 15.3, 13.1 ], [ 15.3, 13.2 ], [ 15.3, 13.3 ], [ 15.3, 13.4 ], [ 15.2, 13.4 ], [ 15.1, 13.4 ], [ 15.0, 13.4 ], [ 15.0, 13.5 ], [ 14.9, 13.5 ], [ 14.8, 13.5 ], [ 14.7, 13.5 ], [ 14.6, 13.5 ], [ 14.5, 13.5 ], [ 14.4, 13.5 ], [ 14.3, 13.5 ], [ 14.2, 13.5 ], [ 14.2, 13.6 ], [ 14.1, 13.6 ], [ 14.1, 13.7 ], [ 14.2, 13.8 ], [ 14.2, 13.9 ], [ 14.2, 14.0 ], [ 14.2, 14.1 ], [ 14.1, 14.1 ], [ 14.1, 14.2 ], [ 14.0, 14.3 ], [ 14.0, 14.2 ], [ 13.9, 14.2 ], [ 13.9, 14.3 ], [ 13.8, 14.3 ], [ 13.7, 14.4 ], [ 13.6, 14.4 ], [ 13.4, 14.5 ], [ 13.3, 14.4 ], [ 13.2, 14.4 ], [ 13.2, 14.3 ], [ 13.1, 14.3 ], [ 13.1, 14.2 ], [ 13.0, 14.2 ], [ 13.0, 14.1 ], [ 13.0, 14.0 ], [ 13.0, 13.9 ], [ 13.1, 13.9 ], [ 13.1, 13.8 ], [ 13.2, 13.8 ], [ 13.2, 13.7 ], [ 13.3, 13.7 ], [ 13.4, 13.6 ], [ 13.4, 13.5 ], [ 13.4, 13.4 ], [ 13.5, 13.3 ], [ 13.5, 13.2 ], [ 13.6, 13.2 ], [ 13.6, 13.1 ], [ 13.6, 13.0 ], [ 13.7, 13.0 ], [ 13.7, 12.9 ], [ 13.6, 12.9 ], [ 13.6, 12.8 ], [ 13.7, 12.8 ], [ 13.7, 12.7 ], [ 13.6, 12.7 ], [ 13.6, 12.6 ], [ 13.6, 12.5 ], [ 13.7, 12.5 ], [ 13.7, 12.4 ], [ 13.8, 12.4 ], [ 13.9, 12.4 ], [ 14.0, 12.4 ], [ 14.1, 12.4 ], [ 14.2, 12.4 ], [ 14.3, 12.4 ], [ 14.3, 12.5 ], [ 14.3, 12.6 ], [ 14.4, 12.6 ], [ 14.4, 12.7 ], [ 14.5, 12.7 ], [ 14.5, 12.8 ], [ 14.6, 12.8 ], [ 14.6, 12.7 ], [ 14.6, 12.6 ], [ 14.6, 12.5 ], [ 14.6, 12.4 ], [ 14.5, 12.4 ], [ 14.5, 12.3 ], [ 14.6, 12.3 ], [ 14.6, 12.2 ], [ 14.7, 12.2 ], [ 14.7, 12.1 ], [ 14.8, 12.1 ], [ 14.9, 12.1 ], [ 14.9, 12.2 ] ], [ [ 11.3, 15.9 ], [ 11.3, 16.0 ], [ 11.4, 16.0 ], [ 11.5, 16.0 ], [ 11.5, 16.1 ], [ 11.4, 16.2 ], [ 11.5, 16.3 ], [ 11.5, 16.4 ], [ 11.4, 16.4 ], [ 11.3, 16.4 ], [ 11.3, 16.3 ], [ 11.3, 16.2 ], [ 11.3, 16.1 ], [ 11.2, 16.1 ], [ 11.2, 16.0 ], [ 11.3, 15.9 ] ], [ [ 1.2, 19.4 ], [ 1.2, 19.3 ], [ 1.1, 19.2 ], [ 1.2, 19.2 ], [ 1.2, 19.1 ], [ 1.3, 19.2 ], [ 1.3, 19.1 ], [ 1.4, 19.1 ], [ 1.4, 19.2 ], [ 1.5, 19.2 ], [ 1.5, 19.3 ], [ 1.4, 19.3 ], [ 1.3, 19.3 ], [ 1.3, 19.4 ], [ 1.2, 19.4 ] ], [ [ 1.2, 19.5 ], [ 1.3, 19.5 ], [ 1.3, 19.6 ], [ 1.2, 19.7 ], [ 1.3, 19.7 ], [ 1.4, 19.7 ], [ 1.4, 19.8 ], [ 1.3, 19.8 ], [ 1.2, 19.8 ], [ 1.1, 19.8 ], [ 1.1, 19.7 ], [ 1.1, 19.6 ], [ 1.1, 19.5 ], [ 1.1, 19.4 ], [ 1.2, 19.4 ], [ 1.2, 19.5 ] ], [ [ 1.5, 19.5 ], [ 1.4, 19.5 ], [ 1.4, 19.4 ], [ 1.5, 19.5 ] ], [ [ 1.5, 19.6 ], [ 1.4, 19.6 ], [ 1.4, 19.5 ], [ 1.5, 19.6 ] ], [ [ 2.0, 18.9 ], [ 2.0, 19.0 ], [ 2.0, 19.1 ], [ 2.1, 19.1 ], [ 2.1, 19.0 ], [ 2.1, 18.9 ], [ 2.1, 18.8 ], [ 2.2, 18.8 ], [ 2.1, 18.7 ], [ 2.1, 18.6 ], [ 2.2, 18.6 ], [ 2.3, 18.6 ], [ 2.3, 18.7 ], [ 2.4, 18.7 ], [ 2.4, 18.8 ], [ 2.4, 18.9 ], [ 2.4, 19.0 ], [ 2.5, 19.0 ], [ 2.5, 19.1 ], [ 2.5, 19.2 ], [ 2.5, 19.3 ], [ 2.5, 19.4 ], [ 2.5, 19.5 ], [ 2.6, 19.5 ], [ 2.6, 19.6 ], [ 2.6, 19.7 ], [ 2.7, 19.7 ], [ 2.7, 19.8 ], [ 2.8, 19.8 ], [ 2.9, 19.8 ], [ 2.9, 19.9 ], [ 2.8, 20.1 ], [ 2.7, 20.1 ], [ 2.7, 20.2 ], [ 2.7, 20.3 ], [ 2.6, 20.4 ], [ 2.5, 20.4 ], [ 2.4, 20.5 ], [ 2.3, 20.5 ], [ 2.2, 20.5 ], [ 2.1, 20.5 ], [ 2.0, 20.5 ], [ 1.9, 20.5 ], [ 1.8, 20.5 ], [ 1.7, 20.4 ], [ 1.7, 20.5 ], [ 1.6, 20.4 ], [ 1.5, 20.4 ], [ 1.4, 20.4 ], [ 1.3, 20.4 ], [ 1.3, 20.3 ], [ 1.2, 20.3 ], [ 1.1, 20.3 ], [ 1.1, 20.2 ], [ 1.2, 20.2 ], [ 1.3, 20.2 ], [ 1.4, 20.2 ], [ 1.5, 20.2 ], [ 1.6, 20.2 ], [ 1.6, 20.1 ], [ 1.5, 20.1 ], [ 1.4, 20.1 ], [ 1.4, 20.0 ], [ 1.3, 20.0 ], [ 1.3, 19.9 ], [ 1.4, 19.9 ], [ 1.5, 19.9 ], [ 1.6, 19.9 ], [ 1.7, 19.9 ], [ 1.7, 19.8 ], [ 1.7, 19.7 ], [ 1.6, 19.7 ], [ 1.6, 19.6 ], [ 1.6, 19.5 ], [ 1.7, 19.5 ], [ 1.7, 19.4 ], [ 1.7, 19.3 ], [ 1.8, 19.3 ], [ 1.8, 19.2 ], [ 1.9, 19.2 ], [ 1.9, 19.1 ], [ 1.8, 19.1 ], [ 1.8, 19.0 ], [ 1.9, 19.0 ], [ 1.9, 18.9 ], [ 2.0, 18.9 ] ], [ [ 1.6, 19.8 ], [ 1.5, 19.8 ], [ 1.5, 19.7 ], [ 1.6, 19.7 ], [ 1.6, 19.8 ] ], [ [ 24.5, 13.4 ], [ 24.4, 13.3 ], [ 24.3, 13.2 ], [ 24.3, 13.1 ], [ 24.2, 13.0 ], [ 24.2, 12.9 ], [ 24.3, 12.8 ], [ 24.4, 12.8 ], [ 24.4, 12.7 ], [ 24.5, 12.7 ], [ 24.6, 12.8 ], [ 24.6, 12.9 ], [ 24.6, 13.0 ], [ 24.5, 13.1 ], [ 24.6, 13.2 ], [ 24.5, 13.2 ], [ 24.5, 13.3 ], [ 24.5, 13.4 ] ], [ [ 39.0, 13.3 ], [ 38.9, 13.3 ], [ 38.9, 13.2 ], [ 39.0, 13.2 ], [ 39.0, 13.3 ] ], [ [ 21.8, 15.2 ], [ 21.8, 15.1 ], [ 21.8, 15.0 ], [ 21.8, 14.9 ], [ 21.9, 14.8 ], [ 22.0, 14.8 ], [ 22.1, 14.8 ], [ 22.2, 14.9 ], [ 22.3, 15.0 ], [ 22.2, 15.0 ], [ 22.1, 15.1 ], [ 22.2, 15.1 ], [ 22.3, 15.1 ], [ 22.4, 15.2 ], [ 22.4, 15.3 ], [ 22.3, 15.3 ], [ 22.3, 15.4 ], [ 22.4, 15.4 ], [ 22.5, 15.4 ], [ 22.5, 15.5 ], [ 22.5, 15.6 ], [ 22.5, 15.7 ], [ 22.4, 15.7 ], [ 22.4, 15.6 ], [ 22.3, 15.6 ], [ 22.2, 15.6 ], [ 22.1, 15.6 ], [ 22.1, 15.5 ], [ 22.1, 15.4 ], [ 22.0, 15.4 ], [ 22.0, 15.3 ], [ 21.9, 15.3 ], [ 21.8, 15.4 ], [ 21.8, 15.3 ], [ 21.9, 15.2 ], [ 21.8, 15.2 ] ], [ [ 22.6, 15.7 ], [ 22.6, 15.8 ], [ 22.5, 15.8 ], [ 22.5, 15.7 ], [ 22.6, 15.7 ] ], [ [ 32.8, -14.2 ], [ 32.9, -14.2 ], [ 32.9, -14.1 ], [ 32.8, -14.1 ], [ 32.8, -14.2 ] ], [ [ 37.6, 6.6 ], [ 37.6, 6.5 ], [ 37.6, 6.4 ], [ 37.5, 6.4 ], [ 37.4, 6.4 ], [ 37.4, 6.3 ], [ 37.3, 6.3 ], [ 37.3, 6.2 ], [ 37.2, 6.2 ], [ 37.2, 6.1 ], [ 37.2, 6.0 ], [ 37.1, 6.0 ], [ 37.1, 5.9 ], [ 37.2, 5.9 ], [ 37.2, 5.8 ], [ 37.3, 5.8 ], [ 37.3, 5.9 ], [ 37.4, 5.9 ], [ 37.4, 6.0 ], [ 37.5, 6.0 ], [ 37.5, 6.1 ], [ 37.5, 6.2 ], [ 37.6, 6.2 ], [ 37.7, 6.2 ], [ 37.7, 6.3 ], [ 37.7, 6.4 ], [ 37.7, 6.5 ], [ 37.7, 6.6 ], [ 37.6, 6.6 ] ], [ [ 37.3, 5.6 ], [ 37.2, 5.6 ], [ 37.2, 5.5 ], [ 37.3, 5.5 ], [ 37.4, 5.5 ], [ 37.4, 5.6 ], [ 37.4, 5.7 ], [ 37.3, 5.7 ], [ 37.3, 5.6 ] ], [ [ 36.2, 4.7 ], [ 36.1, 4.7 ], [ 36.1, 4.8 ], [ 36.1, 4.9 ], [ 36.0, 4.9 ], [ 36.0, 4.8 ], [ 36.0, 4.7 ], [ 36.0, 4.6 ], [ 36.0, 4.5 ], [ 35.9, 4.5 ], [ 35.9, 4.4 ], [ 35.9, 4.3 ], [ 35.9, 4.2 ], [ 35.9, 4.1 ], [ 35.9, 4.0 ], [ 35.9, 3.9 ], [ 35.9, 3.8 ], [ 35.8, 3.8 ], [ 35.8, 3.7 ], [ 35.8, 3.6 ], [ 35.9, 3.6 ], [ 35.9, 3.5 ], [ 35.9, 3.4 ], [ 35.9, 3.3 ], [ 36.0, 3.3 ], [ 36.0, 3.2 ], [ 36.1, 3.2 ], [ 36.1, 3.1 ], [ 36.1, 3.0 ], [ 36.2, 3.0 ], [ 36.3, 3.0 ], [ 36.3, 2.9 ], [ 36.4, 2.9 ], [ 36.4, 2.8 ], [ 36.4, 2.7 ], [ 36.4, 2.6 ], [ 36.5, 2.6 ], [ 36.5, 2.5 ], [ 36.5, 2.4 ], [ 36.6, 2.4 ], [ 36.7, 2.4 ], [ 36.7, 2.5 ], [ 36.7, 2.6 ], [ 36.7, 2.7 ], [ 36.7, 2.8 ], [ 36.7, 2.9 ], [ 36.6, 2.9 ], [ 36.5, 2.9 ], [ 36.5, 3.0 ], [ 36.4, 3.0 ], [ 36.4, 3.1 ], [ 36.4, 3.2 ], [ 36.3, 3.2 ], [ 36.3, 3.3 ], [ 36.3, 3.4 ], [ 36.2, 3.4 ], [ 36.2, 3.5 ], [ 36.2, 3.6 ], [ 36.2, 3.7 ], [ 36.3, 3.7 ], [ 36.3, 3.8 ], [ 36.3, 3.9 ], [ 36.2, 3.9 ], [ 36.2, 4.0 ], [ 36.2, 4.1 ], [ 36.3, 4.1 ], [ 36.3, 4.2 ], [ 36.2, 4.2 ], [ 36.2, 4.3 ], [ 36.2, 4.4 ], [ 36.2, 4.5 ], [ 36.2, 4.6 ], [ 36.2, 4.7 ] ], [ [ 33.8, 4.5 ], [ 33.7, 4.5 ], [ 33.7, 4.4 ], [ 33.6, 4.4 ], [ 33.6, 4.5 ], [ 33.5, 4.5 ], [ 33.5, 4.6 ], [ 33.4, 4.6 ], [ 33.3, 4.6 ], [ 33.3, 4.5 ], [ 33.3, 4.4 ], [ 33.3, 4.3 ], [ 33.3, 4.2 ], [ 33.4, 4.2 ], [ 33.5, 4.2 ], [ 33.5, 4.1 ], [ 33.6, 4.1 ], [ 33.7, 4.1 ], [ 33.8, 4.1 ], [ 33.9, 4.1 ], [ 33.9, 4.0 ], [ 34.0, 4.0 ], [ 34.0, 3.9 ], [ 34.0, 3.8 ], [ 34.1, 3.8 ], [ 34.1, 3.9 ], [ 34.1, 4.0 ], [ 34.1, 4.1 ], [ 34.1, 4.2 ], [ 34.0, 4.2 ], [ 33.9, 4.2 ], [ 33.9, 4.3 ], [ 33.9, 4.4 ], [ 33.8, 4.4 ], [ 33.8, 4.5 ] ], [ [ 34.1, 3.7 ], [ 34.2, 3.7 ], [ 34.2, 3.8 ], [ 34.1, 3.8 ], [ 34.1, 3.7 ] ], [ [ 34.2, 3.6 ], [ 34.3, 3.6 ], [ 34.4, 3.6 ], [ 34.4, 3.7 ], [ 34.3, 3.7 ], [ 34.2, 3.7 ], [ 34.2, 3.6 ] ], [ [ 34.3, 3.4 ], [ 34.3, 3.3 ], [ 34.4, 3.3 ], [ 34.4, 3.4 ], [ 34.4, 3.5 ], [ 34.3, 3.5 ], [ 34.3, 3.4 ] ], [ [ 34.2, 3.3 ], [ 34.2, 3.2 ], [ 34.3, 3.2 ], [ 34.3, 3.3 ], [ 34.2, 3.3 ] ], [ [ 34.8, 1.8 ], [ 34.9, 1.8 ], [ 34.9, 1.9 ], [ 34.8, 1.9 ], [ 34.8, 1.8 ] ], [ [ 34.7, 1.8 ], [ 34.7, 1.7 ], [ 34.8, 1.7 ], [ 34.8, 1.8 ], [ 34.7, 1.8 ] ], [ [ 36.0, 5.2 ], [ 36.0, 5.1 ], [ 36.0, 5.0 ], [ 36.1, 5.0 ], [ 36.1, 5.1 ], [ 36.2, 5.1 ], [ 36.2, 5.2 ], [ 36.1, 5.2 ], [ 36.0, 5.2 ] ], [ [ 37.3, -1.2 ], [ 37.3, -1.1 ], [ 37.2, -1.1 ], [ 37.2, -1.2 ], [ 37.3, -1.2 ] ], [ [ 37.3, -1.3 ], [ 37.4, -1.3 ], [ 37.4, -1.2 ], [ 37.3, -1.2 ], [ 37.3, -1.3 ] ], [ [ 35.9, -1.7 ], [ 35.8, -1.7 ], [ 35.8, -1.8 ], [ 35.8, -1.9 ], [ 35.8, -2.0 ], [ 35.9, -2.0 ], [ 36.0, -2.0 ], [ 36.0, -1.9 ], [ 36.0, -1.8 ], [ 36.0, -1.7 ], [ 35.9, -1.7 ] ], [ [ 35.8, -1.6 ], [ 35.8, -1.5 ], [ 35.7, -1.5 ], [ 35.7, -1.4 ], [ 35.6, -1.4 ], [ 35.6, -1.5 ], [ 35.6, -1.6 ], [ 35.7, -1.6 ], [ 35.7, -1.7 ], [ 35.8, -1.7 ], [ 35.8, -1.6 ] ], [ [ 36.0, -2.4 ], [ 36.0, -2.5 ], [ 36.1, -2.5 ], [ 36.1, -2.4 ], [ 36.1, -2.3 ], [ 36.1, -2.2 ], [ 36.0, -2.2 ], [ 36.0, -2.3 ], [ 36.0, -2.4 ] ], [ [ 35.9, -2.5 ], [ 35.9, -2.6 ], [ 36.0, -2.6 ], [ 36.0, -2.5 ], [ 35.9, -2.5 ] ], [ [ 35.8, -3.5 ], [ 35.8, -3.6 ], [ 35.7, -3.6 ], [ 35.8, -3.7 ], [ 35.9, -3.7 ], [ 35.9, -3.6 ], [ 35.9, -3.5 ], [ 35.9, -3.4 ], [ 35.8, -3.4 ], [ 35.8, -3.5 ] ], [ [ 35.7, -3.7 ], [ 35.7, -3.8 ], [ 35.8, -3.8 ], [ 35.8, -3.7 ], [ 35.7, -3.7 ] ], [ [ 36.8, -3.4 ], [ 36.8, -3.3 ], [ 36.9, -3.3 ], [ 37.0, -3.3 ], [ 37.0, -3.2 ], [ 37.1, -3.2 ], [ 37.2, -3.2 ], [ 37.2, -3.3 ], [ 37.3, -3.3 ], [ 37.4, -3.3 ], [ 37.5, -3.3 ], [ 37.6, -3.3 ], [ 37.6, -3.2 ], [ 37.6, -3.1 ], [ 37.6, -3.0 ], [ 37.5, -3.0 ], [ 37.5, -2.9 ], [ 37.4, -2.9 ], [ 37.3, -2.9 ], [ 37.2, -2.9 ], [ 37.1, -2.9 ], [ 37.1, -3.0 ], [ 37.0, -3.0 ], [ 36.9, -3.0 ], [ 36.9, -3.1 ], [ 36.9, -3.2 ], [ 36.8, -3.2 ], [ 36.8, -3.1 ], [ 36.7, -3.1 ], [ 36.7, -3.2 ], [ 36.6, -3.2 ], [ 36.6, -3.3 ], [ 36.6, -3.4 ], [ 36.7, -3.4 ], [ 36.8, -3.4 ] ], [ [ 37.6, -3.6 ], [ 37.6, -3.7 ], [ 37.6, -3.8 ], [ 37.7, -3.8 ], [ 37.7, -3.7 ], [ 37.7, -3.6 ], [ 37.6, -3.6 ] ], [ [ 37.8, -3.8 ], [ 37.8, -3.7 ], [ 37.7, -3.8 ], [ 37.8, -3.8 ] ], [ [ 37.7, -4.1 ], [ 37.8, -4.1 ], [ 37.8, -4.0 ], [ 37.7, -4.0 ], [ 37.7, -4.1 ] ], [ [ 37.9, -4.3 ], [ 38.0, -4.3 ], [ 38.0, -4.2 ], [ 37.9, -4.2 ], [ 37.9, -4.3 ] ], [ [ 35.2, -14.8 ], [ 35.3, -14.8 ], [ 35.3, -14.7 ], [ 35.3, -14.6 ], [ 35.3, -14.5 ], [ 35.2, -14.5 ], [ 35.2, -14.6 ], [ 35.2, -14.7 ], [ 35.2, -14.8 ] ], [ [ 36.0, -8.8 ], [ 36.1, -8.8 ], [ 36.1, -8.7 ], [ 36.2, -8.7 ], [ 36.2, -8.6 ], [ 36.2, -8.5 ], [ 36.3, -8.5 ], [ 36.3, -8.4 ], [ 36.4, -8.4 ], [ 36.4, -8.3 ], [ 36.3, -8.3 ], [ 36.2, -8.3 ], [ 36.1, -8.3 ], [ 36.1, -8.4 ], [ 36.0, -8.4 ], [ 35.9, -8.4 ], [ 35.9, -8.3 ], [ 36.0, -8.3 ], [ 36.0, -8.2 ], [ 36.0, -8.1 ], [ 36.1, -8.1 ], [ 36.1, -8.0 ], [ 36.2, -8.0 ], [ 36.2, -7.9 ], [ 36.1, -7.9 ], [ 36.0, -7.9 ], [ 36.0, -7.8 ], [ 35.9, -7.8 ], [ 35.9, -7.9 ], [ 35.9, -8.0 ], [ 35.9, -8.1 ], [ 35.9, -8.2 ], [ 35.8, -8.2 ], [ 35.7, -8.2 ], [ 35.7, -8.3 ], [ 35.6, -8.3 ], [ 35.5, -8.3 ], [ 35.5, -8.4 ], [ 35.4, -8.4 ], [ 35.3, -8.4 ], [ 35.3, -8.5 ], [ 35.3, -8.6 ], [ 35.3, -8.7 ], [ 35.4, -8.7 ], [ 35.5, -8.7 ], [ 35.5, -8.6 ], [ 35.6, -8.6 ], [ 35.6, -8.7 ], [ 35.7, -8.7 ], [ 35.7, -8.6 ], [ 35.8, -8.6 ], [ 35.9, -8.6 ], [ 35.9, -8.7 ], [ 35.9, -8.8 ], [ 35.8, -8.8 ], [ 35.8, -8.9 ], [ 35.8, -9.0 ], [ 35.9, -9.0 ], [ 36.0, -9.0 ], [ 36.0, -8.9 ], [ 36.0, -8.8 ] ], [ [ 36.5, -8.3 ], [ 36.5, -8.2 ], [ 36.4, -8.2 ], [ 36.4, -8.3 ], [ 36.5, -8.3 ] ], [ [ 36.3, -7.9 ], [ 36.4, -7.9 ], [ 36.4, -7.8 ], [ 36.3, -7.8 ], [ 36.2, -7.8 ], [ 36.2, -7.9 ], [ 36.3, -7.9 ] ], [ [ 36.5, -7.8 ], [ 36.6, -7.8 ], [ 36.6, -7.7 ], [ 36.5, -7.7 ], [ 36.4, -7.7 ], [ 36.4, -7.8 ], [ 36.5, -7.8 ] ], [ [ 36.7, -6.9 ], [ 36.6, -6.9 ], [ 36.6, -6.8 ], [ 36.5, -6.8 ], [ 36.5, -6.9 ], [ 36.5, -7.0 ], [ 36.5, -7.1 ], [ 36.6, -7.1 ], [ 36.6, -7.2 ], [ 36.7, -7.2 ], [ 36.7, -7.1 ], [ 36.7, -7.0 ], [ 36.7, -6.9 ] ], [ [ 36.4, -7.1 ], [ 36.3, -7.1 ], [ 36.3, -7.2 ], [ 36.4, -7.2 ], [ 36.5, -7.2 ], [ 36.5, -7.1 ], [ 36.4, -7.1 ] ], [ [ 37.5, -5.7 ], [ 37.6, -5.7 ], [ 37.6, -5.6 ], [ 37.5, -5.6 ], [ 37.5, -5.5 ], [ 37.4, -5.5 ], [ 37.4, -5.6 ], [ 37.4, -5.7 ], [ 37.5, -5.7 ] ], [ [ 36.8, -6.7 ], [ 36.9, -6.7 ], [ 36.9, -6.6 ], [ 36.8, -6.6 ], [ 36.8, -6.7 ] ], [ [ 36.7, -6.4 ], [ 36.8, -6.4 ], [ 36.8, -6.3 ], [ 36.7, -6.3 ], [ 36.7, -6.4 ] ], [ [ 36.8, -6.5 ], [ 36.9, -6.5 ], [ 37.0, -6.5 ], [ 37.0, -6.4 ], [ 37.0, -6.3 ], [ 37.0, -6.2 ], [ 37.1, -6.2 ], [ 37.1, -6.1 ], [ 37.0, -6.1 ], [ 36.9, -6.1 ], [ 36.9, -6.2 ], [ 36.9, -6.3 ], [ 36.9, -6.4 ], [ 36.8, -6.4 ], [ 36.8, -6.5 ] ], [ [ 37.2, -5.6 ], [ 37.2, -5.7 ], [ 37.3, -5.7 ], [ 37.3, -5.6 ], [ 37.2, -5.6 ] ], [ [ 35.3, -17.4 ], [ 35.2, -17.5 ], [ 35.3, -17.6 ], [ 35.4, -17.6 ], [ 35.4, -17.5 ], [ 35.4, -17.4 ], [ 35.3, -17.4 ] ], [ [ 35.4, -16.9 ], [ 35.3, -16.8 ], [ 35.3, -16.9 ], [ 35.4, -16.9 ] ], [ [ 35.5, -15.9 ], [ 35.5, -15.8 ], [ 35.5, -15.7 ], [ 35.5, -15.6 ], [ 35.5, -15.5 ], [ 35.4, -15.5 ], [ 35.4, -15.6 ], [ 35.4, -15.7 ], [ 35.4, -15.8 ], [ 35.4, -15.9 ], [ 35.5, -15.9 ] ], [ [ 35.5, -16.0 ], [ 35.6, -16.0 ], [ 35.7, -16.0 ], [ 35.7, -16.1 ], [ 35.8, -16.1 ], [ 35.8, -16.0 ], [ 35.8, -15.9 ], [ 35.7, -15.9 ], [ 35.7, -15.8 ], [ 35.6, -15.8 ], [ 35.6, -15.9 ], [ 35.5, -15.9 ], [ 35.5, -16.0 ] ], [ [ 35.6, -16.1 ], [ 35.5, -16.1 ], [ 35.5, -16.2 ], [ 35.4, -16.2 ], [ 35.5, -16.3 ], [ 35.6, -16.3 ], [ 35.7, -16.3 ], [ 35.7, -16.2 ], [ 35.7, -16.1 ], [ 35.6, -16.1 ] ], [ [ 34.6, -15.3 ], [ 34.6, -15.2 ], [ 34.6, -15.1 ], [ 34.6, -15.0 ], [ 34.6, -14.9 ], [ 34.5, -14.9 ], [ 34.4, -15.0 ], [ 34.4, -15.1 ], [ 34.5, -15.2 ], [ 34.5, -15.3 ], [ 34.6, -15.3 ] ], [ [ 35.0, -14.9 ], [ 35.0, -14.8 ], [ 34.9, -14.8 ], [ 34.9, -14.9 ], [ 35.0, -14.9 ] ], [ [ 34.9, -14.7 ], [ 34.8, -14.7 ], [ 34.8, -14.8 ], [ 34.9, -14.8 ], [ 34.9, -14.7 ] ], [ [ 34.8, -14.6 ], [ 34.7, -14.6 ], [ 34.7, -14.7 ], [ 34.8, -14.7 ], [ 34.8, -14.6 ] ], [ [ 34.4, -14.8 ], [ 34.5, -14.8 ], [ 34.5, -14.7 ], [ 34.5, -14.6 ], [ 34.5, -14.5 ], [ 34.4, -14.5 ], [ 34.4, -14.4 ], [ 34.3, -14.4 ], [ 34.2, -14.4 ], [ 34.3, -14.5 ], [ 34.3, -14.6 ], [ 34.4, -14.6 ], [ 34.4, -14.7 ], [ 34.4, -14.8 ] ], [ [ 30.4, -14.5 ], [ 30.3, -14.5 ], [ 30.3, -14.6 ], [ 30.4, -14.6 ], [ 30.4, -14.5 ] ], [ [ 35.7, -16.4 ], [ 35.6, -16.4 ], [ 35.6, -16.5 ], [ 35.7, -16.5 ], [ 35.7, -16.6 ], [ 35.8, -16.6 ], [ 35.8, -16.5 ], [ 35.8, -16.4 ], [ 35.7, -16.4 ] ], [ [ 37.4, -15.3 ], [ 37.3, -15.3 ], [ 37.3, -15.2 ], [ 37.2, -15.1 ], [ 37.1, -15.1 ], [ 37.0, -15.1 ], [ 36.9, -15.1 ], [ 36.9, -15.2 ], [ 36.9, -15.3 ], [ 36.8, -15.3 ], [ 36.8, -15.4 ], [ 36.9, -15.4 ], [ 37.0, -15.5 ], [ 37.1, -15.5 ], [ 37.2, -15.5 ], [ 37.3, -15.4 ], [ 37.3, -15.5 ], [ 37.4, -15.5 ], [ 37.4, -15.4 ], [ 37.4, -15.3 ] ], [ [ 36.3, -16.2 ], [ 36.3, -16.3 ], [ 36.2, -16.3 ], [ 36.3, -16.4 ], [ 36.3, -16.5 ], [ 36.4, -16.5 ], [ 36.4, -16.4 ], [ 36.5, -16.5 ], [ 36.6, -16.5 ], [ 36.7, -16.5 ], [ 36.7, -16.6 ], [ 36.8, -16.6 ], [ 36.8, -16.5 ], [ 36.8, -16.4 ], [ 36.8, -16.3 ], [ 36.7, -16.3 ], [ 36.6, -16.3 ], [ 36.6, -16.2 ], [ 36.5, -16.2 ], [ 36.4, -16.2 ], [ 36.4, -16.1 ], [ 36.3, -16.1 ], [ 36.3, -16.2 ] ], [ [ 35.9, -14.9 ], [ 35.9, -14.8 ], [ 35.8, -14.8 ], [ 35.8, -14.9 ], [ 35.9, -14.9 ] ], [ [ 35.6, -15.0 ], [ 35.5, -15.0 ], [ 35.5, -15.1 ], [ 35.5, -15.2 ], [ 35.5, -15.3 ], [ 35.5, -15.4 ], [ 35.6, -15.4 ], [ 35.6, -15.5 ], [ 35.6, -15.6 ], [ 35.7, -15.6 ], [ 35.7, -15.7 ], [ 35.8, -15.7 ], [ 35.8, -15.6 ], [ 35.9, -15.6 ], [ 35.9, -15.5 ], [ 36.0, -15.5 ], [ 36.0, -15.4 ], [ 35.9, -15.4 ], [ 35.9, -15.3 ], [ 35.9, -15.2 ], [ 35.9, -15.1 ], [ 35.9, -15.0 ], [ 35.8, -15.0 ], [ 35.7, -15.0 ], [ 35.6, -15.0 ] ], [ [ 36.5, -8.8 ], [ 36.5, -8.9 ], [ 36.5, -9.0 ], [ 36.6, -9.0 ], [ 36.6, -8.9 ], [ 36.6, -8.8 ], [ 36.6, -8.7 ], [ 36.5, -8.7 ], [ 36.5, -8.8 ] ], [ [ 36.7, -8.7 ], [ 36.7, -8.6 ], [ 36.6, -8.6 ], [ 36.6, -8.7 ], [ 36.7, -8.7 ] ], [ [ 36.7, -8.2 ], [ 36.8, -8.2 ], [ 36.9, -8.2 ], [ 36.9, -8.1 ], [ 36.8, -8.1 ], [ 36.7, -8.1 ], [ 36.6, -8.1 ], [ 36.6, -8.2 ], [ 36.7, -8.2 ] ], [ [ 36.8, -7.9 ], [ 36.9, -7.9 ], [ 36.9, -7.8 ], [ 36.9, -7.7 ], [ 36.8, -7.7 ], [ 36.8, -7.8 ], [ 36.8, -7.9 ] ], [ [ 37.0, -7.8 ], [ 37.1, -7.8 ], [ 37.1, -7.7 ], [ 37.0, -7.7 ], [ 37.0, -7.8 ] ], [ [ 37.1, -7.2 ], [ 37.1, -7.1 ], [ 37.2, -7.1 ], [ 37.2, -7.2 ], [ 37.3, -7.2 ], [ 37.3, -7.1 ], [ 37.3, -7.0 ], [ 37.4, -7.0 ], [ 37.4, -6.9 ], [ 37.4, -6.8 ], [ 37.3, -6.8 ], [ 37.3, -6.9 ], [ 37.2, -6.9 ], [ 37.2, -7.0 ], [ 37.1, -7.0 ], [ 37.0, -7.0 ], [ 37.0, -7.1 ], [ 37.0, -7.2 ], [ 37.0, -7.3 ], [ 37.0, -7.4 ], [ 37.1, -7.4 ], [ 37.1, -7.3 ], [ 37.1, -7.2 ] ], [ [ 37.5, -6.8 ], [ 37.5, -6.7 ], [ 37.4, -6.7 ], [ 37.4, -6.8 ], [ 37.5, -6.8 ] ], [ [ 37.4, -6.6 ], [ 37.3, -6.6 ], [ 37.3, -6.7 ], [ 37.4, -6.7 ], [ 37.4, -6.6 ] ], [ [ 37.5, -6.6 ], [ 37.5, -6.5 ], [ 37.4, -6.5 ], [ 37.4, -6.6 ], [ 37.5, -6.6 ] ], [ [ 37.6, -6.5 ], [ 37.6, -6.4 ], [ 37.5, -6.4 ], [ 37.5, -6.5 ], [ 37.6, -6.5 ] ], [ [ 37.7, -6.4 ], [ 37.7, -6.3 ], [ 37.6, -6.3 ], [ 37.6, -6.4 ], [ 37.7, -6.4 ] ], [ [ 37.2, -6.8 ], [ 37.1, -6.8 ], [ 37.1, -6.9 ], [ 37.2, -6.9 ], [ 37.2, -6.8 ] ], [ [ 38.3, -11.3 ], [ 38.2, -11.3 ], [ 38.2, -11.4 ], [ 38.3, -11.4 ], [ 38.3, -11.3 ] ], [ [ 37.6, -7.7 ], [ 37.6, -7.6 ], [ 37.5, -7.6 ], [ 37.5, -7.7 ], [ 37.6, -7.7 ] ], [ [ 37.5, -7.5 ], [ 37.5, -7.4 ], [ 37.4, -7.4 ], [ 37.4, -7.5 ], [ 37.5, -7.5 ] ], [ [ 37.7, -6.9 ], [ 37.6, -6.9 ], [ 37.6, -7.0 ], [ 37.5, -7.0 ], [ 37.5, -7.1 ], [ 37.5, -7.2 ], [ 37.6, -7.2 ], [ 37.6, -7.3 ], [ 37.7, -7.3 ], [ 37.7, -7.2 ], [ 37.7, -7.1 ], [ 37.7, -7.0 ], [ 37.8, -7.0 ], [ 37.8, -6.9 ], [ 37.8, -6.8 ], [ 37.7, -6.8 ], [ 37.7, -6.9 ] ], [ [ 38.2, -6.5 ], [ 38.1, -6.5 ], [ 38.1, -6.6 ], [ 38.2, -6.6 ], [ 38.2, -6.5 ] ], [ [ 37.4, -6.2 ], [ 37.5, -6.2 ], [ 37.5, -6.1 ], [ 37.4, -6.1 ], [ 37.4, -6.2 ] ], [ [ 37.6, -6.1 ], [ 37.6, -6.0 ], [ 37.5, -6.0 ], [ 37.5, -6.1 ], [ 37.6, -6.1 ] ], [ [ 33.0, -2.9 ], [ 33.0, -2.8 ], [ 32.9, -2.8 ], [ 32.9, -2.9 ], [ 33.0, -2.9 ] ], [ [ 33.4, -5.0 ], [ 33.5, -5.0 ], [ 33.5, -4.9 ], [ 33.5, -4.8 ], [ 33.5, -4.7 ], [ 33.4, -4.7 ], [ 33.4, -4.8 ], [ 33.4, -4.9 ], [ 33.4, -5.0 ] ], [ [ 34.1, -4.9 ], [ 34.1, -4.8 ], [ 34.1, -4.7 ], [ 34.1, -4.6 ], [ 34.2, -4.6 ], [ 34.2, -4.5 ], [ 34.2, -4.4 ], [ 34.2, -4.3 ], [ 34.3, -4.3 ], [ 34.3, -4.2 ], [ 34.3, -4.1 ], [ 34.4, -4.1 ], [ 34.4, -4.0 ], [ 34.5, -4.0 ], [ 34.5, -4.1 ], [ 34.6, -4.1 ], [ 34.6, -4.0 ], [ 34.6, -3.9 ], [ 34.7, -3.9 ], [ 34.8, -3.9 ], [ 34.8, -3.8 ], [ 34.9, -3.8 ], [ 35.0, -3.8 ], [ 35.0, -3.7 ], [ 35.1, -3.7 ], [ 35.2, -3.7 ], [ 35.3, -3.7 ], [ 35.3, -3.6 ], [ 35.4, -3.6 ], [ 35.4, -3.5 ], [ 35.3, -3.5 ], [ 35.3, -3.4 ], [ 35.2, -3.4 ], [ 35.2, -3.5 ], [ 35.1, -3.5 ], [ 35.0, -3.5 ], [ 35.0, -3.6 ], [ 34.9, -3.6 ], [ 34.8, -3.6 ], [ 34.7, -3.6 ], [ 34.7, -3.7 ], [ 34.6, -3.7 ], [ 34.6, -3.8 ], [ 34.5, -3.8 ], [ 34.4, -3.8 ], [ 34.4, -3.9 ], [ 34.3, -3.9 ], [ 34.3, -4.0 ], [ 34.2, -4.0 ], [ 34.2, -4.1 ], [ 34.1, -4.1 ], [ 34.0, -4.1 ], [ 34.0, -4.2 ], [ 34.0, -4.3 ], [ 34.0, -4.4 ], [ 34.0, -4.5 ], [ 33.9, -4.5 ], [ 33.9, -4.6 ], [ 33.9, -4.7 ], [ 33.9, -4.8 ], [ 33.9, -4.9 ], [ 33.9, -5.0 ], [ 33.9, -5.1 ], [ 34.0, -5.1 ], [ 34.0, -5.0 ], [ 34.0, -4.9 ], [ 34.1, -4.9 ] ], [ [ 34.3, -3.8 ], [ 34.2, -3.8 ], [ 34.2, -3.9 ], [ 34.3, -3.9 ], [ 34.3, -3.8 ] ], [ [ 34.1, -8.4 ], [ 34.1, -8.5 ], [ 34.1, -8.6 ], [ 34.2, -8.6 ], [ 34.2, -8.7 ], [ 34.3, -8.7 ], [ 34.3, -8.6 ], [ 34.4, -8.6 ], [ 34.4, -8.5 ], [ 34.4, -8.4 ], [ 34.5, -8.4 ], [ 34.6, -8.4 ], [ 34.6, -8.3 ], [ 34.7, -8.3 ], [ 34.7, -8.2 ], [ 34.6, -8.2 ], [ 34.5, -8.2 ], [ 34.5, -8.3 ], [ 34.4, -8.3 ], [ 34.4, -8.2 ], [ 34.3, -8.2 ], [ 34.2, -8.2 ], [ 34.2, -8.3 ], [ 34.1, -8.3 ], [ 34.1, -8.4 ] ], [ [ 34.5, -5.3 ], [ 34.5, -5.4 ], [ 34.6, -5.4 ], [ 34.6, -5.3 ], [ 34.5, -5.3 ] ], [ [ 35.2, -6.2 ], [ 35.3, -6.2 ], [ 35.3, -6.1 ], [ 35.3, -6.0 ], [ 35.2, -6.0 ], [ 35.1, -6.0 ], [ 35.0, -6.0 ], [ 35.0, -6.1 ], [ 35.1, -6.1 ], [ 35.1, -6.2 ], [ 35.2, -6.2 ] ], [ [ 34.0, -1.7 ], [ 34.0, -1.8 ], [ 34.1, -1.8 ], [ 34.1, -1.7 ], [ 34.0, -1.7 ] ], [ [ 38.2, -5.5 ], [ 38.1, -5.5 ], [ 38.1, -5.6 ], [ 38.2, -5.6 ], [ 38.3, -5.6 ], [ 38.3, -5.5 ], [ 38.2, -5.5 ] ], [ [ 35.2, -8.6 ], [ 35.1, -8.6 ], [ 35.1, -8.7 ], [ 35.2, -8.7 ], [ 35.2, -8.6 ] ], [ [ 35.4, -5.3 ], [ 35.4, -5.2 ], [ 35.3, -5.2 ], [ 35.3, -5.1 ], [ 35.2, -5.1 ], [ 35.2, -5.2 ], [ 35.2, -5.3 ], [ 35.3, -5.3 ], [ 35.3, -5.4 ], [ 35.4, -5.4 ], [ 35.4, -5.3 ] ], [ [ 35.9, -4.6 ], [ 36.0, -4.6 ], [ 36.0, -4.5 ], [ 36.1, -4.5 ], [ 36.1, -4.6 ], [ 36.2, -4.6 ], [ 36.2, -4.5 ], [ 36.3, -4.5 ], [ 36.3, -4.4 ], [ 36.2, -4.4 ], [ 36.2, -4.3 ], [ 36.1, -4.3 ], [ 36.1, -4.4 ], [ 36.0, -4.4 ], [ 35.9, -4.4 ], [ 35.9, -4.5 ], [ 35.8, -4.5 ], [ 35.8, -4.6 ], [ 35.9, -4.6 ] ], [ [ 36.2, -4.7 ], [ 36.3, -4.7 ], [ 36.3, -4.6 ], [ 36.2, -4.6 ], [ 36.2, -4.7 ] ], [ [ 36.1, -4.2 ], [ 36.0, -4.2 ], [ 36.0, -4.3 ], [ 36.1, -4.3 ], [ 36.1, -4.2 ] ], [ [ 35.5, -4.5 ], [ 35.4, -4.5 ], [ 35.4, -4.6 ], [ 35.5, -4.6 ], [ 35.5, -4.5 ] ], [ [ 35.5, -6.4 ], [ 35.5, -6.5 ], [ 35.6, -6.5 ], [ 35.6, -6.6 ], [ 35.7, -6.6 ], [ 35.8, -6.6 ], [ 35.9, -6.6 ], [ 35.9, -6.5 ], [ 36.0, -6.5 ], [ 36.1, -6.5 ], [ 36.1, -6.4 ], [ 36.0, -6.4 ], [ 35.9, -6.4 ], [ 35.8, -6.4 ], [ 35.8, -6.5 ], [ 35.7, -6.5 ], [ 35.7, -6.4 ], [ 35.6, -6.4 ], [ 35.6, -6.3 ], [ 35.5, -6.3 ], [ 35.5, -6.4 ] ], [ [ 35.7, -5.5 ], [ 35.6, -5.5 ], [ 35.6, -5.6 ], [ 35.7, -5.6 ], [ 35.7, -5.5 ] ], [ [ 36.0, -6.1 ], [ 36.1, -6.1 ], [ 36.2, -6.1 ], [ 36.2, -6.0 ], [ 36.2, -5.9 ], [ 36.1, -5.9 ], [ 36.1, -5.8 ], [ 36.1, -5.7 ], [ 36.0, -5.7 ], [ 35.9, -5.7 ], [ 35.9, -5.8 ], [ 35.9, -5.9 ], [ 36.0, -5.9 ], [ 36.0, -6.0 ], [ 36.0, -6.1 ] ], [ [ 35.6, -2.2 ], [ 35.7, -2.2 ], [ 35.7, -2.1 ], [ 35.7, -2.0 ], [ 35.7, -1.9 ], [ 35.6, -1.9 ], [ 35.6, -2.0 ], [ 35.6, -2.1 ], [ 35.6, -2.2 ] ], [ [ 36.4, -4.9 ], [ 36.4, -4.8 ], [ 36.3, -4.8 ], [ 36.3, -4.9 ], [ 36.4, -4.9 ] ], [ [ 36.1, -3.9 ], [ 36.1, -4.0 ], [ 36.1, -4.1 ], [ 36.2, -4.1 ], [ 36.2, -4.0 ], [ 36.2, -3.9 ], [ 36.1, -3.9 ] ], [ [ 36.9, -3.7 ], [ 36.8, -3.7 ], [ 36.8, -3.8 ], [ 36.9, -3.8 ], [ 36.9, -3.7 ] ], [ [ 37.7, -5.2 ], [ 37.8, -5.2 ], [ 37.8, -5.1 ], [ 37.7, -5.1 ], [ 37.7, -5.2 ] ], [ [ 37.6, -5.1 ], [ 37.6, -5.0 ], [ 37.5, -5.0 ], [ 37.5, -5.1 ], [ 37.6, -5.1 ] ], [ [ 37.5, -4.9 ], [ 37.4, -4.9 ], [ 37.4, -4.8 ], [ 37.4, -4.7 ], [ 37.3, -4.7 ], [ 37.3, -4.8 ], [ 37.2, -4.8 ], [ 37.2, -4.7 ], [ 37.1, -4.7 ], [ 37.1, -4.8 ], [ 37.1, -4.9 ], [ 37.2, -4.9 ], [ 37.3, -4.9 ], [ 37.3, -5.0 ], [ 37.4, -5.0 ], [ 37.5, -5.0 ], [ 37.5, -4.9 ] ], [ [ 37.8, -4.9 ], [ 37.7, -4.9 ], [ 37.7, -5.0 ], [ 37.8, -5.0 ], [ 37.9, -5.0 ], [ 37.9, -4.9 ], [ 37.9, -4.8 ], [ 37.8, -4.8 ], [ 37.8, -4.9 ] ], [ [ 37.0, -4.8 ], [ 37.0, -4.7 ], [ 36.9, -4.7 ], [ 36.9, -4.6 ], [ 36.8, -4.6 ], [ 36.8, -4.7 ], [ 36.8, -4.8 ], [ 36.9, -4.8 ], [ 37.0, -4.8 ] ], [ [ 37.6, -4.5 ], [ 37.7, -4.5 ], [ 37.7, -4.4 ], [ 37.6, -4.4 ], [ 37.6, -4.5 ] ], [ [ 36.2, -3.1 ], [ 36.1, -3.1 ], [ 36.1, -3.2 ], [ 36.2, -3.2 ], [ 36.2, -3.1 ] ], [ [ 36.9, 2.1 ], [ 36.9, 2.2 ], [ 36.8, 2.2 ], [ 36.8, 2.1 ], [ 36.8, 2.0 ], [ 36.9, 2.0 ], [ 36.9, 2.1 ] ], [ [ 36.3, -2.0 ], [ 36.3, -1.9 ], [ 36.2, -1.9 ], [ 36.2, -2.0 ], [ 36.3, -2.0 ] ], [ [ 35.8, 0.6 ], [ 35.7, 0.6 ], [ 35.7, 0.5 ], [ 35.7, 0.4 ], [ 35.8, 0.4 ], [ 35.8, 0.5 ], [ 35.8, 0.6 ] ], [ [ 36.0, 1.3 ], [ 36.0, 1.4 ], [ 35.9, 1.4 ], [ 35.9, 1.3 ], [ 36.0, 1.3 ] ], [ [ 35.3, 1.6 ], [ 35.4, 1.6 ], [ 35.4, 1.7 ], [ 35.3, 1.7 ], [ 35.3, 1.6 ] ], [ [ 35.3, 2.0 ], [ 35.3, 2.1 ], [ 35.3, 2.2 ], [ 35.2, 2.2 ], [ 35.2, 2.3 ], [ 35.2, 2.4 ], [ 35.2, 2.5 ], [ 35.1, 2.5 ], [ 35.0, 2.5 ], [ 35.0, 2.4 ], [ 35.0, 2.3 ], [ 35.1, 2.3 ], [ 35.1, 2.2 ], [ 35.1, 2.1 ], [ 35.1, 2.0 ], [ 35.1, 1.9 ], [ 35.2, 1.9 ], [ 35.3, 1.9 ], [ 35.3, 2.0 ] ], [ [ 34.8, 2.5 ], [ 34.8, 2.6 ], [ 34.7, 2.6 ], [ 34.7, 2.5 ], [ 34.8, 2.5 ] ], [ [ 34.5, 3.2 ], [ 34.4, 3.2 ], [ 34.4, 3.1 ], [ 34.5, 3.1 ], [ 34.5, 3.2 ] ], [ [ 38.4, -3.4 ], [ 38.5, -3.4 ], [ 38.5, -3.3 ], [ 38.4, -3.3 ], [ 38.3, -3.3 ], [ 38.3, -3.4 ], [ 38.4, -3.4 ] ], [ [ 37.4, -1.7 ], [ 37.5, -1.7 ], [ 37.5, -1.6 ], [ 37.4, -1.6 ], [ 37.4, -1.7 ] ], [ [ 38.6, -1.2 ], [ 38.5, -1.2 ], [ 38.5, -1.3 ], [ 38.4, -1.3 ], [ 38.3, -1.3 ], [ 38.2, -1.3 ], [ 38.1, -1.3 ], [ 38.1, -1.4 ], [ 38.2, -1.4 ], [ 38.3, -1.4 ], [ 38.3, -1.5 ], [ 38.4, -1.5 ], [ 38.4, -1.4 ], [ 38.5, -1.4 ], [ 38.6, -1.4 ], [ 38.6, -1.3 ], [ 38.6, -1.2 ] ], [ [ 38.4, -1.1 ], [ 38.4, -1.0 ], [ 38.3, -1.0 ], [ 38.3, -1.1 ], [ 38.4, -1.1 ] ], [ [ 38.0, -0.7 ], [ 38.0, -0.8 ], [ 38.1, -0.8 ], [ 38.1, -0.9 ], [ 38.1, -1.0 ], [ 38.1, -1.1 ], [ 38.1, -1.2 ], [ 38.2, -1.2 ], [ 38.2, -1.1 ], [ 38.2, -1.0 ], [ 38.2, -0.9 ], [ 38.2, -0.8 ], [ 38.2, -0.7 ], [ 38.1, -0.7 ], [ 38.0, -0.7 ] ], [ [ 36.6, 1.3 ], [ 36.6, 1.2 ], [ 36.6, 1.1 ], [ 36.7, 1.1 ], [ 36.8, 1.1 ], [ 36.8, 1.0 ], [ 36.9, 1.0 ], [ 36.9, 1.1 ], [ 36.9, 1.2 ], [ 36.8, 1.2 ], [ 36.8, 1.3 ], [ 36.7, 1.3 ], [ 36.6, 1.3 ] ], [ [ 37.3, 1.3 ], [ 37.2, 1.3 ], [ 37.2, 1.2 ], [ 37.3, 1.2 ], [ 37.3, 1.1 ], [ 37.3, 1.0 ], [ 37.4, 1.0 ], [ 37.4, 1.1 ], [ 37.4, 1.2 ], [ 37.4, 1.3 ], [ 37.3, 1.3 ] ], [ [ 37.2, 1.4 ], [ 37.3, 1.4 ], [ 37.3, 1.5 ], [ 37.2, 1.5 ], [ 37.2, 1.4 ] ], [ [ 37.2, 1.7 ], [ 37.2, 1.6 ], [ 37.3, 1.6 ], [ 37.3, 1.7 ], [ 37.2, 1.7 ] ], [ [ 38.4, -4.2 ], [ 38.4, -4.3 ], [ 38.5, -4.3 ], [ 38.5, -4.2 ], [ 38.4, -4.2 ] ], [ [ 40.0, -1.6 ], [ 40.0, -1.7 ], [ 40.1, -1.7 ], [ 40.1, -1.6 ], [ 40.1, -1.5 ], [ 40.0, -1.5 ], [ 40.0, -1.6 ] ], [ [ 40.0, -1.3 ], [ 40.0, -1.2 ], [ 39.9, -1.2 ], [ 39.9, -1.3 ], [ 40.0, -1.3 ] ], [ [ 39.9, -1.1 ], [ 39.8, -1.1 ], [ 39.8, -1.2 ], [ 39.9, -1.2 ], [ 39.9, -1.1 ] ], [ [ 39.8, -1.0 ], [ 39.9, -1.0 ], [ 39.9, -0.9 ], [ 39.8, -0.9 ], [ 39.8, -1.0 ] ], [ [ 39.8, -0.7 ], [ 39.8, -0.6 ], [ 39.7, -0.6 ], [ 39.7, -0.7 ], [ 39.8, -0.7 ] ], [ [ 39.7, -0.5 ], [ 39.6, -0.5 ], [ 39.6, -0.6 ], [ 39.7, -0.6 ], [ 39.7, -0.5 ] ], [ [ 39.6, -0.4 ], [ 39.6, -0.3 ], [ 39.5, -0.3 ], [ 39.5, -0.4 ], [ 39.6, -0.4 ] ], [ [ 39.5, -0.2 ], [ 39.4, -0.2 ], [ 39.4, -0.3 ], [ 39.5, -0.3 ], [ 39.5, -0.2 ] ], [ [ 39.2, -0.2 ], [ 39.3, -0.2 ], [ 39.3, -0.1 ], [ 39.2, -0.1 ], [ 39.2, -0.2 ] ], [ [ 38.9, 0.0 ], [ 38.9, -0.1 ], [ 39.0, -0.1 ], [ 39.1, -0.1 ], [ 39.1, 0.0 ], [ 39.0, 0.0 ], [ 38.9, 0.0 ] ], [ [ 39.3, 1.3 ], [ 39.3, 1.4 ], [ 39.2, 1.4 ], [ 39.2, 1.3 ], [ 39.3, 1.3 ] ], [ [ 38.0, 4.2 ], [ 38.1, 4.2 ], [ 38.1, 4.3 ], [ 38.0, 4.3 ], [ 38.0, 4.2 ] ], [ [ 38.1, 4.9 ], [ 38.1, 5.0 ], [ 38.0, 5.0 ], [ 38.0, 4.9 ], [ 38.1, 4.9 ] ], [ [ 43.1, 2.7 ], [ 43.2, 2.7 ], [ 43.2, 2.8 ], [ 43.3, 2.8 ], [ 43.3, 2.9 ], [ 43.4, 2.9 ], [ 43.4, 3.0 ], [ 43.4, 3.1 ], [ 43.4, 3.2 ], [ 43.3, 3.2 ], [ 43.3, 3.1 ], [ 43.2, 3.1 ], [ 43.2, 3.0 ], [ 43.1, 3.0 ], [ 43.1, 2.9 ], [ 43.1, 2.8 ], [ 43.1, 2.7 ] ], [ [ 43.6, 3.3 ], [ 43.7, 3.3 ], [ 43.7, 3.2 ], [ 43.7, 3.1 ], [ 43.7, 3.0 ], [ 43.8, 3.0 ], [ 43.9, 3.0 ], [ 44.0, 3.0 ], [ 44.0, 2.9 ], [ 44.1, 2.9 ], [ 44.2, 2.9 ], [ 44.3, 2.9 ], [ 44.3, 3.0 ], [ 44.4, 3.0 ], [ 44.4, 3.1 ], [ 44.4, 3.2 ], [ 44.3, 3.2 ], [ 44.3, 3.3 ], [ 44.3, 3.4 ], [ 44.3, 3.5 ], [ 44.3, 3.6 ], [ 44.3, 3.7 ], [ 44.2, 3.7 ], [ 44.1, 3.7 ], [ 44.1, 3.8 ], [ 44.0, 3.8 ], [ 43.9, 3.8 ], [ 43.9, 3.7 ], [ 43.8, 3.7 ], [ 43.7, 3.7 ], [ 43.7, 3.6 ], [ 43.6, 3.6 ], [ 43.6, 3.5 ], [ 43.6, 3.4 ], [ 43.6, 3.3 ] ], [ [ 40.7, 7.9 ], [ 40.7, 8.0 ], [ 40.6, 8.0 ], [ 40.6, 7.9 ], [ 40.7, 7.9 ] ], [ [ 42.1, 9.1 ], [ 42.2, 9.1 ], [ 42.2, 9.2 ], [ 42.1, 9.2 ], [ 42.1, 9.1 ] ], [ [ 43.1, 9.3 ], [ 43.2, 9.3 ], [ 43.2, 9.4 ], [ 43.1, 9.4 ], [ 43.1, 9.3 ] ], [ [ 45.3, 9.8 ], [ 45.4, 9.8 ], [ 45.3, 9.9 ], [ 45.3, 9.8 ] ], [ [ 45.0, 9.8 ], [ 45.1, 9.8 ], [ 45.2, 9.8 ], [ 45.2, 9.9 ], [ 45.1, 9.9 ], [ 45.1, 10.0 ], [ 45.0, 10.0 ], [ 44.9, 10.0 ], [ 44.9, 9.9 ], [ 44.8, 9.9 ], [ 44.8, 9.8 ], [ 44.9, 9.8 ], [ 44.9, 9.7 ], [ 45.0, 9.7 ], [ 45.1, 9.7 ], [ 45.0, 9.8 ] ] ], [ [ [ 23.2, -20.1 ], [ 23.1, -20.1 ], [ 23.0, -20.1 ], [ 23.0, -20.0 ], [ 23.1, -20.0 ], [ 23.2, -20.0 ], [ 23.2, -19.9 ], [ 23.3, -19.9 ], [ 23.4, -19.9 ], [ 23.5, -19.9 ], [ 23.6, -19.9 ], [ 23.6, -20.0 ], [ 23.5, -20.0 ], [ 23.5, -20.1 ], [ 23.4, -20.1 ], [ 23.3, -20.1 ], [ 23.3, -20.2 ], [ 23.2, -20.2 ], [ 23.2, -20.1 ] ] ], [ [ [ 23.1, -19.8 ], [ 23.2, -19.8 ], [ 23.2, -19.9 ], [ 23.1, -19.9 ], [ 23.1, -19.8 ] ] ], [ [ [ 23.2, -19.6 ], [ 23.2, -19.5 ], [ 23.3, -19.5 ], [ 23.3, -19.6 ], [ 23.2, -19.6 ] ] ], [ [ [ 23.1, -19.4 ], [ 23.0, -19.4 ], [ 23.0, -19.3 ], [ 23.1, -19.3 ], [ 23.2, -19.3 ], [ 23.2, -19.4 ], [ 23.2, -19.5 ], [ 23.1, -19.5 ], [ 23.1, -19.4 ] ] ], [ [ [ 23.0, -19.2 ], [ 23.0, -19.3 ], [ 22.9, -19.3 ], [ 22.9, -19.2 ], [ 23.0, -19.2 ] ] ], [ [ [ 16.7, -18.6 ], [ 16.8, -18.6 ], [ 16.8, -18.7 ], [ 16.7, -18.7 ], [ 16.7, -18.6 ] ] ], [ [ [ 22.1, -18.7 ], [ 22.1, -18.6 ], [ 22.2, -18.7 ], [ 22.1, -18.7 ] ] ], [ [ [ 22.1, -18.6 ], [ 22.0, -18.6 ], [ 21.9, -18.5 ], [ 22.0, -18.5 ], [ 22.1, -18.6 ] ] ], [ [ [ 22.9, -16.2 ], [ 22.8, -16.2 ], [ 22.8, -16.1 ], [ 22.9, -16.1 ], [ 22.9, -16.2 ] ] ], [ [ [ 22.7, -15.9 ], [ 22.8, -15.9 ], [ 22.8, -16.0 ], [ 22.7, -16.0 ], [ 22.7, -15.9 ] ] ], [ [ [ 22.0, -15.5 ], [ 22.0, -15.3 ], [ 22.1, -15.3 ], [ 22.2, -15.3 ], [ 22.2, -15.2 ], [ 22.1, -15.2 ], [ 22.0, -15.2 ], [ 22.0, -15.1 ], [ 22.1, -15.1 ], [ 22.2, -15.1 ], [ 22.2, -15.0 ], [ 22.3, -15.0 ], [ 22.3, -14.9 ], [ 22.4, -14.9 ], [ 22.4, -14.8 ], [ 22.5, -14.8 ], [ 22.5, -14.9 ], [ 22.5, -15.0 ], [ 22.6, -15.0 ], [ 22.7, -15.0 ], [ 22.8, -15.0 ], [ 22.8, -15.1 ], [ 22.7, -15.1 ], [ 22.7, -15.2 ], [ 22.8, -15.2 ], [ 22.8, -15.3 ], [ 22.7, -15.3 ], [ 22.6, -15.3 ], [ 22.6, -15.4 ], [ 22.6, -15.5 ], [ 22.5, -15.5 ], [ 22.5, -15.6 ], [ 22.6, -15.6 ], [ 22.6, -15.7 ], [ 22.7, -15.7 ], [ 22.7, -15.8 ], [ 22.7, -15.9 ], [ 22.6, -15.9 ], [ 22.6, -16.0 ], [ 22.7, -16.0 ], [ 22.7, -16.1 ], [ 22.6, -16.1 ], [ 22.5, -16.1 ], [ 22.5, -16.0 ], [ 22.5, -15.9 ], [ 22.4, -15.9 ], [ 22.3, -15.9 ], [ 22.2, -15.9 ], [ 22.2, -15.8 ], [ 22.3, -15.8 ], [ 22.4, -15.8 ], [ 22.4, -15.7 ], [ 22.3, -15.7 ], [ 22.2, -15.7 ], [ 22.1, -15.7 ], [ 22.1, -15.6 ], [ 22.0, -15.6 ], [ 22.0, -15.5 ] ], [ [ 22.2, -15.4 ], [ 22.3, -15.4 ], [ 22.3, -15.3 ], [ 22.2, -15.3 ], [ 22.2, -15.4 ] ], [ [ 22.1, -15.4 ], [ 22.1, -15.5 ], [ 22.2, -15.5 ], [ 22.2, -15.4 ], [ 22.1, -15.4 ] ], [ [ 22.4, -15.3 ], [ 22.4, -15.2 ], [ 22.3, -15.2 ], [ 22.3, -15.3 ], [ 22.4, -15.3 ] ], [ [ 22.3, -15.1 ], [ 22.4, -15.1 ], [ 22.4, -15.0 ], [ 22.3, -15.0 ], [ 22.3, -15.1 ] ], [ [ 22.3, -15.5 ], [ 22.3, -15.6 ], [ 22.4, -15.6 ], [ 22.4, -15.5 ], [ 22.3, -15.5 ] ] ], [ [ [ 22.0, -14.8 ], [ 22.0, -14.7 ], [ 22.1, -14.7 ], [ 22.1, -14.8 ], [ 22.0, -14.8 ] ] ], [ [ [ 22.1, -14.6 ], [ 22.1, -14.5 ], [ 22.2, -14.5 ], [ 22.2, -14.6 ], [ 22.1, -14.6 ] ] ], [ [ [ 22.0, -14.3 ], [ 22.1, -14.3 ], [ 22.1, -14.4 ], [ 22.0, -14.4 ], [ 22.0, -14.3 ] ] ], [ [ [ 22.8, -13.7 ], [ 22.8, -13.8 ], [ 22.7, -13.8 ], [ 22.7, -13.7 ], [ 22.8, -13.7 ] ] ], [ [ [ 14.9, -13.2 ], [ 14.9, -13.1 ], [ 15.0, -13.1 ], [ 15.0, -13.2 ], [ 14.9, -13.2 ] ] ], [ [ [ 22.4, -13.2 ], [ 22.4, -13.1 ], [ 22.5, -13.1 ], [ 22.5, -13.2 ], [ 22.4, -13.2 ] ] ], [ [ [ 22.2, -13.1 ], [ 22.1, -13.1 ], [ 22.0, -13.1 ], [ 22.0, -13.0 ], [ 22.1, -13.0 ], [ 22.2, -13.0 ], [ 22.2, -13.1 ] ] ], [ [ [ 11.4, -0.2 ], [ 11.3, -0.2 ], [ 11.2, -0.2 ], [ 11.2, -0.1 ], [ 11.2, 0.0 ], [ 11.3, 0.0 ], [ 11.4, 0.0 ], [ 11.5, 0.0 ], [ 11.6, 0.0 ], [ 11.7, 0.0 ], [ 11.8, 0.0 ], [ 11.9, 0.0 ], [ 12.0, 0.1 ], [ 12.1, 0.1 ], [ 12.2, 0.0 ], [ 12.3, -0.1 ], [ 12.3, -0.2 ], [ 12.3, -0.3 ], [ 12.2, -0.4 ], [ 12.0, -0.4 ], [ 11.9, -0.4 ], [ 11.8, -0.4 ], [ 11.7, -0.4 ], [ 11.6, -0.3 ], [ 11.5, -0.3 ], [ 11.4, -0.2 ] ] ], [ [ [ -1.3, 5.2 ], [ -1.2, 5.2 ], [ -1.2, 5.1 ], [ -1.3, 5.1 ], [ -1.4, 5.1 ], [ -1.3, 5.2 ] ] ], [ [ [ -0.8, 5.2 ], [ -0.9, 5.2 ], [ -1.0, 5.2 ], [ -1.1, 5.2 ], [ -1.0, 5.3 ], [ -0.8, 5.3 ], [ -0.8, 5.2 ] ] ], [ [ [ -0.4, 5.5 ], [ -0.4, 5.4 ], [ -0.5, 5.4 ], [ -0.6, 5.4 ], [ -0.6, 5.3 ], [ -0.7, 5.3 ], [ -0.8, 5.3 ], [ -0.7, 5.4 ], [ -0.6, 5.5 ], [ -0.4, 5.5 ] ] ], [ [ [ 10.2, 5.5 ], [ 10.1, 5.4 ], [ 10.1, 5.5 ], [ 10.2, 5.5 ] ] ], [ [ [ 10.7, 6.1 ], [ 10.8, 6.1 ], [ 10.9, 6.0 ], [ 10.8, 6.0 ], [ 10.7, 6.1 ] ] ], [ [ [ -8.4, 8.9 ], [ -8.4, 8.8 ], [ -8.5, 8.8 ], [ -8.5, 8.9 ], [ -8.4, 8.9 ] ] ], [ [ [ -13.8, 9.4 ], [ -13.8, 9.5 ], [ -13.7, 9.5 ], [ -13.8, 9.4 ] ] ], [ [ [ -14.5, 10.4 ], [ -14.6, 10.4 ], [ -14.6, 10.5 ], [ -14.5, 10.4 ] ] ], [ [ [ -15.1, 10.9 ], [ -15.0, 10.9 ], [ -15.0, 10.8 ], [ -15.1, 10.8 ], [ -15.1, 10.9 ] ] ], [ [ [ -14.9, 11.0 ], [ -14.9, 10.9 ], [ -15.0, 10.9 ], [ -15.0, 11.0 ], [ -14.9, 11.0 ] ] ], [ [ [ -15.2, 11.1 ], [ -15.2, 11.0 ], [ -15.3, 11.0 ], [ -15.3, 11.1 ], [ -15.2, 11.1 ] ] ], [ [ [ -12.2, 11.0 ], [ -12.2, 11.1 ], [ -12.1, 11.1 ], [ -12.1, 11.2 ], [ -12.2, 11.3 ], [ -12.2, 11.4 ], [ -12.2, 11.5 ], [ -12.2, 11.6 ], [ -12.1, 11.6 ], [ -12.1, 11.5 ], [ -12.1, 11.4 ], [ -12.1, 11.3 ], [ -12.0, 11.3 ], [ -12.0, 11.2 ], [ -12.0, 11.1 ], [ -12.0, 11.0 ], [ -12.0, 10.9 ], [ -12.0, 10.8 ], [ -12.0, 10.7 ], [ -12.1, 10.7 ], [ -12.1, 10.8 ], [ -12.2, 10.8 ], [ -12.2, 10.9 ], [ -12.3, 10.9 ], [ -12.3, 11.0 ], [ -12.2, 11.0 ] ] ], [ [ [ -15.0, 11.2 ], [ -15.1, 11.2 ], [ -15.0, 11.3 ], [ -15.0, 11.2 ] ] ], [ [ [ -15.1, 11.4 ], [ -15.1, 11.3 ], [ -15.2, 11.3 ], [ -15.2, 11.4 ], [ -15.1, 11.4 ] ] ], [ [ [ -15.5, 11.6 ], [ -15.5, 11.5 ], [ -15.6, 11.5 ], [ -15.6, 11.6 ], [ -15.5, 11.6 ] ] ], [ [ [ -15.3, 11.7 ], [ -15.3, 11.8 ], [ -15.2, 11.8 ], [ -15.3, 11.7 ] ] ], [ [ [ -16.1, 11.8 ], [ -16.2, 11.8 ], [ -16.3, 11.8 ], [ -16.3, 11.9 ], [ -16.2, 11.9 ], [ -16.1, 11.9 ], [ -16.0, 11.9 ], [ -16.0, 11.8 ], [ -16.1, 11.8 ] ] ], [ [ [ -15.4, 11.9 ], [ -15.4, 11.8 ], [ -15.5, 11.9 ], [ -15.4, 11.9 ] ] ], [ [ [ -12.0, 12.15 ], [ -11.9, 12.1 ], [ -12.0, 12.1 ], [ -12.0, 12.15 ] ] ], [ [ [ 22.5, 16.9 ], [ 22.6, 16.9 ], [ 22.6, 16.8 ], [ 22.5, 16.9 ] ] ], [ [ [ 1.9, 19.4 ], [ 1.9, 19.3 ], [ 1.8, 19.3 ], [ 1.8, 19.4 ], [ 1.9, 19.4 ] ] ], [ [ [ 26.0, -32.6 ], [ 26.1, -32.6 ], [ 26.1, -32.7 ], [ 26.0, -32.7 ], [ 26.0, -32.6 ] ] ], [ [ [ 26.0, -32.2 ], [ 26.0, -32.3 ], [ 26.0, -32.4 ], [ 25.9, -32.4 ], [ 25.9, -32.3 ], [ 25.8, -32.3 ], [ 25.8, -32.2 ], [ 25.9, -32.2 ], [ 26.0, -32.2 ] ] ], [ [ [ 25.7, -31.9 ], [ 25.8, -31.9 ], [ 25.8, -32.0 ], [ 25.7, -32.0 ], [ 25.7, -31.9 ] ] ], [ [ [ 25.9, -31.7 ], [ 26.0, -31.7 ], [ 26.0, -31.8 ], [ 25.9, -31.8 ], [ 25.9, -31.7 ] ] ], [ [ [ 26.1, -31.6 ], [ 26.1, -31.7 ], [ 26.0, -31.7 ], [ 26.0, -31.6 ], [ 26.1, -31.6 ] ] ], [ [ [ 26.0, -31.4 ], [ 26.1, -31.4 ], [ 26.1, -31.5 ], [ 26.0, -31.5 ], [ 26.0, -31.4 ] ] ], [ [ [ 25.7, -23.8 ], [ 25.7, -23.7 ], [ 25.8, -23.6 ], [ 25.8, -23.7 ], [ 25.7, -23.8 ] ] ], [ [ [ 24.6, -21.4 ], [ 24.6, -21.5 ], [ 24.5, -21.5 ], [ 24.5, -21.4 ], [ 24.6, -21.4 ] ] ], [ [ [ 23.6, -19.8 ], [ 23.7, -19.8 ], [ 23.6, -19.9 ], [ 23.6, -19.8 ] ] ], [ [ [ 23.8, -19.6 ], [ 23.8, -19.7 ], [ 23.7, -19.8 ], [ 23.7, -19.7 ], [ 23.7, -19.6 ], [ 23.8, -19.6 ] ] ], [ [ [ 24.3, -19.4 ], [ 24.2, -19.4 ], [ 24.2, -19.3 ], [ 24.3, -19.3 ], [ 24.3, -19.4 ] ] ], [ [ [ 24.9, -19.3 ], [ 25.0, -19.3 ], [ 25.0, -19.4 ], [ 24.9, -19.4 ], [ 24.8, -19.4 ], [ 24.8, -19.3 ], [ 24.7, -19.3 ], [ 24.7, -19.2 ], [ 24.8, -19.2 ], [ 24.9, -19.2 ], [ 24.9, -19.3 ] ] ], [ [ [ 25.0, -19.0 ], [ 25.0, -19.1 ], [ 25.0, -19.2 ], [ 24.9, -19.2 ], [ 24.9, -19.1 ], [ 24.9, -19.0 ], [ 25.0, -19.0 ] ] ], [ [ [ 25.1, -17.6 ], [ 25.0, -17.6 ], [ 25.0, -17.5 ], [ 25.1, -17.5 ], [ 25.1, -17.6 ] ] ], [ [ [ 28.0, -30.0 ], [ 28.1, -30.0 ], [ 28.1, -30.1 ], [ 28.0, -30.1 ], [ 28.0, -30.0 ] ] ], [ [ [ 28.3, -28.6 ], [ 28.2, -28.6 ], [ 28.3, -28.5 ], [ 28.3, -28.6 ] ] ], [ [ [ 28.4, -28.4 ], [ 28.4, -28.5 ], [ 28.3, -28.5 ], [ 28.3, -28.4 ], [ 28.4, -28.4 ] ] ], [ [ [ 29.7, -27.4 ], [ 29.6, -27.4 ], [ 29.6, -27.3 ], [ 29.7, -27.3 ], [ 29.7, -27.4 ] ] ], [ [ [ 29.0, -25.8 ], [ 28.9, -25.8 ], [ 28.9, -25.7 ], [ 29.0, -25.7 ], [ 29.0, -25.8 ] ] ], [ [ [ 30.0, -25.1 ], [ 30.1, -25.0 ], [ 30.1, -25.1 ], [ 30.0, -25.1 ] ] ], [ [ [ 30.5, -12.1 ], [ 30.4, -12.1 ], [ 30.4, -12.0 ], [ 30.5, -12.0 ], [ 30.5, -12.1 ] ] ], [ [ [ 29.5, -6.7 ], [ 29.5, -6.8 ], [ 29.6, -6.8 ], [ 29.6, -6.9 ], [ 29.6, -7.0 ], [ 29.5, -7.0 ], [ 29.4, -7.0 ], [ 29.4, -6.9 ], [ 29.4, -6.8 ], [ 29.4, -6.7 ], [ 29.5, -6.7 ] ] ], [ [ [ 29.8, -6.4 ], [ 29.8, -6.3 ], [ 29.9, -6.3 ], [ 29.9, -6.4 ], [ 29.8, -6.4 ] ] ], [ [ [ 29.7, -6.2 ], [ 29.8, -6.2 ], [ 29.8, -6.3 ], [ 29.7, -6.3 ], [ 29.7, -6.2 ] ] ], [ [ [ 29.3, -5.8 ], [ 29.4, -5.7 ], [ 29.4, -5.8 ], [ 29.3, -5.8 ] ] ], [ [ [ 29.3, -3.8 ], [ 29.3, -3.7 ], [ 29.4, -3.7 ], [ 29.4, -3.8 ], [ 29.3, -3.8 ] ] ], [ [ [ 29.8, -3.4 ], [ 29.8, -3.3 ], [ 29.9, -3.3 ], [ 29.9, -3.4 ], [ 29.8, -3.4 ] ] ], [ [ [ 29.7, -1.7 ], [ 29.8, -1.7 ], [ 29.8, -1.8 ], [ 29.7, -1.8 ], [ 29.7, -1.7 ] ] ], [ [ [ 29.2, -1.1 ], [ 29.1, -1.1 ], [ 29.1, -1.0 ], [ 29.1, -0.9 ], [ 29.2, -0.9 ], [ 29.2, -1.0 ], [ 29.2, -1.1 ] ] ], [ [ [ 29.3, 3.0 ], [ 29.3, 2.9 ], [ 29.2, 2.9 ], [ 29.2, 3.0 ], [ 29.3, 3.0 ] ] ], [ [ [ 30.8, -26.0 ], [ 30.9, -26.0 ], [ 30.9, -26.1 ], [ 30.8, -26.1 ], [ 30.7, -26.1 ], [ 30.7, -26.0 ], [ 30.6, -26.0 ], [ 30.5, -26.0 ], [ 30.6, -25.9 ], [ 30.6, -25.8 ], [ 30.7, -25.8 ], [ 30.7, -25.9 ], [ 30.8, -25.9 ], [ 30.8, -26.0 ] ] ], [ [ [ 30.5, -25.3 ], [ 30.6, -25.2 ], [ 30.6, -25.3 ], [ 30.5, -25.3 ] ] ], [ [ [ 32.3, -9.4 ], [ 32.2, -9.4 ], [ 32.2, -9.3 ], [ 32.3, -9.3 ], [ 32.3, -9.4 ] ] ], [ [ [ 31.8, -7.8 ], [ 31.9, -7.8 ], [ 31.9, -7.9 ], [ 31.9, -8.0 ], [ 31.8, -8.0 ], [ 31.8, -7.9 ], [ 31.7, -7.9 ], [ 31.7, -7.8 ], [ 31.8, -7.8 ] ] ], [ [ [ 31.3, -4.9 ], [ 31.3, -5.0 ], [ 31.2, -5.0 ], [ 31.2, -4.9 ], [ 31.3, -4.9 ] ] ], [ [ [ 31.1, -4.9 ], [ 31.0, -4.9 ], [ 31.0, -4.8 ], [ 31.1, -4.8 ], [ 31.1, -4.9 ] ] ], [ [ [ 31.6, -4.4 ], [ 31.5, -4.4 ], [ 31.5, -4.3 ], [ 31.5, -4.2 ], [ 31.6, -4.2 ], [ 31.6, -4.3 ], [ 31.6, -4.4 ] ] ], [ [ [ 32.5, -2.4 ], [ 32.4, -2.4 ], [ 32.4, -2.3 ], [ 32.5, -2.3 ], [ 32.5, -2.4 ] ] ], [ [ [ 32.0, -2.2 ], [ 32.1, -2.2 ], [ 32.1, -2.3 ], [ 32.0, -2.3 ], [ 32.0, -2.2 ] ] ], [ [ [ 30.7, -0.9 ], [ 30.6, -1.0 ], [ 30.6, -0.9 ], [ 30.7, -0.9 ] ] ], [ [ [ 32.3, -0.3 ], [ 32.3, -0.4 ], [ 32.3, -0.5 ], [ 32.2, -0.5 ], [ 32.2, -0.4 ], [ 32.2, -0.3 ], [ 32.3, -0.3 ] ] ], [ [ [ 32.1, -0.2 ], [ 32.2, -0.2 ], [ 32.2, -0.3 ], [ 32.1, -0.3 ], [ 32.1, -0.2 ] ] ], [ [ [ 30.7, 1.1 ], [ 30.7, 1.2 ], [ 30.7, 1.3 ], [ 30.8, 1.3 ], [ 30.8, 1.2 ], [ 30.8, 1.1 ], [ 30.7, 1.1 ] ] ], [ [ [ 30.9, 1.3 ], [ 30.8, 1.3 ], [ 30.8, 1.4 ], [ 30.9, 1.4 ], [ 30.9, 1.3 ] ] ], [ [ [ 30.9, 1.4 ], [ 30.9, 1.5 ], [ 31.0, 1.5 ], [ 31.0, 1.4 ], [ 30.9, 1.4 ] ] ], [ [ [ 31.0, 1.6 ], [ 31.1, 1.6 ], [ 31.2, 1.6 ], [ 31.2, 1.5 ], [ 31.1, 1.5 ], [ 31.0, 1.5 ], [ 31.0, 1.6 ] ] ], [ [ [ 31.3, 1.7 ], [ 31.3, 1.6 ], [ 31.2, 1.6 ], [ 31.2, 1.7 ], [ 31.3, 1.7 ] ] ], [ [ [ 30.8, 1.8 ], [ 30.7, 1.7 ], [ 30.6, 1.6 ], [ 30.7, 1.8 ], [ 30.8, 1.8 ] ] ], [ [ [ 31.3, 1.7 ], [ 31.3, 1.8 ], [ 31.4, 1.8 ], [ 31.4, 1.7 ], [ 31.3, 1.7 ] ] ], [ [ [ 34.1, -10.8 ], [ 34.1, -10.7 ], [ 34.2, -10.7 ], [ 34.2, -10.8 ], [ 34.1, -10.8 ] ] ], [ [ [ 34.3, -9.8 ], [ 34.3, -9.7 ], [ 34.4, -9.7 ], [ 34.4, -9.8 ], [ 34.3, -9.8 ] ] ], [ [ [ 34.3, -9.7 ], [ 34.2, -9.7 ], [ 34.2, -9.6 ], [ 34.3, -9.6 ], [ 34.3, -9.7 ] ] ], [ [ [ 34.1, -9.6 ], [ 34.1, -9.5 ], [ 34.2, -9.5 ], [ 34.2, -9.6 ], [ 34.1, -9.6 ] ] ], [ [ [ 33.1, -2.2 ], [ 33.1, -2.1 ], [ 33.2, -2.1 ], [ 33.2, -2.2 ], [ 33.1, -2.2 ] ] ], [ [ [ 32.9, -2.1 ], [ 32.8, -2.1 ], [ 32.8, -2.0 ], [ 32.9, -2.0 ], [ 33.0, -2.0 ], [ 33.1, -2.0 ], [ 33.1, -2.1 ], [ 33.0, -2.1 ], [ 32.9, -2.1 ] ] ], [ [ [ 33.0, -1.9 ], [ 33.0, -1.8 ], [ 33.1, -1.8 ], [ 33.1, -1.9 ], [ 33.0, -1.9 ] ] ], [ [ [ 34.1, -0.5 ], [ 34.0, -0.5 ], [ 34.0, -0.4 ], [ 34.1, -0.4 ], [ 34.1, -0.5 ] ] ], [ [ [ 32.8, 1.5 ], [ 32.9, 1.5 ], [ 32.9, 1.4 ], [ 32.8, 1.4 ], [ 32.7, 1.4 ], [ 32.7, 1.5 ], [ 32.8, 1.5 ] ] ], [ [ [ 33.7, 8.0 ], [ 33.7, 7.9 ], [ 33.6, 7.9 ], [ 33.6, 8.0 ], [ 33.7, 8.0 ] ] ], [ [ [ 36.2, -4.5 ], [ 36.1, -4.5 ], [ 36.1, -4.4 ], [ 36.2, -4.4 ], [ 36.2, -4.5 ] ] ], [ [ [ 34.9, 0.3 ], [ 35.0, 0.3 ], [ 35.0, 0.2 ], [ 34.9, 0.2 ], [ 34.9, 0.3 ] ] ], [ [ [ 35.0, 8.7 ], [ 35.0, 8.6 ], [ 34.9, 8.6 ], [ 34.9, 8.7 ], [ 35.0, 8.7 ] ] ], [ [ [ 34.8, 8.7 ], [ 34.8, 8.8 ], [ 34.9, 8.8 ], [ 34.9, 8.7 ], [ 34.8, 8.7 ] ] ], [ [ [ 37.4, 7.9 ], [ 37.4, 7.8 ], [ 37.3, 7.8 ], [ 37.3, 7.7 ], [ 37.3, 7.6 ], [ 37.2, 7.6 ], [ 37.1, 7.6 ], [ 37.1, 7.5 ], [ 37.0, 7.5 ], [ 36.9, 7.5 ], [ 36.9, 7.6 ], [ 36.8, 7.6 ], [ 36.8, 7.7 ], [ 36.9, 7.7 ], [ 37.0, 7.7 ], [ 37.0, 7.8 ], [ 37.1, 7.8 ], [ 37.1, 7.7 ], [ 37.2, 7.7 ], [ 37.2, 7.8 ], [ 37.2, 7.9 ], [ 37.3, 7.9 ], [ 37.4, 7.9 ] ] ], [ [ [ 37.3, 8.1 ], [ 37.3, 8.2 ], [ 37.3, 8.3 ], [ 37.3, 8.4 ], [ 37.3, 8.5 ], [ 37.3, 8.6 ], [ 37.4, 8.6 ], [ 37.4, 8.5 ], [ 37.5, 8.5 ], [ 37.6, 8.5 ], [ 37.7, 8.5 ], [ 37.8, 8.5 ], [ 37.8, 8.4 ], [ 37.8, 8.3 ], [ 37.8, 8.2 ], [ 37.7, 8.2 ], [ 37.7, 8.1 ], [ 37.7, 8.0 ], [ 37.7, 7.9 ], [ 37.7, 7.8 ], [ 37.6, 7.8 ], [ 37.6, 7.9 ], [ 37.6, 8.0 ], [ 37.6, 8.1 ], [ 37.5, 8.1 ], [ 37.4, 8.1 ], [ 37.3, 8.1 ] ] ], [ [ [ 37.6, 9.0 ], [ 37.6, 9.1 ], [ 37.7, 9.1 ], [ 37.7, 9.0 ], [ 37.6, 9.0 ] ] ], [ [ [ 37.9, 9.3 ], [ 38.0, 9.3 ], [ 38.0, 9.2 ], [ 37.9, 9.2 ], [ 37.9, 9.3 ] ] ], [ [ [ 37.8, 11.3 ], [ 37.9, 11.3 ], [ 37.9, 11.2 ], [ 37.8, 11.2 ], [ 37.8, 11.1 ], [ 37.7, 11.1 ], [ 37.7, 11.2 ], [ 37.7, 11.3 ], [ 37.8, 11.3 ] ] ], [ [ [ 37.5, 11.5 ], [ 37.6, 11.5 ], [ 37.7, 11.5 ], [ 37.7, 11.4 ], [ 37.6, 11.4 ], [ 37.5, 11.4 ], [ 37.5, 11.5 ] ] ], [ [ [ 45.1, -21.6 ], [ 45.1, -21.5 ], [ 45.0, -21.5 ], [ 44.9, -21.5 ], [ 44.9, -21.4 ], [ 44.9, -21.3 ], [ 45.0, -21.3 ], [ 45.1, -21.3 ], [ 45.1, -21.4 ], [ 45.2, -21.4 ], [ 45.2, -21.3 ], [ 45.3, -21.3 ], [ 45.3, -21.2 ], [ 45.4, -21.2 ], [ 45.5, -21.2 ], [ 45.6, -21.2 ], [ 45.6, -21.1 ], [ 45.7, -21.1 ], [ 45.7, -21.0 ], [ 45.8, -21.0 ], [ 45.8, -21.1 ], [ 45.9, -21.1 ], [ 45.9, -21.2 ], [ 45.8, -21.2 ], [ 45.8, -21.3 ], [ 45.7, -21.3 ], [ 45.6, -21.3 ], [ 45.5, -21.3 ], [ 45.4, -21.4 ], [ 45.3, -21.4 ], [ 45.3, -21.5 ], [ 45.2, -21.5 ], [ 45.1, -21.6 ] ] ], [ [ [ 46.0, -20.9 ], [ 46.0, -21.0 ], [ 45.9, -21.0 ], [ 45.9, -20.9 ], [ 46.0, -20.9 ] ] ], [ [ [ 45.8, -21.0 ], [ 45.8, -20.9 ], [ 45.9, -21.0 ], [ 45.8, -21.0 ] ] ], [ [ [ 46.0, -20.3 ], [ 46.0, -20.4 ], [ 45.9, -20.3 ], [ 46.0, -20.3 ] ] ], [ [ [ 46.3, -20.0 ], [ 46.3, -20.1 ], [ 46.2, -20.1 ], [ 46.1, -20.1 ], [ 46.1, -20.0 ], [ 46.2, -20.0 ], [ 46.3, -20.0 ] ] ], [ [ [ 46.1, -19.4 ], [ 46.0, -19.4 ], [ 46.0, -19.3 ], [ 46.1, -19.3 ], [ 46.1, -19.4 ] ] ], [ [ [ 44.2, -17.1 ], [ 44.2, -17.0 ], [ 44.3, -17.0 ], [ 44.3, -16.9 ], [ 44.3, -16.8 ], [ 44.4, -16.8 ], [ 44.4, -16.7 ], [ 44.4, -16.6 ], [ 44.5, -16.6 ], [ 44.5, -16.5 ], [ 44.4, -16.5 ], [ 44.4, -16.4 ], [ 44.4, -16.3 ], [ 44.5, -16.3 ], [ 44.5, -16.4 ], [ 44.6, -16.4 ], [ 44.7, -16.4 ], [ 44.8, -16.4 ], [ 44.9, -16.4 ], [ 45.0, -16.4 ], [ 45.0, -16.3 ], [ 45.0, -16.2 ], [ 45.0, -16.1 ], [ 45.1, -16.1 ], [ 45.1, -16.0 ], [ 45.2, -16.0 ], [ 45.2, -15.9 ], [ 45.3, -15.9 ], [ 45.3, -16.0 ], [ 45.3, -16.1 ], [ 45.4, -16.1 ], [ 45.4, -16.0 ], [ 45.5, -16.0 ], [ 45.6, -15.9 ], [ 45.7, -15.9 ], [ 45.8, -15.9 ], [ 45.8, -15.8 ], [ 45.9, -15.8 ], [ 46.0, -15.8 ], [ 46.1, -15.7 ], [ 46.2, -15.7 ], [ 46.2, -15.8 ], [ 46.3, -15.9 ], [ 46.3, -16.0 ], [ 46.4, -16.0 ], [ 46.5, -16.0 ], [ 46.4, -15.9 ], [ 46.4, -15.8 ], [ 46.4, -15.7 ], [ 46.3, -15.7 ], [ 46.3, -15.6 ], [ 46.4, -15.6 ], [ 46.4, -15.5 ], [ 46.5, -15.5 ], [ 46.6, -15.5 ], [ 46.6, -15.4 ], [ 46.7, -15.4 ], [ 46.7, -15.3 ], [ 46.8, -15.3 ], [ 46.9, -15.2 ], [ 47.0, -15.2 ], [ 47.0, -15.3 ], [ 47.1, -15.3 ], [ 47.1, -15.2 ], [ 47.1, -15.1 ], [ 47.2, -15.1 ], [ 47.2, -15.0 ], [ 47.3, -15.0 ], [ 47.3, -14.9 ], [ 47.3, -14.8 ], [ 47.4, -14.8 ], [ 47.4, -14.7 ], [ 47.5, -14.7 ], [ 47.5, -14.8 ], [ 47.5, -14.9 ], [ 47.4, -14.9 ], [ 47.4, -15.0 ], [ 47.4, -15.1 ], [ 47.5, -15.1 ], [ 47.5, -15.0 ], [ 47.6, -14.9 ], [ 47.6, -14.8 ], [ 47.7, -14.8 ], [ 47.7, -14.7 ], [ 47.7, -14.6 ], [ 47.7, -14.5 ], [ 47.7, -14.4 ], [ 47.7, -14.3 ], [ 47.8, -14.3 ], [ 47.9, -14.3 ], [ 47.9, -14.4 ], [ 48.0, -14.5 ], [ 48.1, -14.5 ], [ 48.1, -14.4 ], [ 48.2, -14.3 ], [ 48.2, -14.2 ], [ 48.2, -14.1 ], [ 48.1, -14.0 ], [ 48.0, -14.0 ], [ 48.0, -13.9 ], [ 47.9, -13.9 ], [ 47.9, -13.8 ], [ 47.9, -13.7 ], [ 47.9, -13.6 ], [ 48.0, -13.6 ], [ 48.0, -13.7 ], [ 48.1, -13.8 ], [ 48.2, -13.8 ], [ 48.3, -13.9 ], [ 48.3, -14.0 ], [ 48.4, -14.0 ], [ 48.4, -14.1 ], [ 48.3, -14.1 ], [ 48.3, -14.2 ], [ 48.4, -14.2 ], [ 48.4, -14.3 ], [ 48.5, -14.3 ], [ 48.5, -14.4 ], [ 48.5, -14.5 ], [ 48.4, -14.5 ], [ 48.4, -14.6 ], [ 48.5, -14.6 ], [ 48.5, -14.7 ], [ 48.5, -14.8 ], [ 48.5, -14.9 ], [ 48.5, -15.0 ], [ 48.6, -15.0 ], [ 48.6, -15.1 ], [ 48.5, -15.1 ], [ 48.5, -15.2 ], [ 48.6, -15.2 ], [ 48.6, -15.3 ], [ 48.5, -15.3 ], [ 48.5, -15.4 ], [ 48.6, -15.4 ], [ 48.7, -15.4 ], [ 48.7, -15.5 ], [ 48.7, -15.6 ], [ 48.7, -15.7 ], [ 48.8, -15.7 ], [ 48.8, -15.8 ], [ 48.8, -15.9 ], [ 48.7, -15.9 ], [ 48.6, -15.9 ], [ 48.6, -15.8 ], [ 48.5, -15.8 ], [ 48.4, -15.8 ], [ 48.4, -15.9 ], [ 48.3, -15.9 ], [ 48.2, -15.9 ], [ 48.2, -16.0 ], [ 48.1, -16.0 ], [ 48.1, -16.1 ], [ 48.0, -16.1 ], [ 48.0, -16.2 ], [ 48.0, -16.3 ], [ 48.1, -16.3 ], [ 48.2, -16.3 ], [ 48.2, -16.4 ], [ 48.2, -16.5 ], [ 48.1, -16.5 ], [ 48.1, -16.4 ], [ 48.0, -16.4 ], [ 48.0, -16.5 ], [ 47.9, -16.5 ], [ 47.9, -16.4 ], [ 47.9, -16.3 ], [ 47.8, -16.3 ], [ 47.8, -16.4 ], [ 47.7, -16.4 ], [ 47.7, -16.5 ], [ 47.7, -16.6 ], [ 47.6, -16.6 ], [ 47.6, -16.7 ], [ 47.7, -16.7 ], [ 47.7, -16.8 ], [ 47.7, -16.9 ], [ 47.6, -16.9 ], [ 47.6, -16.8 ], [ 47.5, -16.8 ], [ 47.4, -16.8 ], [ 47.4, -16.9 ], [ 47.3, -16.9 ], [ 47.2, -16.9 ], [ 47.2, -17.0 ], [ 47.3, -17.0 ], [ 47.3, -17.1 ], [ 47.2, -17.1 ], [ 47.2, -17.2 ], [ 47.3, -17.2 ], [ 47.3, -17.3 ], [ 47.4, -17.3 ], [ 47.4, -17.4 ], [ 47.4, -17.5 ], [ 47.4, -17.6 ], [ 47.3, -17.6 ], [ 47.3, -17.5 ], [ 47.2, -17.5 ], [ 47.2, -17.4 ], [ 47.2, -17.3 ], [ 47.1, -17.2 ], [ 47.1, -17.1 ], [ 47.0, -17.2 ], [ 47.1, -17.3 ], [ 47.0, -17.3 ], [ 47.0, -17.4 ], [ 47.0, -17.5 ], [ 46.9, -17.5 ], [ 46.9, -17.6 ], [ 46.9, -17.7 ], [ 46.8, -17.7 ], [ 46.8, -17.6 ], [ 46.8, -17.5 ], [ 46.7, -17.5 ], [ 46.6, -17.5 ], [ 46.6, -17.6 ], [ 46.5, -17.6 ], [ 46.4, -17.6 ], [ 46.3, -17.6 ], [ 46.3, -17.7 ], [ 46.2, -17.7 ], [ 46.1, -17.7 ], [ 46.0, -17.7 ], [ 46.0, -17.8 ], [ 46.1, -17.8 ], [ 46.1, -17.9 ], [ 46.0, -17.9 ], [ 45.9, -17.9 ], [ 45.9, -17.8 ], [ 45.9, -17.7 ], [ 45.9, -17.6 ], [ 45.8, -17.6 ], [ 45.8, -17.7 ], [ 45.7, -17.7 ], [ 45.7, -17.8 ], [ 45.6, -17.8 ], [ 45.5, -17.8 ], [ 45.5, -17.9 ], [ 45.6, -17.9 ], [ 45.6, -18.0 ], [ 45.5, -18.0 ], [ 45.4, -18.1 ], [ 45.4, -18.0 ], [ 45.3, -17.9 ], [ 45.2, -17.8 ], [ 45.1, -17.7 ], [ 45.0, -17.7 ], [ 44.9, -17.7 ], [ 44.8, -17.7 ], [ 44.7, -17.7 ], [ 44.7, -17.8 ], [ 44.7, -17.9 ], [ 44.8, -18.0 ], [ 44.8, -18.1 ], [ 44.9, -18.1 ], [ 45.0, -18.1 ], [ 45.1, -18.1 ], [ 45.1, -18.2 ], [ 45.2, -18.2 ], [ 45.3, -18.2 ], [ 45.3, -18.3 ], [ 45.4, -18.4 ], [ 45.4, -18.5 ], [ 45.4, -18.6 ], [ 45.5, -18.6 ], [ 45.5, -18.7 ], [ 45.5, -18.8 ], [ 45.4, -18.8 ], [ 45.4, -18.9 ], [ 45.5, -19.0 ], [ 45.5, -19.1 ], [ 45.5, -19.2 ], [ 45.5, -19.3 ], [ 45.5, -19.4 ], [ 45.6, -19.4 ], [ 45.6, -19.3 ], [ 45.7, -19.4 ], [ 45.7, -19.3 ], [ 45.8, -19.3 ], [ 45.9, -19.3 ], [ 45.9, -19.4 ], [ 46.0, -19.4 ], [ 46.0, -19.5 ], [ 45.9, -19.5 ], [ 45.8, -19.5 ], [ 45.7, -19.5 ], [ 45.6, -19.6 ], [ 45.6, -19.7 ], [ 45.7, -19.7 ], [ 45.8, -19.7 ], [ 45.8, -19.8 ], [ 45.9, -19.8 ], [ 45.9, -19.9 ], [ 46.0, -19.9 ], [ 46.0, -19.8 ], [ 46.1, -19.8 ], [ 46.1, -19.9 ], [ 46.1, -20.0 ], [ 46.0, -20.0 ], [ 45.9, -20.0 ], [ 45.8, -20.0 ], [ 45.8, -20.1 ], [ 45.9, -20.1 ], [ 45.9, -20.2 ], [ 45.9, -20.3 ], [ 45.8, -20.3 ], [ 45.8, -20.4 ], [ 45.8, -20.5 ], [ 45.8, -20.6 ], [ 45.8, -20.7 ], [ 45.9, -20.7 ], [ 45.9, -20.8 ], [ 45.8, -20.9 ], [ 45.8, -20.8 ], [ 45.7, -20.9 ], [ 45.7, -21.0 ], [ 45.6, -21.0 ], [ 45.6, -20.9 ], [ 45.6, -20.8 ], [ 45.5, -20.8 ], [ 45.4, -20.8 ], [ 45.4, -20.9 ], [ 45.4, -21.0 ], [ 45.3, -21.0 ], [ 45.3, -20.9 ], [ 45.2, -21.0 ], [ 45.1, -21.1 ], [ 45.1, -21.2 ], [ 45.0, -21.3 ], [ 44.9, -21.2 ], [ 45.0, -21.1 ], [ 45.0, -21.0 ], [ 44.9, -21.0 ], [ 44.9, -20.9 ], [ 45.0, -20.9 ], [ 45.0, -20.8 ], [ 45.1, -20.8 ], [ 45.2, -20.8 ], [ 45.2, -20.7 ], [ 45.2, -20.6 ], [ 45.3, -20.6 ], [ 45.3, -20.5 ], [ 45.3, -20.4 ], [ 45.3, -20.3 ], [ 45.2, -20.3 ], [ 45.1, -20.3 ], [ 45.0, -20.4 ], [ 44.9, -20.4 ], [ 44.9, -20.3 ], [ 45.0, -20.3 ], [ 45.0, -20.2 ], [ 44.9, -20.1 ], [ 44.8, -20.0 ], [ 44.7, -20.0 ], [ 44.7, -19.9 ], [ 44.6, -19.9 ], [ 44.5, -19.8 ], [ 44.4, -19.8 ], [ 44.4, -19.7 ], [ 44.4, -19.6 ], [ 44.5, -19.6 ], [ 44.5, -19.5 ], [ 44.5, -19.4 ], [ 44.4, -19.4 ], [ 44.4, -19.3 ], [ 44.3, -19.2 ], [ 44.3, -19.1 ], [ 44.2, -19.1 ], [ 44.2, -19.0 ], [ 44.2, -18.9 ], [ 44.3, -18.9 ], [ 44.3, -18.8 ], [ 44.2, -18.8 ], [ 44.2, -18.7 ], [ 44.2, -18.6 ], [ 44.1, -18.6 ], [ 44.1, -18.5 ], [ 44.1, -18.4 ], [ 44.0, -18.4 ], [ 44.0, -18.3 ], [ 44.0, -18.2 ], [ 44.0, -18.1 ], [ 44.0, -18.0 ], [ 44.0, -17.9 ], [ 44.0, -17.8 ], [ 44.0, -17.7 ], [ 44.1, -17.7 ], [ 44.1, -17.6 ], [ 44.2, -17.6 ], [ 44.2, -17.5 ], [ 44.2, -17.4 ], [ 44.2, -17.3 ], [ 44.2, -17.2 ], [ 44.2, -17.1 ] ], [ [ 46.0, -15.9 ], [ 46.1, -15.9 ], [ 46.1, -15.8 ], [ 46.0, -15.8 ], [ 46.0, -15.9 ] ], [ [ 48.4, -15.4 ], [ 48.4, -15.5 ], [ 48.5, -15.5 ], [ 48.5, -15.4 ], [ 48.4, -15.4 ] ], [ [ 48.4, -15.7 ], [ 48.3, -15.7 ], [ 48.3, -15.8 ], [ 48.4, -15.8 ], [ 48.4, -15.7 ] ], [ [ 44.1, -18.3 ], [ 44.1, -18.2 ], [ 44.0, -18.2 ], [ 44.1, -18.3 ] ], [ [ 46.9, -15.5 ], [ 46.9, -15.6 ], [ 47.0, -15.6 ], [ 47.1, -15.5 ], [ 47.2, -15.5 ], [ 47.2, -15.4 ], [ 47.1, -15.4 ], [ 47.0, -15.4 ], [ 47.0, -15.5 ], [ 46.9, -15.5 ] ] ], [ [ [ 47.5, -17.0 ], [ 47.5, -16.9 ], [ 47.6, -16.9 ], [ 47.6, -17.0 ], [ 47.5, -17.0 ] ] ], [ [ [ 48.7, -16.1 ], [ 48.6, -16.1 ], [ 48.6, -16.0 ], [ 48.7, -16.0 ], [ 48.7, -16.1 ] ] ], [ [ [ 48.4, -15.9 ], [ 48.5, -15.9 ], [ 48.5, -16.0 ], [ 48.4, -16.0 ], [ 48.4, -15.9 ] ] ], [ [ [ 48.8, -15.4 ], [ 48.7, -15.4 ], [ 48.7, -15.3 ], [ 48.8, -15.2 ], [ 48.8, -15.3 ], [ 48.8, -15.4 ] ] ], [ [ [ 49.0, -12.4 ], [ 49.0, -12.3 ], [ 49.1, -12.3 ], [ 49.2, -12.2 ], [ 49.3, -12.2 ], [ 49.3, -12.1 ], [ 49.4, -12.1 ], [ 49.4, -12.2 ], [ 49.4, -12.3 ], [ 49.4, -12.4 ], [ 49.5, -12.4 ], [ 49.6, -12.4 ], [ 49.6, -12.5 ], [ 49.5, -12.5 ], [ 49.6, -12.6 ], [ 49.5, -12.6 ], [ 49.6, -12.7 ], [ 49.7, -12.7 ], [ 49.7, -12.8 ], [ 49.8, -12.8 ], [ 49.8, -12.9 ], [ 49.8, -13.0 ], [ 49.9, -13.0 ], [ 49.9, -13.1 ], [ 49.9, -13.2 ], [ 49.9, -13.4 ], [ 49.9, -13.5 ], [ 49.8, -13.6 ], [ 49.8, -13.7 ], [ 49.7, -13.8 ], [ 49.7, -13.7 ], [ 49.6, -13.7 ], [ 49.6, -13.6 ], [ 49.6, -13.5 ], [ 49.6, -13.4 ], [ 49.5, -13.4 ], [ 49.5, -13.3 ], [ 49.4, -13.3 ], [ 49.4, -13.2 ], [ 49.3, -13.2 ], [ 49.3, -13.3 ], [ 49.3, -13.4 ], [ 49.3, -13.5 ], [ 49.3, -13.6 ], [ 49.2, -13.6 ], [ 49.2, -13.7 ], [ 49.1, -13.7 ], [ 49.0, -13.7 ], [ 49.0, -13.6 ], [ 48.9, -13.6 ], [ 48.9, -13.5 ], [ 48.9, -13.4 ], [ 48.9, -13.3 ], [ 48.8, -13.3 ], [ 48.8, -13.2 ], [ 48.8, -13.1 ], [ 48.8, -13.0 ], [ 48.9, -13.0 ], [ 48.9, -12.9 ], [ 48.9, -12.8 ], [ 48.9, -12.7 ], [ 48.9, -12.6 ], [ 48.8, -12.6 ], [ 48.8, -12.5 ], [ 48.7, -12.5 ], [ 48.7, -12.4 ], [ 48.8, -12.4 ], [ 48.9, -12.4 ], [ 49.0, -12.4 ] ], [ [ 49.2, -12.8 ], [ 49.2, -12.9 ], [ 49.2, -13.0 ], [ 49.4, -12.9 ], [ 49.5, -12.8 ], [ 49.4, -12.8 ], [ 49.3, -12.8 ], [ 49.2, -12.8 ] ], [ [ 49.1, -12.5 ], [ 49.1, -12.6 ], [ 49.1, -12.7 ], [ 49.2, -12.7 ], [ 49.2, -12.6 ], [ 49.2, -12.5 ], [ 49.2, -12.4 ], [ 49.1, -12.5 ] ] ], [ [ [ 49.2, -12.0 ], [ 49.2, -11.9 ], [ 49.3, -11.9 ], [ 49.3, -12.0 ], [ 49.3, -12.1 ], [ 49.2, -12.1 ], [ 49.2, -12.0 ] ] ], [ [ [ 38.3, -8.5 ], [ 38.3, -8.6 ], [ 38.2, -8.6 ], [ 38.2, -8.5 ], [ 38.3, -8.5 ] ] ], [ [ [ 38.0, -7.0 ], [ 38.1, -7.0 ], [ 38.1, -7.1 ], [ 38.0, -7.1 ], [ 38.0, -7.0 ] ] ], [ [ [ 38.2, -6.9 ], [ 38.2, -7.0 ], [ 38.1, -7.0 ], [ 38.1, -6.9 ], [ 38.2, -6.9 ] ] ], [ [ [ 38.8, -5.0 ], [ 38.8, -5.1 ], [ 38.7, -5.1 ], [ 38.7, -5.0 ], [ 38.8, -5.0 ] ] ], [ [ [ 38.2, -4.9 ], [ 38.2, -4.8 ], [ 38.3, -4.8 ], [ 38.3, -4.9 ], [ 38.4, -4.9 ], [ 38.4, -5.0 ], [ 38.4, -5.1 ], [ 38.3, -5.1 ], [ 38.3, -5.0 ], [ 38.2, -5.0 ], [ 38.2, -4.9 ] ] ], [ [ [ 38.8, -4.9 ], [ 38.9, -4.9 ], [ 38.9, -5.0 ], [ 38.8, -5.0 ], [ 38.8, -4.9 ] ] ], [ [ [ 38.7, -4.8 ], [ 38.8, -4.8 ], [ 38.8, -4.9 ], [ 38.7, -4.9 ], [ 38.7, -5.0 ], [ 38.6, -5.0 ], [ 38.5, -5.0 ], [ 38.5, -4.9 ], [ 38.6, -4.9 ], [ 38.6, -4.8 ], [ 38.7, -4.8 ] ] ], [ [ [ 41.1, -1.4 ], [ 41.2, -1.4 ], [ 41.2, -1.5 ], [ 41.1, -1.5 ], [ 41.1, -1.4 ] ] ], [ [ [ 39.1, 6.3 ], [ 39.1, 6.4 ], [ 39.2, 6.4 ], [ 39.2, 6.3 ], [ 39.1, 6.3 ] ] ], [ [ [ 39.9, 7.4 ], [ 39.8, 7.4 ], [ 39.7, 7.4 ], [ 39.6, 7.4 ], [ 39.6, 7.5 ], [ 39.7, 7.5 ], [ 39.8, 7.5 ], [ 39.9, 7.5 ], [ 39.9, 7.4 ] ] ], [ [ [ 40.1, 7.6 ], [ 40.1, 7.5 ], [ 40.2, 7.5 ], [ 40.2, 7.4 ], [ 40.1, 7.4 ], [ 40.0, 7.4 ], [ 40.0, 7.5 ], [ 40.0, 7.6 ], [ 40.1, 7.6 ] ] ], [ [ [ 39.6, 7.6 ], [ 39.6, 7.7 ], [ 39.7, 7.7 ], [ 39.7, 7.6 ], [ 39.6, 7.6 ] ] ], [ [ [ 41.2, 9.0 ], [ 41.2, 9.1 ], [ 41.3, 9.1 ], [ 41.3, 9.0 ], [ 41.2, 9.0 ] ] ], [ [ [ 38.0, 9.5 ], [ 38.1, 9.5 ], [ 38.1, 9.4 ], [ 38.0, 9.4 ], [ 37.9, 9.4 ], [ 37.9, 9.5 ], [ 38.0, 9.5 ] ] ], [ [ [ 38.4, 9.7 ], [ 38.4, 9.6 ], [ 38.3, 9.6 ], [ 38.3, 9.7 ], [ 38.3, 9.8 ], [ 38.4, 9.8 ], [ 38.4, 9.7 ] ] ], [ [ [ 39.2, 10.1 ], [ 39.2, 10.0 ], [ 39.1, 10.0 ], [ 39.1, 10.1 ], [ 39.2, 10.1 ] ] ], [ [ [ 39.4, 10.1 ], [ 39.3, 10.1 ], [ 39.3, 10.2 ], [ 39.4, 10.2 ], [ 39.4, 10.1 ] ] ], [ [ [ 38.8, 10.4 ], [ 38.9, 10.4 ], [ 39.0, 10.4 ], [ 39.1, 10.4 ], [ 39.1, 10.3 ], [ 39.0, 10.3 ], [ 39.0, 10.2 ], [ 39.1, 10.2 ], [ 39.1, 10.1 ], [ 39.0, 10.1 ], [ 38.9, 10.1 ], [ 38.9, 10.0 ], [ 39.0, 10.0 ], [ 39.1, 10.0 ], [ 39.1, 9.9 ], [ 39.0, 9.9 ], [ 39.0, 9.8 ], [ 38.9, 9.8 ], [ 38.9, 9.7 ], [ 38.8, 9.7 ], [ 38.8, 9.8 ], [ 38.7, 9.8 ], [ 38.7, 9.9 ], [ 38.7, 10.0 ], [ 38.6, 10.0 ], [ 38.5, 10.0 ], [ 38.4, 10.0 ], [ 38.4, 10.1 ], [ 38.3, 10.1 ], [ 38.3, 10.2 ], [ 38.4, 10.2 ], [ 38.4, 10.3 ], [ 38.4, 10.4 ], [ 38.5, 10.4 ], [ 38.5, 10.5 ], [ 38.4, 10.5 ], [ 38.3, 10.5 ], [ 38.3, 10.6 ], [ 38.3, 10.7 ], [ 38.3, 10.8 ], [ 38.4, 10.8 ], [ 38.4, 10.7 ], [ 38.5, 10.7 ], [ 38.5, 10.6 ], [ 38.6, 10.6 ], [ 38.6, 10.5 ], [ 38.6, 10.4 ], [ 38.7, 10.4 ], [ 38.7, 10.5 ], [ 38.8, 10.5 ], [ 38.8, 10.4 ] ], [ [ 38.5, 10.1 ], [ 38.6, 10.1 ], [ 38.6, 10.2 ], [ 38.5, 10.2 ], [ 38.5, 10.1 ] ], [ [ 38.7, 10.2 ], [ 38.7, 10.1 ], [ 38.8, 10.1 ], [ 38.8, 10.2 ], [ 38.8, 10.3 ], [ 38.7, 10.3 ], [ 38.6, 10.3 ], [ 38.6, 10.2 ], [ 38.7, 10.2 ] ] ], [ [ [ 38.3, 10.3 ], [ 38.2, 10.3 ], [ 38.2, 10.4 ], [ 38.3, 10.4 ], [ 38.3, 10.3 ] ] ], [ [ [ 38.9, 10.6 ], [ 38.9, 10.5 ], [ 38.8, 10.5 ], [ 38.8, 10.6 ], [ 38.9, 10.6 ] ] ], [ [ [ 38.7, 10.7 ], [ 38.8, 10.7 ], [ 38.8, 10.6 ], [ 38.7, 10.6 ], [ 38.7, 10.7 ] ] ], [ [ [ 46.1, 10.8 ], [ 46.2, 10.8 ], [ 46.3, 10.8 ], [ 46.3, 10.7 ], [ 46.3, 10.6 ], [ 46.2, 10.6 ], [ 46.2, 10.7 ], [ 46.1, 10.7 ], [ 46.1, 10.6 ], [ 46.0, 10.6 ], [ 45.9, 10.7 ], [ 45.9, 10.8 ], [ 46.0, 10.8 ], [ 46.1, 10.8 ] ] ], [ [ [ 46.5, 10.6 ], [ 46.4, 10.6 ], [ 46.3, 10.7 ], [ 46.4, 10.7 ], [ 46.5, 10.7 ], [ 46.6, 10.7 ], [ 46.7, 10.7 ], [ 46.7, 10.8 ], [ 46.8, 10.8 ], [ 46.9, 10.9 ], [ 47.0, 10.9 ], [ 46.9, 10.8 ], [ 46.8, 10.7 ], [ 46.7, 10.6 ], [ 46.7, 10.5 ], [ 46.6, 10.5 ], [ 46.6, 10.6 ], [ 46.5, 10.6 ] ] ], [ [ [ 38.6, 10.9 ], [ 38.7, 10.9 ], [ 38.7, 10.8 ], [ 38.7, 10.7 ], [ 38.6, 10.7 ], [ 38.5, 10.7 ], [ 38.5, 10.8 ], [ 38.4, 10.8 ], [ 38.4, 10.9 ], [ 38.4, 11.0 ], [ 38.3, 11.0 ], [ 38.3, 11.1 ], [ 38.2, 11.1 ], [ 38.2, 11.0 ], [ 38.1, 11.0 ], [ 38.1, 11.1 ], [ 38.0, 11.1 ], [ 37.9, 11.1 ], [ 37.9, 11.2 ], [ 38.0, 11.2 ], [ 38.1, 11.2 ], [ 38.2, 11.2 ], [ 38.3, 11.2 ], [ 38.4, 11.2 ], [ 38.4, 11.1 ], [ 38.5, 11.1 ], [ 38.5, 11.0 ], [ 38.6, 11.0 ], [ 38.6, 10.9 ] ] ], [ [ [ 47.1, 11.1 ], [ 47.2, 11.1 ], [ 47.3, 11.1 ], [ 47.4, 11.2 ], [ 47.4, 11.1 ], [ 47.3, 11.0 ], [ 47.2, 11.0 ], [ 47.1, 10.9 ], [ 47.0, 10.9 ], [ 47.0, 11.0 ], [ 47.1, 11.0 ], [ 47.1, 11.1 ] ] ], [ [ [ 38.5, 11.3 ], [ 38.5, 11.2 ], [ 38.4, 11.2 ], [ 38.4, 11.3 ], [ 38.5, 11.3 ] ] ], [ [ [ 38.5, 11.5 ], [ 38.6, 11.5 ], [ 38.6, 11.4 ], [ 38.7, 11.4 ], [ 38.7, 11.3 ], [ 38.7, 11.2 ], [ 38.7, 11.1 ], [ 38.7, 11.0 ], [ 38.6, 11.0 ], [ 38.6, 11.1 ], [ 38.5, 11.1 ], [ 38.5, 11.2 ], [ 38.6, 11.2 ], [ 38.6, 11.3 ], [ 38.5, 11.3 ], [ 38.5, 11.4 ], [ 38.5, 11.5 ] ] ], [ [ [ 38.9, 11.3 ], [ 38.8, 11.3 ], [ 38.8, 11.4 ], [ 38.9, 11.4 ], [ 39.0, 11.4 ], [ 39.0, 11.3 ], [ 38.9, 11.3 ] ] ], [ [ [ 38.0, 11.3 ], [ 38.0, 11.4 ], [ 38.1, 11.4 ], [ 38.1, 11.3 ], [ 38.0, 11.3 ] ] ], [ [ [ 39.2, 11.5 ], [ 39.2, 11.4 ], [ 39.1, 11.4 ], [ 39.1, 11.5 ], [ 39.2, 11.5 ] ] ], [ [ [ 39.3, 11.4 ], [ 39.3, 11.5 ], [ 39.4, 11.5 ], [ 39.4, 11.4 ], [ 39.3, 11.4 ] ] ], [ [ [ 38.8, 11.5 ], [ 38.8, 11.6 ], [ 38.9, 11.6 ], [ 38.9, 11.5 ], [ 38.8, 11.5 ] ] ], [ [ [ 38.5, 11.5 ], [ 38.4, 11.5 ], [ 38.4, 11.6 ], [ 38.5, 11.6 ], [ 38.5, 11.5 ] ] ], [ [ [ 38.7, 11.6 ], [ 38.7, 11.5 ], [ 38.6, 11.5 ], [ 38.6, 11.6 ], [ 38.6, 11.7 ], [ 38.7, 11.7 ], [ 38.7, 11.6 ] ] ], [ [ [ 38.7, 11.9 ], [ 38.6, 11.9 ], [ 38.6, 12.0 ], [ 38.7, 12.0 ], [ 38.7, 11.9 ] ] ], [ [ [ 39.1, 12.6 ], [ 39.2, 12.6 ], [ 39.2, 12.5 ], [ 39.1, 12.5 ], [ 39.1, 12.6 ] ] ], [ [ [ 39.2, 12.6 ], [ 39.2, 12.7 ], [ 39.3, 12.7 ], [ 39.3, 12.6 ], [ 39.2, 12.6 ] ] ], [ [ [ 39.4, 13.6 ], [ 39.4, 13.5 ], [ 39.3, 13.5 ], [ 39.3, 13.6 ], [ 39.4, 13.6 ] ] ], [ [ [ 39.0, 14.1 ], [ 39.0, 14.0 ], [ 38.9, 14.0 ], [ 38.9, 14.1 ], [ 39.0, 14.1 ] ] ], [ [ [ 39.1, 14.3 ], [ 39.1, 14.4 ], [ 39.2, 14.4 ], [ 39.2, 14.3 ], [ 39.1, 14.3 ] ] ], [ [ [ 39.2, 14.6 ], [ 39.2, 14.5 ], [ 39.1, 14.5 ], [ 39.0, 14.5 ], [ 39.0, 14.6 ], [ 39.1, 14.6 ], [ 39.2, 14.6 ] ] ] ] } },
{ "type": "Feature", "properties": { "BIOME_NAME": "Montane Grasslands & Shrublands" }, "geometry": { "type": "MultiPolygon", "coordinates": [ [ [ [ 25.6, -32.2 ], [ 25.5, -32.2 ], [ 25.4, -32.2 ], [ 25.4, -32.1 ], [ 25.5, -32.1 ], [ 25.5, -32.0 ], [ 25.6, -32.0 ], [ 25.6, -32.1 ], [ 25.7, -32.1 ], [ 25.7, -32.0 ], [ 25.8, -32.0 ], [ 25.9, -32.0 ], [ 25.9, -32.1 ], [ 26.0, -32.1 ], [ 26.1, -32.1 ], [ 26.1, -32.0 ], [ 26.2, -32.0 ], [ 26.3, -32.0 ], [ 26.4, -32.0 ], [ 26.4, -32.1 ], [ 26.4, -32.2 ], [ 26.5, -32.2 ], [ 26.5, -32.1 ], [ 26.6, -32.1 ], [ 26.6, -32.2 ], [ 26.6, -32.3 ], [ 26.5, -32.3 ], [ 26.4, -32.3 ], [ 26.3, -32.3 ], [ 26.2, -32.3 ], [ 26.2, -32.4 ], [ 26.1, -32.4 ], [ 26.0, -32.4 ], [ 26.0, -32.3 ], [ 26.0, -32.2 ], [ 25.9, -32.2 ], [ 25.8, -32.2 ], [ 25.8, -32.3 ], [ 25.9, -32.3 ], [ 25.9, -32.4 ], [ 25.8, -32.4 ], [ 25.8, -32.5 ], [ 25.7, -32.5 ], [ 25.6, -32.5 ], [ 25.6, -32.4 ], [ 25.7, -32.4 ], [ 25.7, -32.3 ], [ 25.6, -32.3 ], [ 25.6, -32.2 ] ] ], [ [ [ 26.1, -31.4 ], [ 26.1, -31.3 ], [ 26.2, -31.3 ], [ 26.3, -31.3 ], [ 26.3, -31.2 ], [ 26.3, -31.1 ], [ 26.3, -31.0 ], [ 26.4, -31.0 ], [ 26.4, -31.1 ], [ 26.5, -31.1 ], [ 26.5, -31.2 ], [ 26.4, -31.2 ], [ 26.4, -31.3 ], [ 26.4, -31.4 ], [ 26.4, -31.5 ], [ 26.5, -31.5 ], [ 26.5, -31.6 ], [ 26.4, -31.6 ], [ 26.3, -31.6 ], [ 26.3, -31.7 ], [ 26.2, -31.7 ], [ 26.2, -31.8 ], [ 26.1, -31.8 ], [ 26.0, -31.8 ], [ 26.0, -31.7 ], [ 26.1, -31.7 ], [ 26.1, -31.6 ], [ 26.1, -31.5 ], [ 26.1, -31.4 ] ] ], [ [ [ 26.0, -31.3 ], [ 26.0, -31.4 ], [ 25.9, -31.4 ], [ 25.9, -31.5 ], [ 25.8, -31.5 ], [ 25.8, -31.4 ], [ 25.8, -31.3 ], [ 25.9, -31.3 ], [ 26.0, -31.3 ] ] ], [ [ [ 25.8, -31.2 ], [ 25.8, -31.3 ], [ 25.7, -31.3 ], [ 25.6, -31.3 ], [ 25.5, -31.3 ], [ 25.5, -31.4 ], [ 25.4, -31.4 ], [ 25.3, -31.4 ], [ 25.3, -31.3 ], [ 25.4, -31.3 ], [ 25.4, -31.2 ], [ 25.4, -31.1 ], [ 25.5, -31.1 ], [ 25.5, -31.0 ], [ 25.6, -31.0 ], [ 25.7, -31.0 ], [ 25.7, -31.1 ], [ 25.6, -31.1 ], [ 25.6, -31.2 ], [ 25.7, -31.2 ], [ 25.8, -31.2 ] ] ], [ [ [ 27.1, -31.1 ], [ 27.2, -31.1 ], [ 27.3, -31.1 ], [ 27.3, -31.2 ], [ 27.2, -31.2 ], [ 27.1, -31.2 ], [ 27.1, -31.1 ] ] ], [ [ [ 25.8, -31.0 ], [ 25.7, -31.0 ], [ 25.7, -30.9 ], [ 25.8, -30.9 ], [ 25.9, -30.9 ], [ 25.9, -31.0 ], [ 25.8, -31.0 ] ] ], [ [ [ 24.2, -30.6 ], [ 24.2, -30.5 ], [ 24.3, -30.5 ], [ 24.4, -30.5 ], [ 24.4, -30.6 ], [ 24.3, -30.6 ], [ 24.2, -30.6 ] ] ], [ [ [ 24.3, -30.4 ], [ 24.2, -30.4 ], [ 24.2, -30.3 ], [ 24.3, -30.3 ], [ 24.3, -30.4 ] ] ], [ [ [ 24.6, -30.4 ], [ 24.6, -30.3 ], [ 24.7, -30.3 ], [ 24.7, -30.4 ], [ 24.6, -30.4 ] ] ], [ [ [ 28.0, -29.9 ], [ 28.1, -29.9 ], [ 28.1, -30.0 ], [ 28.0, -30.0 ], [ 28.0, -29.9 ] ] ], [ [ [ 28.8, -29.5 ], [ 28.8, -29.6 ], [ 28.8, -29.7 ], [ 28.8, -29.8 ], [ 28.7, -29.8 ], [ 28.7, -29.7 ], [ 28.7, -29.6 ], [ 28.7, -29.5 ], [ 28.8, -29.5 ] ] ], [ [ [ 28.2, -29.5 ], [ 28.2, -29.6 ], [ 28.1, -29.6 ], [ 28.1, -29.5 ], [ 28.2, -29.5 ] ] ], [ [ [ 25.6, -28.0 ], [ 25.5, -28.0 ], [ 25.4, -28.0 ], [ 25.4, -27.9 ], [ 25.5, -27.9 ], [ 25.6, -27.9 ], [ 25.6, -28.0 ] ] ], [ [ [ 24.6, -29.8 ], [ 24.6, -29.9 ], [ 24.7, -29.9 ], [ 24.7, -30.0 ], [ 24.8, -30.0 ], [ 24.8, -29.9 ], [ 24.8, -29.8 ], [ 24.9, -29.8 ], [ 25.0, -29.8 ], [ 25.1, -29.8 ], [ 25.1, -29.7 ], [ 25.2, -29.7 ], [ 25.3, -29.7 ], [ 25.3, -29.6 ], [ 25.2, -29.6 ], [ 25.2, -29.5 ], [ 25.3, -29.5 ], [ 25.4, -29.5 ], [ 25.5, -29.5 ], [ 25.6, -29.5 ], [ 25.6, -29.4 ], [ 25.5, -29.4 ], [ 25.5, -29.3 ], [ 25.5, -29.2 ], [ 25.5, -29.1 ], [ 25.5, -29.0 ], [ 25.5, -28.9 ], [ 25.4, -28.9 ], [ 25.4, -28.8 ], [ 25.4, -28.7 ], [ 25.3, -28.7 ], [ 25.3, -28.6 ], [ 25.3, -28.5 ], [ 25.2, -28.5 ], [ 25.2, -28.4 ], [ 25.3, -28.4 ], [ 25.3, -28.3 ], [ 25.4, -28.3 ], [ 25.5, -28.3 ], [ 25.6, -28.3 ], [ 25.6, -28.2 ], [ 25.6, -28.1 ], [ 25.6, -28.0 ], [ 25.7, -28.0 ], [ 25.8, -28.0 ], [ 25.9, -28.0 ], [ 26.0, -28.0 ], [ 26.0, -27.9 ], [ 26.1, -27.9 ], [ 26.2, -27.9 ], [ 26.2, -27.8 ], [ 26.2, -27.7 ], [ 26.2, -27.6 ], [ 26.1, -27.6 ], [ 26.1, -27.7 ], [ 26.0, -27.7 ], [ 26.0, -27.6 ], [ 25.9, -27.6 ], [ 25.8, -27.6 ], [ 25.7, -27.6 ], [ 25.7, -27.5 ], [ 25.8, -27.5 ], [ 25.8, -27.4 ], [ 25.8, -27.3 ], [ 25.7, -27.3 ], [ 25.7, -27.2 ], [ 25.6, -27.2 ], [ 25.6, -27.3 ], [ 25.6, -27.4 ], [ 25.5, -27.4 ], [ 25.5, -27.3 ], [ 25.5, -27.2 ], [ 25.5, -27.1 ], [ 25.4, -27.1 ], [ 25.3, -27.1 ], [ 25.2, -27.1 ], [ 25.2, -27.0 ], [ 25.2, -26.9 ], [ 25.1, -26.9 ], [ 25.1, -26.8 ], [ 25.2, -26.8 ], [ 25.2, -26.7 ], [ 25.2, -26.6 ], [ 25.1, -26.6 ], [ 25.1, -26.5 ], [ 25.2, -26.5 ], [ 25.3, -26.5 ], [ 25.3, -26.4 ], [ 25.3, -26.3 ], [ 25.3, -26.2 ], [ 25.3, -26.1 ], [ 25.4, -26.1 ], [ 25.5, -26.0 ], [ 25.4, -26.0 ], [ 25.4, -25.9 ], [ 25.5, -25.9 ], [ 25.6, -25.9 ], [ 25.6, -25.8 ], [ 25.7, -25.8 ], [ 25.7, -25.7 ], [ 25.8, -25.7 ], [ 25.9, -25.7 ], [ 25.9, -25.6 ], [ 26.0, -25.6 ], [ 26.0, -25.7 ], [ 26.1, -25.7 ], [ 26.1, -25.8 ], [ 26.2, -25.8 ], [ 26.3, -25.8 ], [ 26.4, -25.8 ], [ 26.4, -25.9 ], [ 26.5, -25.9 ], [ 26.5, -25.8 ], [ 26.5, -25.7 ], [ 26.6, -25.7 ], [ 26.7, -25.7 ], [ 26.7, -25.8 ], [ 26.8, -25.8 ], [ 26.9, -25.8 ], [ 26.9, -25.9 ], [ 27.0, -25.9 ], [ 27.1, -25.9 ], [ 27.2, -25.9 ], [ 27.3, -25.9 ], [ 27.3, -26.0 ], [ 27.2, -26.0 ], [ 27.2, -26.1 ], [ 27.3, -26.1 ], [ 27.4, -26.1 ], [ 27.5, -26.1 ], [ 27.5, -26.0 ], [ 27.6, -26.0 ], [ 27.7, -26.0 ], [ 27.7, -25.9 ], [ 27.8, -25.9 ], [ 27.8, -25.8 ], [ 27.9, -25.8 ], [ 28.0, -25.8 ], [ 28.1, -25.8 ], [ 28.2, -25.8 ], [ 28.3, -25.8 ], [ 28.3, -25.9 ], [ 28.4, -25.9 ], [ 28.5, -25.9 ], [ 28.5, -25.8 ], [ 28.5, -25.7 ], [ 28.5, -25.6 ], [ 28.6, -25.6 ], [ 28.6, -25.7 ], [ 28.7, -25.7 ], [ 28.7, -25.6 ], [ 28.8, -25.6 ], [ 28.9, -25.6 ], [ 29.0, -25.6 ], [ 29.1, -25.6 ], [ 29.1, -25.7 ], [ 29.2, -25.6 ], [ 29.3, -25.6 ], [ 29.3, -25.5 ], [ 29.4, -25.5 ], [ 29.5, -25.5 ], [ 29.6, -25.5 ], [ 29.7, -25.5 ], [ 29.7, -25.4 ], [ 29.7, -25.3 ], [ 29.7, -25.2 ], [ 29.6, -25.2 ], [ 29.5, -25.2 ], [ 29.5, -25.1 ], [ 29.5, -25.0 ], [ 29.6, -25.0 ], [ 29.7, -25.0 ], [ 29.7, -24.9 ], [ 29.7, -24.8 ], [ 29.8, -24.8 ], [ 29.8, -24.9 ], [ 29.8, -25.0 ], [ 29.8, -25.1 ], [ 29.8, -25.2 ], [ 29.9, -25.2 ], [ 30.0, -25.2 ], [ 30.0, -25.1 ], [ 30.1, -25.1 ], [ 30.1, -25.0 ], [ 30.2, -25.0 ], [ 30.2, -24.9 ], [ 30.3, -24.9 ], [ 30.4, -24.9 ], [ 30.4, -24.8 ], [ 30.5, -24.8 ], [ 30.6, -24.8 ], [ 30.6, -24.7 ], [ 30.5, -24.7 ], [ 30.5, -24.6 ], [ 30.5, -24.5 ], [ 30.6, -24.5 ], [ 30.6, -24.6 ], [ 30.7, -24.6 ], [ 30.8, -24.5 ], [ 30.9, -24.5 ], [ 30.9, -24.6 ], [ 30.9, -24.7 ], [ 30.9, -24.8 ], [ 30.9, -24.9 ], [ 30.9, -25.0 ], [ 30.9, -25.1 ], [ 31.0, -25.1 ], [ 31.0, -25.2 ], [ 30.9, -25.2 ], [ 30.9, -25.3 ], [ 30.8, -25.3 ], [ 30.7, -25.4 ], [ 30.7, -25.3 ], [ 30.6, -25.3 ], [ 30.6, -25.4 ], [ 30.6, -25.5 ], [ 30.7, -25.5 ], [ 30.8, -25.5 ], [ 30.8, -25.6 ], [ 30.7, -25.6 ], [ 30.7, -25.7 ], [ 30.8, -25.7 ], [ 30.8, -25.8 ], [ 30.9, -25.8 ], [ 31.0, -25.8 ], [ 31.1, -25.8 ], [ 31.1, -25.7 ], [ 31.2, -25.7 ], [ 31.3, -25.7 ], [ 31.4, -25.7 ], [ 31.4, -25.8 ], [ 31.3, -25.8 ], [ 31.2, -25.8 ], [ 31.2, -25.9 ], [ 31.3, -25.9 ], [ 31.3, -26.0 ], [ 31.2, -26.0 ], [ 31.1, -26.0 ], [ 31.1, -25.9 ], [ 31.0, -25.9 ], [ 31.0, -26.0 ], [ 31.0, -26.1 ], [ 31.1, -26.1 ], [ 31.2, -26.1 ], [ 31.3, -26.1 ], [ 31.3, -26.2 ], [ 31.2, -26.2 ], [ 31.2, -26.3 ], [ 31.3, -26.3 ], [ 31.3, -26.4 ], [ 31.2, -26.4 ], [ 31.1, -26.4 ], [ 31.1, -26.5 ], [ 31.0, -26.5 ], [ 31.0, -26.6 ], [ 31.1, -26.6 ], [ 31.2, -26.6 ], [ 31.3, -26.6 ], [ 31.3, -26.7 ], [ 31.2, -26.7 ], [ 31.2, -26.8 ], [ 31.2, -26.9 ], [ 31.1, -26.9 ], [ 31.1, -27.0 ], [ 31.2, -27.0 ], [ 31.3, -27.0 ], [ 31.3, -26.9 ], [ 31.4, -26.9 ], [ 31.4, -27.0 ], [ 31.3, -27.1 ], [ 31.4, -27.1 ], [ 31.4, -27.2 ], [ 31.3, -27.2 ], [ 31.3, -27.3 ], [ 31.2, -27.3 ], [ 31.2, -27.2 ], [ 31.1, -27.2 ], [ 31.1, -27.3 ], [ 31.0, -27.3 ], [ 31.0, -27.4 ], [ 31.1, -27.4 ], [ 31.1, -27.5 ], [ 31.0, -27.5 ], [ 30.9, -27.5 ], [ 30.9, -27.6 ], [ 30.9, -27.7 ], [ 30.8, -27.7 ], [ 30.8, -27.8 ], [ 30.7, -27.8 ], [ 30.6, -27.8 ], [ 30.6, -27.7 ], [ 30.5, -27.7 ], [ 30.5, -27.8 ], [ 30.4, -27.8 ], [ 30.4, -27.7 ], [ 30.4, -27.6 ], [ 30.3, -27.6 ], [ 30.2, -27.6 ], [ 30.1, -27.6 ], [ 30.1, -27.5 ], [ 30.0, -27.5 ], [ 29.9, -27.5 ], [ 29.9, -27.4 ], [ 29.8, -27.4 ], [ 29.7, -27.4 ], [ 29.7, -27.5 ], [ 29.8, -27.5 ], [ 29.8, -27.6 ], [ 29.7, -27.6 ], [ 29.7, -27.7 ], [ 29.7, -27.8 ], [ 29.7, -27.9 ], [ 29.7, -28.0 ], [ 29.6, -28.0 ], [ 29.6, -28.1 ], [ 29.7, -28.1 ], [ 29.7, -28.2 ], [ 29.6, -28.2 ], [ 29.6, -28.3 ], [ 29.5, -28.3 ], [ 29.4, -28.3 ], [ 29.4, -28.4 ], [ 29.3, -28.4 ], [ 29.3, -28.5 ], [ 29.2, -28.5 ], [ 29.1, -28.5 ], [ 29.1, -28.4 ], [ 29.0, -28.4 ], [ 29.0, -28.5 ], [ 28.9, -28.5 ], [ 28.9, -28.6 ], [ 28.9, -28.7 ], [ 28.8, -28.7 ], [ 28.8, -28.6 ], [ 28.7, -28.6 ], [ 28.7, -28.5 ], [ 28.6, -28.5 ], [ 28.5, -28.5 ], [ 28.5, -28.6 ], [ 28.4, -28.6 ], [ 28.3, -28.6 ], [ 28.3, -28.7 ], [ 28.4, -28.7 ], [ 28.5, -28.7 ], [ 28.5, -28.8 ], [ 28.4, -28.8 ], [ 28.3, -28.8 ], [ 28.4, -28.9 ], [ 28.3, -28.9 ], [ 28.2, -28.9 ], [ 28.2, -29.0 ], [ 28.2, -29.1 ], [ 28.1, -29.1 ], [ 28.0, -29.1 ], [ 28.0, -29.2 ], [ 27.9, -29.2 ], [ 27.8, -29.2 ], [ 27.7, -29.2 ], [ 27.7, -29.3 ], [ 27.8, -29.3 ], [ 27.8, -29.4 ], [ 27.8, -29.5 ], [ 27.7, -29.5 ], [ 27.7, -29.6 ], [ 27.6, -29.6 ], [ 27.5, -29.6 ], [ 27.6, -29.7 ], [ 27.7, -29.7 ], [ 27.7, -29.8 ], [ 27.7, -29.9 ], [ 27.6, -29.9 ], [ 27.5, -29.9 ], [ 27.5, -30.0 ], [ 27.6, -30.0 ], [ 27.6, -30.1 ], [ 27.5, -30.1 ], [ 27.5, -30.2 ], [ 27.6, -30.2 ], [ 27.6, -30.3 ], [ 27.7, -30.3 ], [ 27.7, -30.2 ], [ 27.8, -30.2 ], [ 27.9, -30.2 ], [ 27.9, -30.1 ], [ 27.8, -30.1 ], [ 27.8, -30.0 ], [ 27.9, -30.0 ], [ 28.0, -30.0 ], [ 28.0, -30.1 ], [ 28.1, -30.1 ], [ 28.1, -30.0 ], [ 28.2, -30.0 ], [ 28.2, -29.9 ], [ 28.2, -29.8 ], [ 28.2, -29.7 ], [ 28.3, -29.7 ], [ 28.3, -29.8 ], [ 28.3, -29.9 ], [ 28.3, -30.0 ], [ 28.4, -30.0 ], [ 28.5, -30.0 ], [ 28.6, -30.0 ], [ 28.6, -29.9 ], [ 28.7, -29.9 ], [ 28.8, -29.9 ], [ 28.8, -30.0 ], [ 28.8, -30.1 ], [ 28.7, -30.1 ], [ 28.6, -30.1 ], [ 28.5, -30.1 ], [ 28.4, -30.1 ], [ 28.3, -30.1 ], [ 28.2, -30.1 ], [ 28.2, -30.2 ], [ 28.1, -30.2 ], [ 28.0, -30.2 ], [ 28.0, -30.3 ], [ 28.0, -30.4 ], [ 27.9, -30.4 ], [ 27.8, -30.4 ], [ 27.8, -30.5 ], [ 27.7, -30.5 ], [ 27.7, -30.6 ], [ 27.6, -30.6 ], [ 27.6, -30.7 ], [ 27.5, -30.7 ], [ 27.4, -30.7 ], [ 27.3, -30.7 ], [ 27.2, -30.7 ], [ 27.2, -30.8 ], [ 27.2, -30.9 ], [ 27.2, -31.0 ], [ 27.1, -31.0 ], [ 27.0, -31.0 ], [ 26.9, -31.0 ], [ 26.8, -31.0 ], [ 26.8, -30.9 ], [ 26.7, -30.9 ], [ 26.6, -30.9 ], [ 26.6, -31.0 ], [ 26.5, -31.0 ], [ 26.4, -31.0 ], [ 26.4, -30.9 ], [ 26.4, -30.8 ], [ 26.4, -30.7 ], [ 26.5, -30.7 ], [ 26.6, -30.7 ], [ 26.7, -30.7 ], [ 26.7, -30.6 ], [ 26.6, -30.6 ], [ 26.5, -30.6 ], [ 26.4, -30.6 ], [ 26.3, -30.6 ], [ 26.2, -30.6 ], [ 26.1, -30.6 ], [ 26.0, -30.6 ], [ 26.0, -30.5 ], [ 25.9, -30.6 ], [ 25.8, -30.6 ], [ 25.8, -30.7 ], [ 25.7, -30.7 ], [ 25.7, -30.6 ], [ 25.6, -30.7 ], [ 25.6, -30.6 ], [ 25.5, -30.6 ], [ 25.5, -30.7 ], [ 25.4, -30.7 ], [ 25.3, -30.7 ], [ 25.2, -30.7 ], [ 25.2, -30.6 ], [ 25.2, -30.5 ], [ 25.1, -30.5 ], [ 25.1, -30.4 ], [ 25.0, -30.4 ], [ 24.9, -30.4 ], [ 24.9, -30.5 ], [ 25.0, -30.5 ], [ 25.0, -30.6 ], [ 24.9, -30.6 ], [ 24.8, -30.6 ], [ 24.8, -30.7 ], [ 24.7, -30.7 ], [ 24.6, -30.7 ], [ 24.6, -30.6 ], [ 24.7, -30.6 ], [ 24.7, -30.5 ], [ 24.7, -30.4 ], [ 24.8, -30.4 ], [ 24.7, -30.3 ], [ 24.8, -30.3 ], [ 24.8, -30.2 ], [ 24.7, -30.2 ], [ 24.7, -30.1 ], [ 24.6, -30.1 ], [ 24.6, -30.0 ], [ 24.5, -30.0 ], [ 24.4, -30.0 ], [ 24.4, -29.9 ], [ 24.4, -29.8 ], [ 24.4, -29.7 ], [ 24.5, -29.7 ], [ 24.5, -29.8 ], [ 24.6, -29.8 ] ], [ [ 30.6, -25.2 ], [ 30.5, -25.3 ], [ 30.6, -25.3 ], [ 30.6, -25.2 ] ], [ [ 29.7, -27.3 ], [ 29.6, -27.3 ], [ 29.6, -27.4 ], [ 29.7, -27.4 ], [ 29.7, -27.3 ] ], [ [ 28.3, -28.5 ], [ 28.2, -28.6 ], [ 28.3, -28.6 ], [ 28.3, -28.5 ] ], [ [ 28.4, -28.5 ], [ 28.4, -28.4 ], [ 28.3, -28.4 ], [ 28.3, -28.5 ], [ 28.4, -28.5 ] ], [ [ 25.9, -27.3 ], [ 25.9, -27.4 ], [ 26.0, -27.4 ], [ 26.0, -27.3 ], [ 25.9, -27.3 ] ], [ [ 30.8, -26.1 ], [ 30.9, -26.1 ], [ 30.9, -26.0 ], [ 30.8, -26.0 ], [ 30.8, -25.9 ], [ 30.7, -25.9 ], [ 30.7, -25.8 ], [ 30.6, -25.8 ], [ 30.6, -25.9 ], [ 30.5, -26.0 ], [ 30.6, -26.0 ], [ 30.7, -26.0 ], [ 30.7, -26.1 ], [ 30.8, -26.1 ] ], [ [ 29.0, -25.8 ], [ 29.0, -25.7 ], [ 28.9, -25.7 ], [ 28.9, -25.8 ], [ 29.0, -25.8 ] ] ], [ [ [ 25.8, -25.4 ], [ 25.8, -25.5 ], [ 25.9, -25.5 ], [ 25.9, -25.6 ], [ 25.8, -25.6 ], [ 25.7, -25.6 ], [ 25.7, -25.5 ], [ 25.7, -25.4 ], [ 25.8, -25.4 ] ] ], [ [ [ 30.1, -25.0 ], [ 30.0, -25.1 ], [ 30.0, -25.0 ], [ 30.1, -25.0 ] ] ], [ [ [ 30.7, -24.5 ], [ 30.6, -24.5 ], [ 30.6, -24.4 ], [ 30.7, -24.4 ], [ 30.7, -24.5 ] ] ], [ [ [ 30.4, -24.3 ], [ 30.5, -24.3 ], [ 30.5, -24.4 ], [ 30.4, -24.4 ], [ 30.4, -24.3 ] ] ], [ [ [ 30.3, -24.2 ], [ 30.4, -24.2 ], [ 30.4, -24.3 ], [ 30.3, -24.3 ], [ 30.3, -24.2 ] ] ], [ [ [ 30.3, -24.0 ], [ 30.3, -24.1 ], [ 30.3, -24.2 ], [ 30.2, -24.2 ], [ 30.2, -24.1 ], [ 30.1, -24.1 ], [ 30.1, -24.0 ], [ 30.2, -24.0 ], [ 30.3, -24.0 ] ] ], [ [ [ 29.8, -24.1 ], [ 29.8, -24.0 ], [ 29.9, -24.0 ], [ 29.9, -23.9 ], [ 29.9, -23.8 ], [ 30.0, -23.8 ], [ 30.1, -23.8 ], [ 30.1, -23.9 ], [ 30.1, -24.0 ], [ 30.0, -24.0 ], [ 30.0, -24.1 ], [ 29.9, -24.1 ], [ 29.8, -24.1 ] ] ], [ [ [ 14.2, -13.9 ], [ 14.1, -13.8 ], [ 14.1, -13.7 ], [ 14.2, -13.7 ], [ 14.3, -13.7 ], [ 14.3, -13.6 ], [ 14.4, -13.6 ], [ 14.5, -13.5 ], [ 14.6, -13.5 ], [ 14.6, -13.4 ], [ 14.7, -13.4 ], [ 14.8, -13.3 ], [ 14.8, -13.2 ], [ 14.8, -13.1 ], [ 14.8, -13.0 ], [ 14.9, -13.0 ], [ 14.8, -12.9 ], [ 14.9, -12.9 ], [ 15.0, -12.9 ], [ 15.1, -12.9 ], [ 15.2, -12.9 ], [ 15.2, -13.0 ], [ 15.3, -13.1 ], [ 15.3, -13.0 ], [ 15.4, -13.0 ], [ 15.4, -12.9 ], [ 15.3, -12.9 ], [ 15.3, -12.8 ], [ 15.2, -12.8 ], [ 15.1, -12.8 ], [ 15.1, -12.7 ], [ 15.1, -12.6 ], [ 15.1, -12.5 ], [ 15.0, -12.6 ], [ 14.9, -12.7 ], [ 14.9, -12.8 ], [ 14.8, -12.8 ], [ 14.7, -12.8 ], [ 14.8, -12.7 ], [ 14.7, -12.7 ], [ 14.6, -12.7 ], [ 14.5, -12.7 ], [ 14.6, -12.6 ], [ 14.6, -12.5 ], [ 14.7, -12.4 ], [ 14.8, -12.4 ], [ 14.8, -12.5 ], [ 14.9, -12.5 ], [ 15.0, -12.5 ], [ 15.0, -12.4 ], [ 14.9, -12.4 ], [ 14.9, -12.3 ], [ 14.8, -12.3 ], [ 14.7, -12.3 ], [ 14.7, -12.2 ], [ 14.8, -12.2 ], [ 14.8, -12.1 ], [ 14.8, -12.0 ], [ 14.7, -12.0 ], [ 14.7, -11.9 ], [ 14.6, -11.8 ], [ 14.7, -11.8 ], [ 14.8, -11.8 ], [ 14.8, -11.7 ], [ 14.7, -11.7 ], [ 14.8, -11.6 ], [ 14.9, -11.7 ], [ 14.9, -11.6 ], [ 15.0, -11.7 ], [ 15.0, -11.8 ], [ 15.1, -11.8 ], [ 15.1, -11.7 ], [ 15.2, -11.8 ], [ 15.2, -11.9 ], [ 15.1, -12.0 ], [ 15.2, -12.0 ], [ 15.2, -12.1 ], [ 15.2, -12.2 ], [ 15.3, -12.2 ], [ 15.4, -12.2 ], [ 15.4, -12.1 ], [ 15.5, -12.2 ], [ 15.5, -12.3 ], [ 15.6, -12.3 ], [ 15.5, -12.4 ], [ 15.5, -12.5 ], [ 15.6, -12.4 ], [ 15.6, -12.5 ], [ 15.6, -12.6 ], [ 15.7, -12.7 ], [ 15.7, -12.8 ], [ 15.7, -12.9 ], [ 15.7, -13.0 ], [ 15.8, -13.0 ], [ 15.8, -13.1 ], [ 15.7, -13.1 ], [ 15.6, -13.1 ], [ 15.5, -13.1 ], [ 15.5, -13.2 ], [ 15.4, -13.3 ], [ 15.3, -13.3 ], [ 15.2, -13.3 ], [ 15.1, -13.3 ], [ 15.0, -13.3 ], [ 14.9, -13.2 ], [ 14.9, -13.3 ], [ 14.8, -13.4 ], [ 14.8, -13.5 ], [ 14.7, -13.6 ], [ 14.6, -13.7 ], [ 14.6, -13.8 ], [ 14.5, -13.8 ], [ 14.5, -13.9 ], [ 14.4, -13.9 ], [ 14.4, -14.0 ], [ 14.3, -14.1 ], [ 14.3, -14.0 ], [ 14.2, -13.9 ] ], [ [ 15.0, -13.2 ], [ 15.0, -13.1 ], [ 14.9, -13.1 ], [ 14.9, -13.2 ], [ 15.0, -13.2 ] ] ], [ [ [ 16.0, -12.7 ], [ 16.0, -12.6 ], [ 16.1, -12.6 ], [ 16.1, -12.7 ], [ 16.2, -12.7 ], [ 16.2, -12.8 ], [ 16.1, -12.8 ], [ 16.0, -12.8 ], [ 16.0, -12.7 ] ] ], [ [ [ 16.2, -12.6 ], [ 16.1, -12.6 ], [ 16.1, -12.5 ], [ 16.2, -12.5 ], [ 16.2, -12.6 ] ] ], [ [ [ 14.7, -11.4 ], [ 14.6, -11.3 ], [ 14.6, -11.2 ], [ 14.7, -11.2 ], [ 14.7, -11.3 ], [ 14.8, -11.3 ], [ 14.8, -11.2 ], [ 14.9, -11.2 ], [ 14.9, -11.3 ], [ 14.8, -11.4 ], [ 14.7, -11.5 ], [ 14.7, -11.4 ] ] ], [ [ [ 15.2, -10.9 ], [ 15.2, -10.8 ], [ 15.3, -10.8 ], [ 15.3, -10.7 ], [ 15.3, -10.6 ], [ 15.4, -10.7 ], [ 15.4, -10.8 ], [ 15.5, -10.9 ], [ 15.6, -10.9 ], [ 15.5, -11.0 ], [ 15.5, -11.1 ], [ 15.4, -11.1 ], [ 15.4, -11.2 ], [ 15.3, -11.2 ], [ 15.3, -11.1 ], [ 15.2, -11.1 ], [ 15.2, -11.0 ], [ 15.3, -11.0 ], [ 15.3, -10.9 ], [ 15.2, -10.9 ] ] ], [ [ [ 31.6, -8.1 ], [ 31.6, -8.2 ], [ 31.7, -8.2 ], [ 31.7, -8.3 ], [ 31.6, -8.3 ], [ 31.5, -8.3 ], [ 31.5, -8.2 ], [ 31.5, -8.1 ], [ 31.5, -8.0 ], [ 31.6, -8.0 ], [ 31.6, -8.1 ] ] ], [ [ [ 31.5, -7.9 ], [ 31.5, -8.0 ], [ 31.4, -8.0 ], [ 31.4, -7.9 ], [ 31.4, -7.8 ], [ 31.5, -7.8 ], [ 31.5, -7.9 ] ] ], [ [ [ 31.1, -7.8 ], [ 31.1, -7.7 ], [ 31.1, -7.6 ], [ 31.1, -7.5 ], [ 31.2, -7.5 ], [ 31.2, -7.6 ], [ 31.3, -7.6 ], [ 31.3, -7.7 ], [ 31.3, -7.8 ], [ 31.3, -7.9 ], [ 31.2, -7.9 ], [ 31.2, -7.8 ], [ 31.1, -7.8 ] ] ], [ [ [ 29.4, -1.6 ], [ 29.4, -1.5 ], [ 29.5, -1.5 ], [ 29.5, -1.6 ], [ 29.4, -1.6 ] ] ], [ [ [ 29.9, 0.3 ], [ 29.9, 0.2 ], [ 29.8, 0.2 ], [ 29.8, 0.3 ], [ 29.9, 0.3 ] ] ], [ [ [ 29.9, 0.4 ], [ 30.0, 0.5 ], [ 30.0, 0.4 ], [ 29.9, 0.4 ] ] ], [ [ [ 8.8, 9.1 ], [ 8.7, 9.2 ], [ 8.7, 9.4 ], [ 8.6, 9.5 ], [ 8.5, 9.5 ], [ 8.4, 9.6 ], [ 8.5, 9.7 ], [ 8.6, 9.8 ], [ 8.6, 9.9 ], [ 8.6, 10.0 ], [ 8.6, 10.1 ], [ 8.7, 10.1 ], [ 8.8, 10.2 ], [ 8.8, 10.3 ], [ 8.9, 10.4 ], [ 8.9, 10.5 ], [ 9.0, 10.6 ], [ 9.1, 10.6 ], [ 9.1, 10.5 ], [ 9.1, 10.4 ], [ 9.0, 10.3 ], [ 8.9, 10.2 ], [ 8.9, 10.1 ], [ 8.9, 10.0 ], [ 9.0, 10.0 ], [ 9.0, 10.1 ], [ 9.1, 10.1 ], [ 9.1, 10.2 ], [ 9.2, 10.2 ], [ 9.2, 10.3 ], [ 9.2, 10.4 ], [ 9.3, 10.3 ], [ 9.4, 10.3 ], [ 9.5, 10.3 ], [ 9.6, 10.4 ], [ 9.7, 10.3 ], [ 9.6, 10.2 ], [ 9.6, 10.1 ], [ 9.6, 10.0 ], [ 9.6, 9.9 ], [ 9.5, 9.9 ], [ 9.5, 9.8 ], [ 9.6, 9.5 ], [ 9.6, 9.3 ], [ 9.5, 9.3 ], [ 9.4, 9.3 ], [ 9.3, 9.2 ], [ 9.1, 9.1 ], [ 9.0, 9.1 ], [ 8.9, 9.1 ], [ 8.8, 9.1 ] ] ], [ [ [ 32.8, -19.3 ], [ 32.8, -19.4 ], [ 32.8, -19.5 ], [ 32.9, -19.5 ], [ 32.9, -19.6 ], [ 32.9, -19.7 ], [ 33.0, -19.7 ], [ 33.0, -19.8 ], [ 32.9, -19.8 ], [ 32.9, -19.9 ], [ 32.9, -20.0 ], [ 32.8, -20.0 ], [ 32.8, -20.1 ], [ 32.7, -20.1 ], [ 32.6, -20.1 ], [ 32.5, -20.0 ], [ 32.5, -19.9 ], [ 32.5, -19.8 ], [ 32.6, -19.8 ], [ 32.5, -19.7 ], [ 32.6, -19.7 ], [ 32.5, -19.5 ], [ 32.5, -19.3 ], [ 32.6, -19.3 ], [ 32.6, -19.2 ], [ 32.6, -19.1 ], [ 32.7, -19.1 ], [ 32.8, -19.1 ], [ 32.8, -19.2 ], [ 32.8, -19.3 ] ] ], [ [ [ 32.6, -17.9 ], [ 32.6, -17.8 ], [ 32.7, -17.8 ], [ 32.7, -17.9 ], [ 32.7, -18.0 ], [ 32.7, -18.1 ], [ 32.8, -18.3 ], [ 32.7, -18.3 ], [ 32.7, -18.4 ], [ 32.7, -18.5 ], [ 32.8, -18.5 ], [ 32.8, -18.6 ], [ 32.7, -18.6 ], [ 32.8, -18.7 ], [ 32.7, -18.7 ], [ 32.7, -18.8 ], [ 32.6, -18.9 ], [ 32.6, -19.0 ], [ 32.5, -19.0 ], [ 32.5, -18.9 ], [ 32.5, -18.8 ], [ 32.4, -18.7 ], [ 32.5, -18.7 ], [ 32.5, -18.6 ], [ 32.5, -18.5 ], [ 32.5, -18.4 ], [ 32.5, -18.3 ], [ 32.5, -18.2 ], [ 32.5, -18.1 ], [ 32.5, -18.0 ], [ 32.6, -18.0 ], [ 32.6, -17.9 ] ] ], [ [ [ 33.9, -18.3 ], [ 34.0, -18.3 ], [ 34.0, -18.4 ], [ 33.9, -18.4 ], [ 33.9, -18.3 ] ] ], [ [ [ 33.0, -18.0 ], [ 33.0, -18.1 ], [ 33.0, -18.2 ], [ 32.9, -18.2 ], [ 32.9, -18.1 ], [ 32.9, -18.0 ], [ 32.8, -18.0 ], [ 32.8, -17.9 ], [ 32.8, -17.8 ], [ 32.9, -17.8 ], [ 33.0, -17.8 ], [ 33.0, -17.9 ], [ 33.0, -18.0 ] ] ], [ [ [ 35.8, -15.9 ], [ 35.8, -16.0 ], [ 35.8, -16.1 ], [ 35.7, -16.1 ], [ 35.7, -16.0 ], [ 35.6, -16.0 ], [ 35.5, -16.0 ], [ 35.5, -15.9 ], [ 35.6, -15.9 ], [ 35.6, -15.8 ], [ 35.7, -15.8 ], [ 35.7, -15.9 ], [ 35.8, -15.9 ] ] ], [ [ [ 34.4, -15.0 ], [ 34.5, -14.9 ], [ 34.6, -14.9 ], [ 34.6, -15.0 ], [ 34.6, -15.1 ], [ 34.6, -15.2 ], [ 34.6, -15.3 ], [ 34.5, -15.3 ], [ 34.5, -15.2 ], [ 34.4, -15.1 ], [ 34.4, -15.0 ] ] ], [ [ [ 34.4, -14.4 ], [ 34.4, -14.5 ], [ 34.5, -14.5 ], [ 34.5, -14.6 ], [ 34.5, -14.7 ], [ 34.5, -14.8 ], [ 34.4, -14.8 ], [ 34.4, -14.7 ], [ 34.4, -14.6 ], [ 34.3, -14.6 ], [ 34.3, -14.5 ], [ 34.2, -14.4 ], [ 34.3, -14.4 ], [ 34.4, -14.4 ] ] ], [ [ [ 34.0, -11.7 ], [ 33.9, -11.7 ], [ 33.9, -11.8 ], [ 33.9, -11.9 ], [ 33.9, -12.0 ], [ 33.8, -12.0 ], [ 33.8, -11.9 ], [ 33.8, -11.8 ], [ 33.8, -11.7 ], [ 33.7, -11.7 ], [ 33.7, -11.6 ], [ 33.8, -11.6 ], [ 33.9, -11.6 ], [ 33.9, -11.5 ], [ 34.0, -11.5 ], [ 34.0, -11.6 ], [ 34.0, -11.7 ] ] ], [ [ [ 34.8, -11.0 ], [ 34.8, -10.9 ], [ 34.8, -10.8 ], [ 34.9, -10.8 ], [ 34.9, -10.9 ], [ 35.0, -10.9 ], [ 35.0, -11.0 ], [ 35.0, -11.1 ], [ 35.0, -11.2 ], [ 35.0, -11.3 ], [ 34.9, -11.3 ], [ 34.9, -11.2 ], [ 34.9, -11.1 ], [ 34.8, -11.1 ], [ 34.8, -11.0 ] ] ], [ [ [ 34.1, -11.2 ], [ 34.0, -11.2 ], [ 34.0, -11.1 ], [ 34.1, -11.1 ], [ 34.1, -11.0 ], [ 34.1, -10.9 ], [ 34.1, -10.8 ], [ 34.2, -10.8 ], [ 34.2, -10.9 ], [ 34.2, -11.0 ], [ 34.2, -11.1 ], [ 34.2, -11.2 ], [ 34.1, -11.2 ] ] ], [ [ [ 34.2, -10.7 ], [ 34.1, -10.7 ], [ 34.1, -10.6 ], [ 34.2, -10.6 ], [ 34.2, -10.7 ] ] ], [ [ [ 33.9, -10.4 ], [ 33.9, -10.5 ], [ 33.9, -10.6 ], [ 34.0, -10.6 ], [ 34.0, -10.7 ], [ 34.1, -10.7 ], [ 34.1, -10.8 ], [ 34.0, -10.8 ], [ 33.9, -10.8 ], [ 33.9, -10.7 ], [ 33.8, -10.7 ], [ 33.8, -10.6 ], [ 33.7, -10.6 ], [ 33.7, -10.5 ], [ 33.8, -10.5 ], [ 33.8, -10.4 ], [ 33.9, -10.4 ] ] ], [ [ [ 33.4, -10.1 ], [ 33.4, -10.0 ], [ 33.5, -10.0 ], [ 33.5, -10.1 ], [ 33.5, -10.2 ], [ 33.4, -10.2 ], [ 33.4, -10.1 ] ] ], [ [ [ 34.6, -10.1 ], [ 34.6, -10.0 ], [ 34.7, -10.0 ], [ 34.7, -10.1 ], [ 34.6, -10.1 ] ] ], [ [ [ 33.3, -9.9 ], [ 33.4, -9.9 ], [ 33.4, -10.0 ], [ 33.3, -10.0 ], [ 33.3, -9.9 ] ] ], [ [ [ 34.4, -9.2 ], [ 34.5, -9.2 ], [ 34.6, -9.2 ], [ 34.6, -9.3 ], [ 34.7, -9.3 ], [ 34.7, -9.2 ], [ 34.7, -9.1 ], [ 34.8, -9.1 ], [ 34.8, -9.0 ], [ 34.9, -9.0 ], [ 35.0, -9.0 ], [ 35.1, -9.0 ], [ 35.1, -9.1 ], [ 35.2, -9.1 ], [ 35.3, -9.1 ], [ 35.3, -9.2 ], [ 35.3, -9.3 ], [ 35.3, -9.4 ], [ 35.3, -9.5 ], [ 35.2, -9.5 ], [ 35.2, -9.6 ], [ 35.3, -9.6 ], [ 35.3, -9.7 ], [ 35.3, -9.8 ], [ 35.3, -9.9 ], [ 35.2, -9.9 ], [ 35.2, -9.8 ], [ 35.2, -9.7 ], [ 35.1, -9.7 ], [ 35.1, -9.8 ], [ 35.1, -9.9 ], [ 35.0, -9.9 ], [ 35.0, -9.8 ], [ 34.9, -9.8 ], [ 34.8, -9.8 ], [ 34.7, -9.8 ], [ 34.7, -9.9 ], [ 34.6, -9.9 ], [ 34.6, -10.0 ], [ 34.5, -10.0 ], [ 34.5, -9.9 ], [ 34.4, -9.9 ], [ 34.4, -9.8 ], [ 34.4, -9.7 ], [ 34.3, -9.7 ], [ 34.3, -9.6 ], [ 34.2, -9.6 ], [ 34.2, -9.5 ], [ 34.1, -9.5 ], [ 34.1, -9.4 ], [ 34.0, -9.4 ], [ 34.0, -9.3 ], [ 33.9, -9.3 ], [ 33.9, -9.2 ], [ 33.8, -9.2 ], [ 33.7, -9.2 ], [ 33.6, -9.2 ], [ 33.6, -9.1 ], [ 33.7, -9.1 ], [ 33.7, -9.0 ], [ 33.7, -8.9 ], [ 33.8, -8.9 ], [ 33.9, -8.9 ], [ 34.0, -8.9 ], [ 34.0, -9.0 ], [ 34.1, -9.0 ], [ 34.1, -9.1 ], [ 34.2, -9.1 ], [ 34.3, -9.1 ], [ 34.3, -9.0 ], [ 34.4, -9.0 ], [ 34.4, -9.1 ], [ 34.4, -9.2 ] ] ], [ [ [ 33.2, -9.0 ], [ 33.3, -9.0 ], [ 33.4, -9.0 ], [ 33.4, -9.1 ], [ 33.5, -9.1 ], [ 33.5, -9.2 ], [ 33.5, -9.3 ], [ 33.5, -9.4 ], [ 33.6, -9.4 ], [ 33.6, -9.5 ], [ 33.5, -9.5 ], [ 33.5, -9.6 ], [ 33.6, -9.6 ], [ 33.6, -9.7 ], [ 33.5, -9.7 ], [ 33.4, -9.7 ], [ 33.4, -9.6 ], [ 33.4, -9.5 ], [ 33.3, -9.5 ], [ 33.3, -9.4 ], [ 33.3, -9.3 ], [ 33.3, -9.2 ], [ 33.2, -9.2 ], [ 33.1, -9.2 ], [ 33.1, -9.1 ], [ 33.2, -9.1 ], [ 33.2, -9.0 ] ] ], [ [ [ 33.6, -9.0 ], [ 33.5, -9.0 ], [ 33.5, -8.9 ], [ 33.6, -8.9 ], [ 33.6, -9.0 ] ] ], [ [ [ 33.5, -8.8 ], [ 33.5, -8.7 ], [ 33.6, -8.7 ], [ 33.6, -8.8 ], [ 33.5, -8.8 ] ] ], [ [ [ 31.8, -8.0 ], [ 31.9, -8.0 ], [ 31.9, -8.1 ], [ 31.9, -8.2 ], [ 31.8, -8.2 ], [ 31.8, -8.1 ], [ 31.7, -8.1 ], [ 31.7, -8.0 ], [ 31.7, -7.9 ], [ 31.8, -7.9 ], [ 31.8, -8.0 ] ] ], [ [ [ 31.7, -7.8 ], [ 31.7, -7.9 ], [ 31.6, -7.9 ], [ 31.6, -7.8 ], [ 31.7, -7.8 ] ] ], [ [ [ 36.6, -0.4 ], [ 36.6, -0.3 ], [ 36.7, -0.3 ], [ 36.7, -0.4 ], [ 36.7, -0.5 ], [ 36.6, -0.5 ], [ 36.6, -0.4 ] ] ], [ [ [ 34.5, 1.1 ], [ 34.4, 1.1 ], [ 34.4, 1.2 ], [ 34.5, 1.2 ], [ 34.5, 1.3 ], [ 34.6, 1.3 ], [ 34.6, 1.2 ], [ 34.7, 1.2 ], [ 34.7, 1.1 ], [ 34.7, 1.0 ], [ 34.6, 1.0 ], [ 34.5, 1.0 ], [ 34.5, 1.1 ] ] ], [ [ [ 35.5, 1.3 ], [ 35.6, 1.3 ], [ 35.6, 1.2 ], [ 35.6, 1.1 ], [ 35.5, 1.1 ], [ 35.5, 1.2 ], [ 35.4, 1.2 ], [ 35.4, 1.3 ], [ 35.5, 1.3 ] ] ], [ [ [ 36.7, 6.2 ], [ 36.7, 6.3 ], [ 36.6, 6.3 ], [ 36.6, 6.4 ], [ 36.7, 6.4 ], [ 36.8, 6.4 ], [ 36.9, 6.4 ], [ 36.9, 6.3 ], [ 36.8, 6.3 ], [ 36.8, 6.2 ], [ 36.8, 6.1 ], [ 36.8, 6.0 ], [ 36.7, 6.0 ], [ 36.7, 5.9 ], [ 36.7, 5.8 ], [ 36.6, 5.8 ], [ 36.6, 5.9 ], [ 36.6, 6.0 ], [ 36.6, 6.1 ], [ 36.6, 6.2 ], [ 36.7, 6.2 ] ] ], [ [ [ 35.6, 6.0 ], [ 35.5, 6.0 ], [ 35.5, 6.1 ], [ 35.5, 6.2 ], [ 35.6, 6.2 ], [ 35.6, 6.1 ], [ 35.6, 6.0 ] ] ], [ [ [ 35.8, 6.1 ], [ 35.7, 6.1 ], [ 35.7, 6.2 ], [ 35.8, 6.2 ], [ 35.8, 6.1 ] ] ], [ [ [ 35.6, 6.5 ], [ 35.5, 6.5 ], [ 35.5, 6.6 ], [ 35.6, 6.6 ], [ 35.6, 6.5 ] ] ], [ [ [ 36.5, 7.2 ], [ 36.6, 7.2 ], [ 36.6, 7.1 ], [ 36.5, 7.1 ], [ 36.5, 7.2 ] ] ], [ [ [ 36.1, 10.6 ], [ 36.1, 10.5 ], [ 36.0, 10.5 ], [ 36.0, 10.6 ], [ 36.1, 10.6 ] ] ], [ [ [ 36.4, 11.1 ], [ 36.5, 11.1 ], [ 36.5, 11.0 ], [ 36.4, 11.0 ], [ 36.4, 11.1 ] ] ], [ [ [ 36.0, 11.3 ], [ 35.9, 11.3 ], [ 35.9, 11.4 ], [ 36.0, 11.4 ], [ 36.0, 11.3 ] ] ], [ [ [ 36.1, 11.4 ], [ 36.1, 11.5 ], [ 36.2, 11.5 ], [ 36.3, 11.5 ], [ 36.3, 11.4 ], [ 36.2, 11.4 ], [ 36.1, 11.4 ] ] ], [ [ [ 36.7, -3.3 ], [ 36.7, -3.2 ], [ 36.8, -3.2 ], [ 36.8, -3.3 ], [ 36.7, -3.3 ] ] ], [ [ [ 37.2, -3.1 ], [ 37.2, -3.0 ], [ 37.2, -2.9 ], [ 37.3, -2.9 ], [ 37.3, -3.0 ], [ 37.4, -3.0 ], [ 37.5, -3.0 ], [ 37.5, -3.1 ], [ 37.5, -3.2 ], [ 37.4, -3.2 ], [ 37.4, -3.1 ], [ 37.3, -3.1 ], [ 37.2, -3.1 ] ] ], [ [ [ 37.3, -0.2 ], [ 37.2, -0.2 ], [ 37.2, -0.1 ], [ 37.2, 0.0 ], [ 37.3, 0.0 ], [ 37.4, 0.0 ], [ 37.5, 0.0 ], [ 37.6, 0.0 ], [ 37.6, -0.1 ], [ 37.5, -0.1 ], [ 37.5, -0.2 ], [ 37.4, -0.2 ], [ 37.3, -0.2 ] ] ], [ [ [ 37.9, 5.5 ], [ 38.0, 5.5 ], [ 38.0, 5.4 ], [ 38.0, 5.3 ], [ 37.9, 5.3 ], [ 37.9, 5.4 ], [ 37.9, 5.5 ] ] ], [ [ [ 37.3, 5.6 ], [ 37.3, 5.7 ], [ 37.4, 5.7 ], [ 37.4, 5.6 ], [ 37.4, 5.5 ], [ 37.3, 5.5 ], [ 37.2, 5.5 ], [ 37.2, 5.6 ], [ 37.3, 5.6 ] ] ], [ [ [ 37.9, 5.6 ], [ 37.9, 5.5 ], [ 37.8, 5.5 ], [ 37.8, 5.6 ], [ 37.8, 5.7 ], [ 37.8, 5.8 ], [ 37.8, 5.9 ], [ 37.9, 5.9 ], [ 37.9, 5.8 ], [ 37.9, 5.7 ], [ 37.9, 5.6 ] ] ], [ [ [ 36.8, 5.7 ], [ 36.7, 5.7 ], [ 36.7, 5.8 ], [ 36.8, 5.8 ], [ 36.8, 5.7 ] ] ], [ [ [ 36.9, 5.9 ], [ 36.9, 5.8 ], [ 36.8, 5.8 ], [ 36.8, 5.9 ], [ 36.9, 5.9 ] ] ], [ [ [ 37.3, 5.8 ], [ 37.2, 5.8 ], [ 37.2, 5.9 ], [ 37.1, 5.9 ], [ 37.1, 6.0 ], [ 37.2, 6.0 ], [ 37.2, 6.1 ], [ 37.2, 6.2 ], [ 37.3, 6.2 ], [ 37.3, 6.3 ], [ 37.4, 6.3 ], [ 37.4, 6.4 ], [ 37.5, 6.4 ], [ 37.6, 6.4 ], [ 37.6, 6.5 ], [ 37.6, 6.6 ], [ 37.7, 6.6 ], [ 37.7, 6.5 ], [ 37.7, 6.4 ], [ 37.7, 6.3 ], [ 37.7, 6.2 ], [ 37.6, 6.2 ], [ 37.5, 6.2 ], [ 37.5, 6.1 ], [ 37.5, 6.0 ], [ 37.4, 6.0 ], [ 37.4, 5.9 ], [ 37.3, 5.9 ], [ 37.3, 5.8 ] ] ], [ [ [ 36.9, 6.3 ], [ 37.0, 6.3 ], [ 37.0, 6.2 ], [ 36.9, 6.2 ], [ 36.9, 6.3 ] ] ], [ [ [ 37.5, 6.5 ], [ 37.4, 6.5 ], [ 37.4, 6.6 ], [ 37.5, 6.6 ], [ 37.5, 6.5 ] ] ], [ [ [ 37.3, 6.8 ], [ 37.4, 6.8 ], [ 37.5, 6.8 ], [ 37.5, 6.7 ], [ 37.4, 6.7 ], [ 37.3, 6.7 ], [ 37.3, 6.8 ] ] ], [ [ [ 37.2, 6.8 ], [ 37.1, 6.8 ], [ 37.1, 6.9 ], [ 37.2, 6.9 ], [ 37.2, 6.8 ] ] ], [ [ [ 37.3, 7.0 ], [ 37.3, 6.9 ], [ 37.2, 6.9 ], [ 37.2, 7.0 ], [ 37.3, 7.0 ] ] ], [ [ [ 37.1, 7.1 ], [ 37.2, 7.1 ], [ 37.2, 7.0 ], [ 37.1, 7.0 ], [ 37.0, 7.0 ], [ 37.0, 7.1 ], [ 36.9, 7.1 ], [ 36.9, 7.2 ], [ 37.0, 7.2 ], [ 37.1, 7.2 ], [ 37.1, 7.1 ] ] ], [ [ [ 37.4, 7.1 ], [ 37.3, 7.1 ], [ 37.2, 7.1 ], [ 37.2, 7.2 ], [ 37.2, 7.3 ], [ 37.3, 7.3 ], [ 37.3, 7.2 ], [ 37.4, 7.2 ], [ 37.4, 7.1 ] ] ], [ [ [ 36.7, 7.2 ], [ 36.6, 7.2 ], [ 36.6, 7.3 ], [ 36.7, 7.3 ], [ 36.7, 7.2 ] ] ], [ [ [ 36.9, 7.4 ], [ 36.9, 7.3 ], [ 36.8, 7.3 ], [ 36.8, 7.4 ], [ 36.9, 7.4 ] ] ], [ [ [ 36.9, 7.6 ], [ 36.9, 7.5 ], [ 36.8, 7.5 ], [ 36.8, 7.6 ], [ 36.9, 7.6 ] ] ], [ [ [ 37.1, 7.3 ], [ 37.0, 7.3 ], [ 37.0, 7.4 ], [ 36.9, 7.4 ], [ 36.9, 7.5 ], [ 37.0, 7.5 ], [ 37.1, 7.5 ], [ 37.1, 7.6 ], [ 37.2, 7.6 ], [ 37.3, 7.6 ], [ 37.3, 7.7 ], [ 37.3, 7.8 ], [ 37.4, 7.8 ], [ 37.4, 7.7 ], [ 37.4, 7.6 ], [ 37.4, 7.5 ], [ 37.3, 7.5 ], [ 37.3, 7.4 ], [ 37.2, 7.4 ], [ 37.1, 7.4 ], [ 37.1, 7.3 ] ] ], [ [ [ 37.3, 8.3 ], [ 37.3, 8.2 ], [ 37.3, 8.1 ], [ 37.4, 8.1 ], [ 37.5, 8.1 ], [ 37.6, 8.1 ], [ 37.6, 8.0 ], [ 37.6, 7.9 ], [ 37.6, 7.8 ], [ 37.5, 7.8 ], [ 37.4, 7.8 ], [ 37.4, 7.9 ], [ 37.3, 7.9 ], [ 37.2, 7.9 ], [ 37.2, 7.8 ], [ 37.2, 7.7 ], [ 37.1, 7.7 ], [ 37.1, 7.8 ], [ 37.1, 7.9 ], [ 37.0, 7.9 ], [ 37.0, 8.0 ], [ 37.1, 8.0 ], [ 37.1, 8.1 ], [ 37.2, 8.1 ], [ 37.2, 8.2 ], [ 37.2, 8.3 ], [ 37.2, 8.4 ], [ 37.2, 8.5 ], [ 37.2, 8.6 ], [ 37.3, 8.6 ], [ 37.3, 8.5 ], [ 37.3, 8.4 ], [ 37.3, 8.3 ] ] ], [ [ [ 37.0, 8.8 ], [ 36.9, 8.8 ], [ 36.9, 8.9 ], [ 36.9, 9.0 ], [ 37.0, 9.0 ], [ 37.0, 8.9 ], [ 37.1, 8.9 ], [ 37.1, 8.8 ], [ 37.1, 8.7 ], [ 37.1, 8.6 ], [ 37.1, 8.5 ], [ 37.0, 8.5 ], [ 37.0, 8.6 ], [ 37.0, 8.7 ], [ 37.0, 8.8 ] ] ], [ [ [ 36.9, 9.6 ], [ 36.9, 9.7 ], [ 37.0, 9.7 ], [ 37.0, 9.6 ], [ 36.9, 9.6 ] ] ], [ [ [ 37.2, 13.4 ], [ 37.3, 13.4 ], [ 37.3, 13.5 ], [ 37.4, 13.5 ], [ 37.4, 13.6 ], [ 37.5, 13.6 ], [ 37.5, 13.5 ], [ 37.5, 13.4 ], [ 37.5, 13.3 ], [ 37.5, 13.2 ], [ 37.4, 13.2 ], [ 37.4, 13.3 ], [ 37.3, 13.3 ], [ 37.2, 13.3 ], [ 37.2, 13.4 ] ] ], [ [ [ 37.3, 13.6 ], [ 37.3, 13.7 ], [ 37.4, 13.7 ], [ 37.4, 13.6 ], [ 37.3, 13.6 ] ] ], [ [ [ 37.3, 13.8 ], [ 37.3, 13.7 ], [ 37.2, 13.7 ], [ 37.2, 13.8 ], [ 37.3, 13.8 ] ] ], [ [ [ 37.0, 18.6 ], [ 37.0, 18.7 ], [ 37.0, 18.8 ], [ 36.9, 18.8 ], [ 36.9, 18.9 ], [ 37.0, 18.9 ], [ 37.0, 19.0 ], [ 37.1, 18.9 ], [ 37.2, 18.9 ], [ 37.2, 18.8 ], [ 37.2, 18.7 ], [ 37.2, 18.6 ], [ 37.1, 18.5 ], [ 37.0, 18.6 ] ] ], [ [ [ 38.0, 4.2 ], [ 38.0, 4.3 ], [ 38.1, 4.3 ], [ 38.1, 4.2 ], [ 38.0, 4.2 ] ] ], [ [ [ 38.1, 4.9 ], [ 38.0, 4.9 ], [ 38.0, 5.0 ], [ 38.1, 5.0 ], [ 38.1, 4.9 ] ] ], [ [ [ 38.1, 5.4 ], [ 38.1, 5.5 ], [ 38.0, 5.5 ], [ 38.0, 5.6 ], [ 38.1, 5.6 ], [ 38.1, 5.7 ], [ 38.2, 5.7 ], [ 38.2, 5.6 ], [ 38.2, 5.5 ], [ 38.2, 5.4 ], [ 38.1, 5.4 ] ] ], [ [ [ 38.9, 10.1 ], [ 39.0, 10.1 ], [ 39.1, 10.1 ], [ 39.1, 10.0 ], [ 39.0, 10.0 ], [ 38.9, 10.0 ], [ 38.9, 10.1 ] ] ], [ [ [ 38.5, 10.2 ], [ 38.6, 10.2 ], [ 38.6, 10.1 ], [ 38.5, 10.1 ], [ 38.5, 10.2 ] ] ], [ [ [ 38.7, 10.2 ], [ 38.6, 10.2 ], [ 38.6, 10.3 ], [ 38.7, 10.3 ], [ 38.8, 10.3 ], [ 38.8, 10.2 ], [ 38.8, 10.1 ], [ 38.7, 10.1 ], [ 38.7, 10.2 ] ] ], [ [ [ 38.5, 10.7 ], [ 38.6, 10.7 ], [ 38.7, 10.7 ], [ 38.7, 10.6 ], [ 38.8, 10.6 ], [ 38.8, 10.5 ], [ 38.7, 10.5 ], [ 38.7, 10.4 ], [ 38.6, 10.4 ], [ 38.6, 10.5 ], [ 38.6, 10.6 ], [ 38.5, 10.6 ], [ 38.5, 10.7 ] ] ], [ [ [ 38.4, 10.8 ], [ 38.5, 10.8 ], [ 38.5, 10.7 ], [ 38.4, 10.7 ], [ 38.4, 10.8 ] ] ], [ [ [ 38.6, 11.1 ], [ 38.6, 11.0 ], [ 38.5, 11.0 ], [ 38.5, 11.1 ], [ 38.6, 11.1 ] ] ], [ [ [ 38.4, 11.2 ], [ 38.5, 11.2 ], [ 38.5, 11.1 ], [ 38.4, 11.1 ], [ 38.4, 11.2 ] ] ], [ [ [ 38.6, 11.2 ], [ 38.5, 11.2 ], [ 38.5, 11.3 ], [ 38.6, 11.3 ], [ 38.6, 11.2 ] ] ], [ [ [ 37.6, 7.2 ], [ 37.5, 7.2 ], [ 37.5, 7.3 ], [ 37.5, 7.4 ], [ 37.6, 7.4 ], [ 37.6, 7.5 ], [ 37.6, 7.6 ], [ 37.7, 7.6 ], [ 37.7, 7.7 ], [ 37.6, 7.7 ], [ 37.6, 7.8 ], [ 37.7, 7.8 ], [ 37.7, 7.9 ], [ 37.7, 8.0 ], [ 37.7, 8.1 ], [ 37.7, 8.2 ], [ 37.8, 8.2 ], [ 37.8, 8.3 ], [ 37.8, 8.4 ], [ 37.8, 8.5 ], [ 37.7, 8.5 ], [ 37.6, 8.5 ], [ 37.5, 8.5 ], [ 37.4, 8.5 ], [ 37.4, 8.6 ], [ 37.3, 8.6 ], [ 37.3, 8.7 ], [ 37.3, 8.8 ], [ 37.4, 8.8 ], [ 37.4, 8.9 ], [ 37.4, 9.0 ], [ 37.3, 9.0 ], [ 37.2, 9.0 ], [ 37.2, 9.1 ], [ 37.1, 9.1 ], [ 37.1, 9.2 ], [ 37.0, 9.2 ], [ 37.0, 9.1 ], [ 36.9, 9.1 ], [ 36.9, 9.2 ], [ 36.8, 9.2 ], [ 36.8, 9.3 ], [ 36.9, 9.3 ], [ 36.9, 9.4 ], [ 37.0, 9.4 ], [ 37.0, 9.3 ], [ 37.1, 9.3 ], [ 37.1, 9.4 ], [ 37.1, 9.5 ], [ 37.1, 9.6 ], [ 37.2, 9.6 ], [ 37.2, 9.7 ], [ 37.1, 9.7 ], [ 37.1, 9.8 ], [ 37.0, 9.8 ], [ 37.0, 9.9 ], [ 37.0, 10.0 ], [ 36.9, 10.0 ], [ 36.9, 9.9 ], [ 36.8, 9.9 ], [ 36.8, 9.8 ], [ 36.7, 9.8 ], [ 36.7, 9.9 ], [ 36.7, 10.0 ], [ 36.6, 10.0 ], [ 36.6, 10.1 ], [ 36.6, 10.2 ], [ 36.7, 10.2 ], [ 36.7, 10.1 ], [ 36.8, 10.1 ], [ 36.9, 10.1 ], [ 36.9, 10.2 ], [ 37.0, 10.2 ], [ 37.0, 10.1 ], [ 37.1, 10.1 ], [ 37.1, 10.0 ], [ 37.2, 10.0 ], [ 37.2, 9.9 ], [ 37.2, 9.8 ], [ 37.3, 9.8 ], [ 37.3, 9.7 ], [ 37.4, 9.7 ], [ 37.4, 9.6 ], [ 37.5, 9.6 ], [ 37.5, 9.7 ], [ 37.5, 9.8 ], [ 37.6, 9.8 ], [ 37.6, 9.7 ], [ 37.6, 9.6 ], [ 37.6, 9.5 ], [ 37.5, 9.5 ], [ 37.5, 9.4 ], [ 37.5, 9.3 ], [ 37.5, 9.2 ], [ 37.6, 9.2 ], [ 37.7, 9.2 ], [ 37.7, 9.1 ], [ 37.8, 9.1 ], [ 37.8, 9.2 ], [ 37.8, 9.3 ], [ 37.8, 9.4 ], [ 37.8, 9.5 ], [ 37.7, 9.5 ], [ 37.7, 9.6 ], [ 37.7, 9.7 ], [ 37.8, 9.7 ], [ 37.8, 9.6 ], [ 37.9, 9.6 ], [ 37.9, 9.7 ], [ 37.9, 9.8 ], [ 38.0, 9.8 ], [ 38.0, 9.7 ], [ 38.1, 9.7 ], [ 38.1, 9.6 ], [ 38.1, 9.5 ], [ 38.2, 9.5 ], [ 38.2, 9.6 ], [ 38.2, 9.7 ], [ 38.2, 9.8 ], [ 38.2, 9.9 ], [ 38.1, 9.9 ], [ 38.1, 10.0 ], [ 38.2, 10.0 ], [ 38.2, 10.1 ], [ 38.1, 10.1 ], [ 38.0, 10.1 ], [ 37.9, 10.1 ], [ 37.9, 10.0 ], [ 37.8, 10.0 ], [ 37.7, 10.0 ], [ 37.7, 10.1 ], [ 37.7, 10.2 ], [ 37.6, 10.2 ], [ 37.5, 10.2 ], [ 37.5, 10.1 ], [ 37.4, 10.1 ], [ 37.4, 10.2 ], [ 37.3, 10.2 ], [ 37.3, 10.3 ], [ 37.2, 10.3 ], [ 37.2, 10.4 ], [ 37.2, 10.5 ], [ 37.3, 10.5 ], [ 37.3, 10.6 ], [ 37.4, 10.6 ], [ 37.4, 10.7 ], [ 37.3, 10.7 ], [ 37.2, 10.7 ], [ 37.2, 10.6 ], [ 37.1, 10.6 ], [ 37.1, 10.5 ], [ 37.1, 10.4 ], [ 37.0, 10.4 ], [ 37.0, 10.5 ], [ 36.9, 10.5 ], [ 36.8, 10.5 ], [ 36.8, 10.6 ], [ 36.7, 10.6 ], [ 36.6, 10.6 ], [ 36.6, 10.7 ], [ 36.5, 10.7 ], [ 36.5, 10.8 ], [ 36.5, 10.9 ], [ 36.6, 10.9 ], [ 36.6, 11.0 ], [ 36.6, 11.1 ], [ 36.6, 11.2 ], [ 36.6, 11.3 ], [ 36.7, 11.3 ], [ 36.7, 11.4 ], [ 36.8, 11.4 ], [ 36.8, 11.5 ], [ 36.7, 11.5 ], [ 36.7, 11.6 ], [ 36.8, 11.6 ], [ 36.9, 11.6 ], [ 36.9, 11.7 ], [ 37.0, 11.7 ], [ 37.0, 11.8 ], [ 37.1, 11.8 ], [ 37.2, 11.8 ], [ 37.3, 11.8 ], [ 37.3, 11.7 ], [ 37.3, 11.6 ], [ 37.4, 11.6 ], [ 37.4, 11.7 ], [ 37.5, 11.7 ], [ 37.5, 11.8 ], [ 37.6, 11.8 ], [ 37.7, 11.8 ], [ 37.7, 11.9 ], [ 37.7, 12.0 ], [ 37.6, 12.0 ], [ 37.6, 12.1 ], [ 37.6, 12.2 ], [ 37.5, 12.2 ], [ 37.5, 12.3 ], [ 37.4, 12.3 ], [ 37.4, 12.4 ], [ 37.3, 12.4 ], [ 37.3, 12.3 ], [ 37.3, 12.2 ], [ 37.2, 12.2 ], [ 37.2, 12.3 ], [ 37.1, 12.3 ], [ 37.1, 12.2 ], [ 37.0, 12.2 ], [ 37.0, 12.1 ], [ 37.0, 12.0 ], [ 37.0, 11.9 ], [ 36.9, 11.9 ], [ 36.8, 11.9 ], [ 36.7, 11.9 ], [ 36.7, 12.0 ], [ 36.7, 12.1 ], [ 36.8, 12.1 ], [ 36.9, 12.1 ], [ 36.9, 12.2 ], [ 36.9, 12.3 ], [ 37.0, 12.3 ], [ 37.0, 12.4 ], [ 36.9, 12.4 ], [ 36.9, 12.5 ], [ 37.0, 12.5 ], [ 37.0, 12.6 ], [ 37.1, 12.6 ], [ 37.1, 12.7 ], [ 37.2, 12.7 ], [ 37.3, 12.7 ], [ 37.4, 12.7 ], [ 37.4, 12.8 ], [ 37.5, 12.8 ], [ 37.6, 12.8 ], [ 37.6, 12.9 ], [ 37.6, 13.0 ], [ 37.7, 13.0 ], [ 37.7, 13.1 ], [ 37.7, 13.2 ], [ 37.8, 13.2 ], [ 37.9, 13.2 ], [ 37.9, 13.3 ], [ 38.0, 13.3 ], [ 38.0, 13.4 ], [ 38.1, 13.4 ], [ 38.1, 13.3 ], [ 38.2, 13.3 ], [ 38.2, 13.4 ], [ 38.2, 13.5 ], [ 38.3, 13.5 ], [ 38.3, 13.6 ], [ 38.4, 13.6 ], [ 38.5, 13.6 ], [ 38.5, 13.5 ], [ 38.5, 13.4 ], [ 38.6, 13.4 ], [ 38.6, 13.3 ], [ 38.6, 13.2 ], [ 38.6, 13.1 ], [ 38.5, 13.1 ], [ 38.5, 13.0 ], [ 38.4, 13.0 ], [ 38.4, 12.9 ], [ 38.3, 12.9 ], [ 38.3, 12.8 ], [ 38.2, 12.8 ], [ 38.2, 12.9 ], [ 38.1, 12.9 ], [ 38.0, 12.9 ], [ 37.9, 12.9 ], [ 37.9, 12.8 ], [ 37.9, 12.7 ], [ 37.9, 12.6 ], [ 37.9, 12.5 ], [ 37.9, 12.4 ], [ 38.0, 12.4 ], [ 38.0, 12.5 ], [ 38.1, 12.5 ], [ 38.1, 12.6 ], [ 38.2, 12.6 ], [ 38.2, 12.5 ], [ 38.2, 12.4 ], [ 38.1, 12.4 ], [ 38.1, 12.3 ], [ 38.2, 12.3 ], [ 38.2, 12.2 ], [ 38.3, 12.2 ], [ 38.3, 12.3 ], [ 38.3, 12.4 ], [ 38.4, 12.4 ], [ 38.4, 12.3 ], [ 38.4, 12.2 ], [ 38.4, 12.1 ], [ 38.4, 12.0 ], [ 38.5, 12.0 ], [ 38.6, 12.0 ], [ 38.6, 12.1 ], [ 38.6, 12.2 ], [ 38.6, 12.3 ], [ 38.5, 12.3 ], [ 38.5, 12.4 ], [ 38.6, 12.4 ], [ 38.6, 12.5 ], [ 38.7, 12.5 ], [ 38.7, 12.6 ], [ 38.8, 12.6 ], [ 38.8, 12.7 ], [ 38.9, 12.7 ], [ 38.9, 12.8 ], [ 39.0, 12.8 ], [ 39.1, 12.8 ], [ 39.1, 12.9 ], [ 39.2, 12.9 ], [ 39.2, 12.8 ], [ 39.3, 12.8 ], [ 39.3, 12.9 ], [ 39.3, 13.0 ], [ 39.2, 13.0 ], [ 39.2, 13.1 ], [ 39.3, 13.1 ], [ 39.3, 13.2 ], [ 39.2, 13.2 ], [ 39.2, 13.3 ], [ 39.1, 13.3 ], [ 39.1, 13.4 ], [ 39.1, 13.5 ], [ 39.1, 13.6 ], [ 39.0, 13.6 ], [ 39.0, 13.7 ], [ 39.1, 13.7 ], [ 39.2, 13.7 ], [ 39.2, 13.8 ], [ 39.3, 13.8 ], [ 39.3, 13.9 ], [ 39.3, 14.0 ], [ 39.3, 14.1 ], [ 39.2, 14.1 ], [ 39.2, 14.0 ], [ 39.1, 14.0 ], [ 39.0, 14.0 ], [ 39.0, 14.1 ], [ 38.9, 14.1 ], [ 38.9, 14.0 ], [ 38.8, 14.0 ], [ 38.8, 13.9 ], [ 38.7, 13.9 ], [ 38.7, 13.8 ], [ 38.6, 13.8 ], [ 38.6, 13.9 ], [ 38.5, 13.9 ], [ 38.4, 13.9 ], [ 38.4, 14.0 ], [ 38.3, 14.0 ], [ 38.3, 14.1 ], [ 38.3, 14.2 ], [ 38.4, 14.2 ], [ 38.5, 14.2 ], [ 38.6, 14.2 ], [ 38.7, 14.2 ], [ 38.8, 14.2 ], [ 38.8, 14.3 ], [ 38.9, 14.3 ], [ 38.9, 14.4 ], [ 39.0, 14.4 ], [ 39.0, 14.5 ], [ 38.9, 14.5 ], [ 38.8, 14.5 ], [ 38.7, 14.5 ], [ 38.7, 14.4 ], [ 38.6, 14.4 ], [ 38.5, 14.4 ], [ 38.4, 14.4 ], [ 38.4, 14.5 ], [ 38.4, 14.6 ], [ 38.4, 14.7 ], [ 38.3, 14.7 ], [ 38.3, 14.8 ], [ 38.3, 14.9 ], [ 38.2, 14.9 ], [ 38.2, 15.0 ], [ 38.2, 15.1 ], [ 38.3, 15.1 ], [ 38.4, 15.1 ], [ 38.5, 15.2 ], [ 38.5, 15.3 ], [ 38.5, 15.4 ], [ 38.4, 15.5 ], [ 38.4, 15.6 ], [ 38.4, 15.7 ], [ 38.4, 15.8 ], [ 38.4, 15.9 ], [ 38.3, 16.0 ], [ 38.3, 16.1 ], [ 38.3, 16.2 ], [ 38.4, 16.2 ], [ 38.3, 16.3 ], [ 38.2, 16.3 ], [ 38.2, 16.4 ], [ 38.2, 16.5 ], [ 38.2, 16.7 ], [ 38.2, 16.8 ], [ 38.1, 16.9 ], [ 38.1, 17.0 ], [ 38.0, 17.1 ], [ 37.9, 17.1 ], [ 37.9, 17.2 ], [ 37.9, 17.3 ], [ 37.9, 17.4 ], [ 37.9, 17.5 ], [ 37.8, 17.5 ], [ 37.8, 17.6 ], [ 37.7, 17.7 ], [ 37.8, 17.8 ], [ 37.9, 17.8 ], [ 37.9, 17.9 ], [ 38.0, 17.9 ], [ 38.1, 17.8 ], [ 38.2, 17.8 ], [ 38.3, 17.7 ], [ 38.3, 17.6 ], [ 38.3, 17.5 ], [ 38.3, 17.2 ], [ 38.3, 17.1 ], [ 38.4, 17.0 ], [ 38.4, 16.9 ], [ 38.5, 16.8 ], [ 38.5, 16.9 ], [ 38.6, 16.8 ], [ 38.5, 16.7 ], [ 38.5, 16.6 ], [ 38.6, 16.5 ], [ 38.6, 16.4 ], [ 38.6, 16.3 ], [ 38.6, 16.2 ], [ 38.6, 16.1 ], [ 38.7, 16.0 ], [ 38.8, 16.0 ], [ 38.8, 15.9 ], [ 38.9, 15.8 ], [ 38.9, 15.7 ], [ 39.0, 15.6 ], [ 39.1, 15.5 ], [ 39.1, 15.4 ], [ 39.2, 15.3 ], [ 39.2, 15.2 ], [ 39.3, 15.2 ], [ 39.4, 15.2 ], [ 39.5, 15.2 ], [ 39.5, 15.1 ], [ 39.6, 15.0 ], [ 39.7, 14.9 ], [ 39.7, 14.8 ], [ 39.7, 14.7 ], [ 39.7, 14.6 ], [ 39.7, 14.5 ], [ 39.7, 14.4 ], [ 39.7, 14.3 ], [ 39.8, 14.3 ], [ 39.8, 14.2 ], [ 39.7, 14.2 ], [ 39.7, 14.1 ], [ 39.8, 14.1 ], [ 39.8, 14.0 ], [ 39.8, 13.9 ], [ 39.9, 13.9 ], [ 39.9, 13.8 ], [ 39.8, 13.8 ], [ 39.8, 13.7 ], [ 39.8, 13.6 ], [ 39.8, 13.5 ], [ 39.7, 13.5 ], [ 39.7, 13.4 ], [ 39.7, 13.3 ], [ 39.7, 13.2 ], [ 39.8, 13.2 ], [ 39.8, 13.1 ], [ 39.8, 13.0 ], [ 39.7, 13.0 ], [ 39.7, 12.9 ], [ 39.7, 12.8 ], [ 39.6, 12.8 ], [ 39.6, 12.7 ], [ 39.6, 12.6 ], [ 39.6, 12.5 ], [ 39.5, 12.5 ], [ 39.5, 12.4 ], [ 39.5, 12.3 ], [ 39.5, 12.2 ], [ 39.6, 12.2 ], [ 39.6, 12.1 ], [ 39.6, 12.0 ], [ 39.6, 11.9 ], [ 39.5, 11.9 ], [ 39.5, 11.8 ], [ 39.6, 11.8 ], [ 39.7, 11.8 ], [ 39.7, 11.7 ], [ 39.6, 11.7 ], [ 39.6, 11.6 ], [ 39.6, 11.5 ], [ 39.6, 11.4 ], [ 39.7, 11.4 ], [ 39.8, 11.4 ], [ 39.9, 11.4 ], [ 39.9, 11.3 ], [ 39.9, 11.2 ], [ 39.8, 11.2 ], [ 39.8, 11.1 ], [ 39.9, 11.1 ], [ 39.9, 11.0 ], [ 39.9, 10.9 ], [ 39.8, 10.9 ], [ 39.8, 11.0 ], [ 39.7, 11.0 ], [ 39.7, 10.9 ], [ 39.7, 10.8 ], [ 39.8, 10.8 ], [ 39.9, 10.8 ], [ 40.0, 10.8 ], [ 40.0, 10.7 ], [ 40.0, 10.6 ], [ 39.9, 10.6 ], [ 39.9, 10.7 ], [ 39.8, 10.7 ], [ 39.8, 10.6 ], [ 39.8, 10.5 ], [ 39.9, 10.5 ], [ 39.9, 10.4 ], [ 39.9, 10.3 ], [ 39.9, 10.2 ], [ 39.9, 10.1 ], [ 39.8, 10.1 ], [ 39.8, 10.0 ], [ 39.8, 9.9 ], [ 39.8, 9.8 ], [ 39.8, 9.7 ], [ 39.8, 9.6 ], [ 39.8, 9.5 ], [ 39.7, 9.5 ], [ 39.6, 9.5 ], [ 39.6, 9.4 ], [ 39.7, 9.4 ], [ 39.7, 9.3 ], [ 39.7, 9.2 ], [ 39.6, 9.2 ], [ 39.6, 9.1 ], [ 39.5, 9.1 ], [ 39.5, 9.0 ], [ 39.4, 9.0 ], [ 39.4, 8.9 ], [ 39.4, 8.8 ], [ 39.4, 8.7 ], [ 39.3, 8.7 ], [ 39.3, 8.6 ], [ 39.2, 8.6 ], [ 39.2, 8.5 ], [ 39.1, 8.5 ], [ 39.1, 8.6 ], [ 39.0, 8.6 ], [ 38.9, 8.6 ], [ 38.9, 8.5 ], [ 38.8, 8.5 ], [ 38.7, 8.5 ], [ 38.7, 8.4 ], [ 38.7, 8.3 ], [ 38.7, 8.2 ], [ 38.7, 8.1 ], [ 38.6, 8.1 ], [ 38.6, 8.0 ], [ 38.7, 8.0 ], [ 38.7, 7.9 ], [ 38.6, 7.9 ], [ 38.5, 7.9 ], [ 38.5, 7.8 ], [ 38.4, 7.8 ], [ 38.4, 7.7 ], [ 38.3, 7.7 ], [ 38.3, 7.6 ], [ 38.4, 7.6 ], [ 38.4, 7.5 ], [ 38.4, 7.4 ], [ 38.3, 7.4 ], [ 38.3, 7.3 ], [ 38.4, 7.3 ], [ 38.4, 7.2 ], [ 38.3, 7.2 ], [ 38.3, 7.1 ], [ 38.3, 7.0 ], [ 38.4, 7.0 ], [ 38.5, 7.0 ], [ 38.6, 7.0 ], [ 38.6, 7.1 ], [ 38.5, 7.1 ], [ 38.5, 7.2 ], [ 38.5, 7.3 ], [ 38.6, 7.3 ], [ 38.6, 7.4 ], [ 38.7, 7.4 ], [ 38.8, 7.4 ], [ 38.8, 7.5 ], [ 38.8, 7.6 ], [ 38.8, 7.7 ], [ 38.8, 7.8 ], [ 38.9, 7.8 ], [ 38.9, 7.9 ], [ 39.0, 7.9 ], [ 39.0, 8.0 ], [ 39.1, 8.0 ], [ 39.1, 8.1 ], [ 39.0, 8.1 ], [ 39.0, 8.2 ], [ 39.0, 8.3 ], [ 39.1, 8.3 ], [ 39.1, 8.2 ], [ 39.2, 8.2 ], [ 39.3, 8.2 ], [ 39.4, 8.2 ], [ 39.4, 8.3 ], [ 39.5, 8.3 ], [ 39.5, 8.4 ], [ 39.6, 8.4 ], [ 39.7, 8.4 ], [ 39.7, 8.5 ], [ 39.8, 8.5 ], [ 39.9, 8.5 ], [ 40.0, 8.5 ], [ 40.0, 8.6 ], [ 40.1, 8.6 ], [ 40.1, 8.7 ], [ 40.2, 8.7 ], [ 40.3, 8.7 ], [ 40.3, 8.6 ], [ 40.3, 8.5 ], [ 40.2, 8.5 ], [ 40.2, 8.4 ], [ 40.1, 8.4 ], [ 40.1, 8.3 ], [ 40.1, 8.2 ], [ 40.0, 8.2 ], [ 40.0, 8.1 ], [ 40.0, 8.0 ], [ 40.1, 8.0 ], [ 40.1, 7.9 ], [ 40.1, 7.8 ], [ 40.1, 7.7 ], [ 40.1, 7.6 ], [ 40.2, 7.6 ], [ 40.3, 7.6 ], [ 40.3, 7.5 ], [ 40.4, 7.5 ], [ 40.4, 7.4 ], [ 40.5, 7.4 ], [ 40.5, 7.5 ], [ 40.6, 7.5 ], [ 40.7, 7.5 ], [ 40.7, 7.4 ], [ 40.8, 7.4 ], [ 40.8, 7.3 ], [ 40.8, 7.2 ], [ 40.7, 7.2 ], [ 40.7, 7.1 ], [ 40.7, 7.0 ], [ 40.6, 7.0 ], [ 40.6, 7.1 ], [ 40.6, 7.2 ], [ 40.5, 7.2 ], [ 40.5, 7.1 ], [ 40.5, 7.0 ], [ 40.5, 6.9 ], [ 40.5, 6.8 ], [ 40.5, 6.7 ], [ 40.4, 6.7 ], [ 40.4, 6.8 ], [ 40.3, 6.8 ], [ 40.3, 6.9 ], [ 40.2, 6.9 ], [ 40.2, 6.8 ], [ 40.1, 6.8 ], [ 40.0, 6.8 ], [ 40.0, 6.7 ], [ 39.9, 6.7 ], [ 39.8, 6.7 ], [ 39.7, 6.7 ], [ 39.7, 6.8 ], [ 39.6, 6.8 ], [ 39.5, 6.8 ], [ 39.5, 6.7 ], [ 39.4, 6.7 ], [ 39.4, 6.8 ], [ 39.3, 6.8 ], [ 39.2, 6.8 ], [ 39.1, 6.8 ], [ 39.1, 6.7 ], [ 39.0, 6.7 ], [ 38.9, 6.7 ], [ 38.9, 6.6 ], [ 38.8, 6.6 ], [ 38.8, 6.5 ], [ 38.8, 6.4 ], [ 38.7, 6.4 ], [ 38.6, 6.4 ], [ 38.6, 6.3 ], [ 38.5, 6.3 ], [ 38.5, 6.2 ], [ 38.5, 6.1 ], [ 38.4, 6.1 ], [ 38.4, 6.0 ], [ 38.3, 6.0 ], [ 38.3, 5.9 ], [ 38.2, 5.9 ], [ 38.2, 6.0 ], [ 38.2, 6.1 ], [ 38.1, 6.1 ], [ 38.1, 6.2 ], [ 38.2, 6.2 ], [ 38.2, 6.3 ], [ 38.3, 6.3 ], [ 38.3, 6.4 ], [ 38.3, 6.5 ], [ 38.3, 6.6 ], [ 38.3, 6.7 ], [ 38.4, 6.7 ], [ 38.4, 6.8 ], [ 38.3, 6.8 ], [ 38.3, 6.9 ], [ 38.2, 6.9 ], [ 38.2, 7.0 ], [ 38.2, 7.1 ], [ 38.2, 7.2 ], [ 38.2, 7.3 ], [ 38.1, 7.3 ], [ 38.0, 7.3 ], [ 38.0, 7.2 ], [ 38.0, 7.1 ], [ 38.0, 7.0 ], [ 38.1, 7.0 ], [ 38.1, 6.9 ], [ 38.0, 6.9 ], [ 37.9, 6.9 ], [ 37.8, 6.9 ], [ 37.8, 6.8 ], [ 37.9, 6.8 ], [ 37.9, 6.7 ], [ 37.8, 6.7 ], [ 37.7, 6.7 ], [ 37.7, 6.8 ], [ 37.6, 6.8 ], [ 37.5, 6.8 ], [ 37.5, 6.9 ], [ 37.6, 6.9 ], [ 37.6, 7.0 ], [ 37.6, 7.1 ], [ 37.7, 7.1 ], [ 37.8, 7.1 ], [ 37.8, 7.2 ], [ 37.7, 7.2 ], [ 37.6, 7.2 ] ], [ [ 37.6, 9.1 ], [ 37.6, 9.0 ], [ 37.7, 9.0 ], [ 37.7, 9.1 ], [ 37.6, 9.1 ] ], [ [ 38.0, 9.5 ], [ 37.9, 9.5 ], [ 37.9, 9.4 ], [ 38.0, 9.4 ], [ 38.1, 9.4 ], [ 38.1, 9.5 ], [ 38.0, 9.5 ] ], [ [ 38.6, 11.9 ], [ 38.7, 11.9 ], [ 38.7, 12.0 ], [ 38.6, 12.0 ], [ 38.6, 11.9 ] ], [ [ 39.1, 14.5 ], [ 39.2, 14.5 ], [ 39.2, 14.6 ], [ 39.1, 14.6 ], [ 39.0, 14.6 ], [ 39.0, 14.5 ], [ 39.1, 14.5 ] ], [ [ 39.6, 13.2 ], [ 39.6, 13.1 ], [ 39.7, 13.1 ], [ 39.7, 13.2 ], [ 39.6, 13.2 ] ], [ [ 39.4, 9.1 ], [ 39.3, 9.1 ], [ 39.3, 9.0 ], [ 39.4, 9.0 ], [ 39.4, 9.1 ] ], [ [ 39.3, 9.2 ], [ 39.2, 9.2 ], [ 39.2, 9.1 ], [ 39.3, 9.1 ], [ 39.3, 9.2 ] ], [ [ 38.2, 7.6 ], [ 38.2, 7.5 ], [ 38.3, 7.5 ], [ 38.3, 7.6 ], [ 38.2, 7.6 ] ], [ [ 40.0, 7.6 ], [ 40.0, 7.5 ], [ 40.0, 7.4 ], [ 40.1, 7.4 ], [ 40.2, 7.4 ], [ 40.2, 7.5 ], [ 40.1, 7.5 ], [ 40.1, 7.6 ], [ 40.0, 7.6 ] ], [ [ 38.4, 10.9 ], [ 38.4, 10.8 ], [ 38.3, 10.8 ], [ 38.3, 10.7 ], [ 38.3, 10.6 ], [ 38.3, 10.5 ], [ 38.4, 10.5 ], [ 38.5, 10.5 ], [ 38.5, 10.4 ], [ 38.4, 10.4 ], [ 38.4, 10.3 ], [ 38.4, 10.2 ], [ 38.3, 10.2 ], [ 38.3, 10.1 ], [ 38.4, 10.1 ], [ 38.4, 10.0 ], [ 38.5, 10.0 ], [ 38.6, 10.0 ], [ 38.7, 10.0 ], [ 38.7, 9.9 ], [ 38.7, 9.8 ], [ 38.8, 9.8 ], [ 38.8, 9.7 ], [ 38.9, 9.7 ], [ 38.9, 9.8 ], [ 39.0, 9.8 ], [ 39.0, 9.9 ], [ 39.1, 9.9 ], [ 39.1, 10.0 ], [ 39.2, 10.0 ], [ 39.2, 10.1 ], [ 39.1, 10.1 ], [ 39.1, 10.2 ], [ 39.0, 10.2 ], [ 39.0, 10.3 ], [ 39.1, 10.3 ], [ 39.1, 10.4 ], [ 39.0, 10.4 ], [ 38.9, 10.4 ], [ 38.8, 10.4 ], [ 38.8, 10.5 ], [ 38.9, 10.5 ], [ 38.9, 10.6 ], [ 38.8, 10.6 ], [ 38.8, 10.7 ], [ 38.7, 10.7 ], [ 38.7, 10.8 ], [ 38.8, 10.8 ], [ 38.8, 10.9 ], [ 38.7, 10.9 ], [ 38.6, 10.9 ], [ 38.6, 11.0 ], [ 38.7, 11.0 ], [ 38.7, 11.1 ], [ 38.7, 11.2 ], [ 38.7, 11.3 ], [ 38.7, 11.4 ], [ 38.6, 11.4 ], [ 38.6, 11.5 ], [ 38.5, 11.5 ], [ 38.5, 11.4 ], [ 38.5, 11.3 ], [ 38.4, 11.3 ], [ 38.4, 11.2 ], [ 38.3, 11.2 ], [ 38.2, 11.2 ], [ 38.1, 11.2 ], [ 38.0, 11.2 ], [ 37.9, 11.2 ], [ 37.9, 11.1 ], [ 38.0, 11.1 ], [ 38.1, 11.1 ], [ 38.1, 11.0 ], [ 38.2, 11.0 ], [ 38.2, 11.1 ], [ 38.3, 11.1 ], [ 38.3, 11.0 ], [ 38.4, 11.0 ], [ 38.4, 10.9 ] ], [ [ 38.6, 9.8 ], [ 38.6, 9.7 ], [ 38.7, 9.7 ], [ 38.7, 9.8 ], [ 38.6, 9.8 ] ], [ [ 38.7, 11.5 ], [ 38.7, 11.6 ], [ 38.7, 11.7 ], [ 38.6, 11.7 ], [ 38.6, 11.6 ], [ 38.6, 11.5 ], [ 38.7, 11.5 ] ], [ [ 38.5, 11.6 ], [ 38.4, 11.6 ], [ 38.4, 11.5 ], [ 38.5, 11.5 ], [ 38.5, 11.6 ] ], [ [ 37.9, 11.3 ], [ 37.8, 11.3 ], [ 37.7, 11.3 ], [ 37.7, 11.2 ], [ 37.7, 11.1 ], [ 37.8, 11.1 ], [ 37.8, 11.2 ], [ 37.9, 11.2 ], [ 37.9, 11.3 ] ], [ [ 38.0, 7.8 ], [ 38.0, 7.9 ], [ 37.9, 7.9 ], [ 37.9, 7.8 ], [ 38.0, 7.8 ] ], [ [ 38.1, 8.1 ], [ 38.1, 8.0 ], [ 38.2, 8.0 ], [ 38.3, 8.0 ], [ 38.3, 8.1 ], [ 38.3, 8.2 ], [ 38.3, 8.3 ], [ 38.2, 8.3 ], [ 38.2, 8.2 ], [ 38.1, 8.2 ], [ 38.1, 8.1 ] ], [ [ 37.9, 9.2 ], [ 38.0, 9.2 ], [ 38.0, 9.3 ], [ 37.9, 9.3 ], [ 37.9, 9.2 ] ], [ [ 38.4, 9.8 ], [ 38.3, 9.8 ], [ 38.3, 9.7 ], [ 38.3, 9.6 ], [ 38.4, 9.6 ], [ 38.4, 9.7 ], [ 38.4, 9.8 ] ], [ [ 38.3, 10.4 ], [ 38.2, 10.4 ], [ 38.2, 10.3 ], [ 38.3, 10.3 ], [ 38.3, 10.4 ] ], [ [ 38.0, 11.3 ], [ 38.1, 11.3 ], [ 38.1, 11.4 ], [ 38.0, 11.4 ], [ 38.0, 11.3 ] ], [ [ 37.7, 11.5 ], [ 37.6, 11.5 ], [ 37.5, 11.5 ], [ 37.5, 11.4 ], [ 37.6, 11.4 ], [ 37.7, 11.4 ], [ 37.7, 11.5 ] ], [ [ 39.2, 7.3 ], [ 39.2, 7.4 ], [ 39.1, 7.4 ], [ 39.1, 7.5 ], [ 39.0, 7.5 ], [ 39.0, 7.4 ], [ 39.0, 7.3 ], [ 39.1, 7.3 ], [ 39.2, 7.3 ] ], [ [ 39.0, 11.3 ], [ 39.0, 11.4 ], [ 38.9, 11.4 ], [ 38.8, 11.4 ], [ 38.8, 11.3 ], [ 38.9, 11.3 ], [ 39.0, 11.3 ] ], [ [ 39.1, 11.4 ], [ 39.2, 11.4 ], [ 39.2, 11.5 ], [ 39.1, 11.5 ], [ 39.1, 11.4 ] ], [ [ 38.8, 11.6 ], [ 38.8, 11.5 ], [ 38.9, 11.5 ], [ 38.9, 11.6 ], [ 38.8, 11.6 ] ], [ [ 39.1, 12.6 ], [ 39.1, 12.5 ], [ 39.2, 12.5 ], [ 39.2, 12.6 ], [ 39.1, 12.6 ] ], [ [ 39.3, 12.6 ], [ 39.3, 12.7 ], [ 39.2, 12.7 ], [ 39.2, 12.6 ], [ 39.3, 12.6 ] ], [ [ 39.1, 14.4 ], [ 39.1, 14.3 ], [ 39.2, 14.3 ], [ 39.2, 14.4 ], [ 39.1, 14.4 ] ], [ [ 39.9, 7.4 ], [ 39.9, 7.5 ], [ 39.8, 7.5 ], [ 39.7, 7.5 ], [ 39.6, 7.5 ], [ 39.6, 7.4 ], [ 39.7, 7.4 ], [ 39.8, 7.4 ], [ 39.9, 7.4 ] ], [ [ 39.6, 7.6 ], [ 39.7, 7.6 ], [ 39.7, 7.7 ], [ 39.6, 7.7 ], [ 39.6, 7.6 ] ], [ [ 39.5, 7.7 ], [ 39.5, 7.8 ], [ 39.5, 7.9 ], [ 39.5, 8.0 ], [ 39.4, 8.0 ], [ 39.3, 8.0 ], [ 39.2, 8.0 ], [ 39.2, 7.9 ], [ 39.2, 7.8 ], [ 39.3, 7.8 ], [ 39.3, 7.7 ], [ 39.3, 7.6 ], [ 39.3, 7.5 ], [ 39.3, 7.4 ], [ 39.3, 7.3 ], [ 39.4, 7.3 ], [ 39.4, 7.4 ], [ 39.4, 7.5 ], [ 39.4, 7.6 ], [ 39.4, 7.7 ], [ 39.5, 7.7 ] ], [ [ 39.7, 9.7 ], [ 39.6, 9.7 ], [ 39.6, 9.6 ], [ 39.7, 9.6 ], [ 39.7, 9.7 ] ], [ [ 39.3, 10.1 ], [ 39.4, 10.1 ], [ 39.4, 10.2 ], [ 39.3, 10.2 ], [ 39.3, 10.1 ] ], [ [ 39.3, 11.5 ], [ 39.3, 11.4 ], [ 39.4, 11.4 ], [ 39.4, 11.5 ], [ 39.3, 11.5 ] ], [ [ 39.4, 12.7 ], [ 39.4, 12.6 ], [ 39.5, 12.6 ], [ 39.5, 12.7 ], [ 39.4, 12.7 ] ], [ [ 39.3, 13.5 ], [ 39.4, 13.5 ], [ 39.4, 13.6 ], [ 39.3, 13.6 ], [ 39.3, 13.5 ] ] ], [ [ [ 38.9, 12.9 ], [ 38.9, 12.8 ], [ 38.8, 12.8 ], [ 38.8, 12.9 ], [ 38.9, 12.9 ] ] ], [ [ [ 38.9, 13.2 ], [ 38.9, 13.3 ], [ 39.0, 13.3 ], [ 39.0, 13.2 ], [ 38.9, 13.2 ] ] ], [ [ [ 38.3, 14.0 ], [ 38.3, 13.9 ], [ 38.2, 13.9 ], [ 38.2, 14.0 ], [ 38.3, 14.0 ] ] ], [ [ [ 39.0, 14.0 ], [ 39.0, 13.9 ], [ 38.9, 13.9 ], [ 38.9, 14.0 ], [ 39.0, 14.0 ] ] ], [ [ [ 38.3, 14.2 ], [ 38.2, 14.2 ], [ 38.2, 14.3 ], [ 38.3, 14.3 ], [ 38.3, 14.2 ] ] ], [ [ [ 38.2, 14.4 ], [ 38.2, 14.3 ], [ 38.1, 14.3 ], [ 38.1, 14.4 ], [ 38.2, 14.4 ] ] ], [ [ [ 47.2, -19.3 ], [ 47.2, -19.4 ], [ 47.1, -19.5 ], [ 47.1, -19.6 ], [ 47.1, -19.7 ], [ 47.0, -19.7 ], [ 46.9, -19.7 ], [ 46.9, -19.6 ], [ 47.0, -19.6 ], [ 47.0, -19.5 ], [ 47.0, -19.4 ], [ 47.1, -19.4 ], [ 47.1, -19.3 ], [ 47.2, -19.3 ] ] ], [ [ [ 49.1, -14.2 ], [ 49.2, -14.2 ], [ 49.2, -14.3 ], [ 49.1, -14.3 ], [ 49.1, -14.2 ] ] ], [ [ [ 48.9, -14.0 ], [ 49.0, -13.9 ], [ 49.0, -14.0 ], [ 49.0, -14.1 ], [ 49.0, -14.2 ], [ 48.9, -14.2 ], [ 48.9, -14.1 ], [ 48.9, -14.0 ] ] ], [ [ [ 40.6, 8.0 ], [ 40.7, 8.0 ], [ 40.7, 7.9 ], [ 40.6, 7.9 ], [ 40.6, 8.0 ] ] ], [ [ [ 39.5, 8.6 ], [ 39.5, 8.5 ], [ 39.4, 8.5 ], [ 39.4, 8.6 ], [ 39.5, 8.6 ] ] ], [ [ [ 41.5, 8.9 ], [ 41.5, 9.0 ], [ 41.6, 9.0 ], [ 41.6, 8.9 ], [ 41.5, 8.9 ] ] ], [ [ [ 42.1, 9.1 ], [ 42.1, 9.2 ], [ 42.2, 9.2 ], [ 42.2, 9.1 ], [ 42.1, 9.1 ] ] ], [ [ [ 41.0, 9.2 ], [ 41.0, 9.3 ], [ 41.0, 9.4 ], [ 41.1, 9.4 ], [ 41.1, 9.3 ], [ 41.2, 9.3 ], [ 41.2, 9.4 ], [ 41.3, 9.4 ], [ 41.4, 9.4 ], [ 41.5, 9.4 ], [ 41.5, 9.5 ], [ 41.6, 9.5 ], [ 41.7, 9.5 ], [ 41.8, 9.5 ], [ 41.9, 9.5 ], [ 42.0, 9.5 ], [ 42.1, 9.5 ], [ 42.1, 9.6 ], [ 42.2, 9.6 ], [ 42.3, 9.6 ], [ 42.4, 9.6 ], [ 42.5, 9.6 ], [ 42.6, 9.6 ], [ 42.7, 9.6 ], [ 42.7, 9.7 ], [ 42.8, 9.7 ], [ 42.9, 9.7 ], [ 42.9, 9.6 ], [ 42.9, 9.5 ], [ 42.8, 9.5 ], [ 42.7, 9.5 ], [ 42.7, 9.4 ], [ 42.6, 9.4 ], [ 42.5, 9.4 ], [ 42.4, 9.4 ], [ 42.3, 9.4 ], [ 42.2, 9.4 ], [ 42.2, 9.3 ], [ 42.1, 9.3 ], [ 42.0, 9.3 ], [ 41.9, 9.3 ], [ 41.9, 9.2 ], [ 41.9, 9.1 ], [ 41.9, 9.0 ], [ 41.9, 8.9 ], [ 41.8, 8.9 ], [ 41.8, 9.0 ], [ 41.7, 9.0 ], [ 41.6, 9.0 ], [ 41.6, 9.1 ], [ 41.5, 9.1 ], [ 41.5, 9.2 ], [ 41.4, 9.2 ], [ 41.4, 9.1 ], [ 41.4, 9.0 ], [ 41.3, 9.0 ], [ 41.3, 8.9 ], [ 41.2, 8.9 ], [ 41.1, 8.9 ], [ 41.0, 8.9 ], [ 41.0, 8.8 ], [ 40.9, 8.8 ], [ 40.9, 8.9 ], [ 40.8, 8.9 ], [ 40.7, 8.9 ], [ 40.6, 8.9 ], [ 40.6, 8.8 ], [ 40.7, 8.8 ], [ 40.7, 8.7 ], [ 40.6, 8.7 ], [ 40.5, 8.7 ], [ 40.5, 8.8 ], [ 40.5, 8.9 ], [ 40.5, 9.0 ], [ 40.6, 9.0 ], [ 40.7, 9.0 ], [ 40.7, 9.1 ], [ 40.8, 9.1 ], [ 40.9, 9.1 ], [ 40.9, 9.2 ], [ 41.0, 9.2 ] ], [ [ 41.3, 9.1 ], [ 41.2, 9.1 ], [ 41.2, 9.0 ], [ 41.3, 9.0 ], [ 41.3, 9.1 ] ] ], [ [ [ 43.2, 9.3 ], [ 43.1, 9.3 ], [ 43.1, 9.4 ], [ 43.2, 9.4 ], [ 43.2, 9.3 ] ] ], [ [ [ 39.8, 12.2 ], [ 39.8, 12.1 ], [ 39.7, 12.1 ], [ 39.7, 12.2 ], [ 39.7, 12.3 ], [ 39.8, 12.3 ], [ 39.8, 12.2 ] ] ], [ [ [ 39.0, 13.0 ], [ 39.1, 13.0 ], [ 39.1, 12.9 ], [ 39.0, 12.9 ], [ 39.0, 13.0 ] ] ], [ [ [ 40.0, 13.0 ], [ 39.9, 13.0 ], [ 39.9, 13.1 ], [ 40.0, 13.1 ], [ 40.0, 13.0 ] ] ] ] } }
]
}
